25-03-31.22:08:57.802 [main            ] WARN  ConfigurationUtils     -  [DUBBO] Config center was specified, but no config item found., dubbo version: 3.0.9, current host: 10.105.21.185
25-03-31.22:08:57.802 [main            ] WARN  ConfigurationUtils     -  [DUBBO] Config center was specified, but no config item found., dubbo version: 3.0.9, current host: 10.105.21.185
25-03-31.22:09:02.816 [main            ] WARN  ServiceConfig          -  [DUBBO] Use random available port(20880) for protocol dubbo, dubbo version: 3.0.9, current host: 10.105.21.185
25-03-31.22:09:04.202 [main            ] WARN  NacosRegistry          -  [DUBBO] Ignore empty notify urls for subscribe url provider://10.105.21.185:20880/cn.good.trigger.api.IRaffleStrategyService?anyhost=true&application=big-market&application.version=1.0&background=false&bind.ip=10.105.21.185&bind.port=20880&category=configurators&check=false&deprecated=false&dubbo=2.0.2&dynamic=true&generic=false&interface=cn.good.trigger.api.IRaffleStrategyService&methods=randomRaffle,strategyArmory,queryRaffleAwardList,queryRaffleStrategyRuleWeight&pid=7588&qos.enable=false&release=3.0.9&revision=1.0&service-name-mapping=true&side=provider&timestamp=1743430142810&version=1.0, dubbo version: 3.0.9, current host: 10.105.21.185
25-03-31.22:09:05.009 [main            ] WARN  NacosRegistry          -  [DUBBO] Ignore empty notify urls for subscribe url provider://10.105.21.185:20880/cn.good.trigger.api.IRaffleActivityService?anyhost=true&application=big-market&application.version=1.0&background=false&bind.ip=10.105.21.185&bind.port=20880&category=configurators&check=false&deprecated=false&dubbo=2.0.2&dynamic=true&generic=false&interface=cn.good.trigger.api.IRaffleActivityService&methods=drawList,queryUserActivityAccount,querySkuProductListByActivityId,creditPayExchangeSku,queryUserCreditAccount,armory,calendarSignRebate,draw,isCalendarSignRebate&pid=7588&qos.enable=false&release=3.0.9&revision=1.0&service-name-mapping=true&side=provider&timestamp=1743430144578&version=1.0, dubbo version: 3.0.9, current host: 10.105.21.185
25-03-31.22:09:05.417 [scheduling-1    ] ERROR EventPublisher         - 发送MQ消息失败 topic:null message :null
java.lang.NullPointerException: null
	at org.springframework.amqp.support.converter.SimpleMessageConverter.createMessage(SimpleMessageConverter.java:164)
	at org.springframework.amqp.support.converter.AbstractMessageConverter.createMessage(AbstractMessageConverter.java:88)
	at org.springframework.amqp.support.converter.AbstractMessageConverter.toMessage(AbstractMessageConverter.java:70)
	at org.springframework.amqp.support.converter.AbstractMessageConverter.toMessage(AbstractMessageConverter.java:58)
	at org.springframework.amqp.rabbit.core.RabbitTemplate.convertMessageIfNecessary(RabbitTemplate.java:1861)
	at org.springframework.amqp.rabbit.core.RabbitTemplate.convertAndSend(RabbitTemplate.java:1167)
	at org.springframework.amqp.rabbit.core.RabbitTemplate.convertAndSend(RabbitTemplate.java:1149)
	at cn.good.infrastructure.event.EventPublisher.publish(EventPublisher.java:35)
	at cn.good.infrastructure.persistent.repository.TaskRepository.sendMessage(TaskRepository.java:45)
	at cn.good.infrastructure.persistent.repository.TaskRepository$$FastClassBySpringCGLIB$$10d01039.invoke(<generated>)
	at org.springframework.cglib.proxy.MethodProxy.invoke(MethodProxy.java:218)
	at org.springframework.aop.framework.CglibAopProxy$CglibMethodInvocation.invokeJoinpoint(CglibAopProxy.java:793)
	at org.springframework.aop.framework.ReflectiveMethodInvocation.proceed(ReflectiveMethodInvocation.java:163)
	at org.springframework.aop.framework.CglibAopProxy$CglibMethodInvocation.proceed(CglibAopProxy.java:763)
	at org.springframework.dao.support.PersistenceExceptionTranslationInterceptor.invoke(PersistenceExceptionTranslationInterceptor.java:137)
	at org.springframework.aop.framework.ReflectiveMethodInvocation.proceed(ReflectiveMethodInvocation.java:186)
	at org.springframework.aop.framework.CglibAopProxy$CglibMethodInvocation.proceed(CglibAopProxy.java:763)
	at org.springframework.aop.framework.CglibAopProxy$DynamicAdvisedInterceptor.intercept(CglibAopProxy.java:708)
	at cn.good.infrastructure.persistent.repository.TaskRepository$$EnhancerBySpringCGLIB$$c784bfba.sendMessage(<generated>)
	at cn.good.domain.task.service.TaskService.sendMessage(TaskService.java:29)
	at cn.good.trigger.job.SendMessageTaskJob.exec_db01(SendMessageTaskJob.java:42)
	at sun.reflect.NativeMethodAccessorImpl.invoke0(Native Method)
	at sun.reflect.NativeMethodAccessorImpl.invoke(NativeMethodAccessorImpl.java:62)
	at sun.reflect.DelegatingMethodAccessorImpl.invoke(DelegatingMethodAccessorImpl.java:43)
	at java.lang.reflect.Method.invoke(Method.java:498)
	at org.springframework.scheduling.support.ScheduledMethodRunnable.run(ScheduledMethodRunnable.java:84)
	at org.springframework.scheduling.support.DelegatingErrorHandlingRunnable.run(DelegatingErrorHandlingRunnable.java:54)
	at org.springframework.scheduling.concurrent.ReschedulingRunnable.run(ReschedulingRunnable.java:95)
	at java.util.concurrent.Executors$RunnableAdapter.call(Executors.java:511)
	at java.util.concurrent.FutureTask.run(FutureTask.java:266)
	at java.util.concurrent.ScheduledThreadPoolExecutor$ScheduledFutureTask.access$201(ScheduledThreadPoolExecutor.java:180)
	at java.util.concurrent.ScheduledThreadPoolExecutor$ScheduledFutureTask.run(ScheduledThreadPoolExecutor.java:293)
	at java.util.concurrent.ThreadPoolExecutor.runWorker(ThreadPoolExecutor.java:1149)
	at java.util.concurrent.ThreadPoolExecutor$Worker.run(ThreadPoolExecutor.java:624)
	at java.lang.Thread.run(Thread.java:750)
25-03-31.22:09:05.420 [scheduling-1    ] ERROR SendMessageTaskJob     - 定时任务，发送MQ消息失败 userId: wkm topic: null
25-03-31.22:09:05.432 [scheduling-1    ] ERROR EventPublisher         - 发送MQ消息失败 topic:null message :null
java.lang.NullPointerException: null
	at org.springframework.amqp.support.converter.SimpleMessageConverter.createMessage(SimpleMessageConverter.java:164)
	at org.springframework.amqp.support.converter.AbstractMessageConverter.createMessage(AbstractMessageConverter.java:88)
	at org.springframework.amqp.support.converter.AbstractMessageConverter.toMessage(AbstractMessageConverter.java:70)
	at org.springframework.amqp.support.converter.AbstractMessageConverter.toMessage(AbstractMessageConverter.java:58)
	at org.springframework.amqp.rabbit.core.RabbitTemplate.convertMessageIfNecessary(RabbitTemplate.java:1861)
	at org.springframework.amqp.rabbit.core.RabbitTemplate.convertAndSend(RabbitTemplate.java:1167)
	at org.springframework.amqp.rabbit.core.RabbitTemplate.convertAndSend(RabbitTemplate.java:1149)
	at cn.good.infrastructure.event.EventPublisher.publish(EventPublisher.java:35)
	at cn.good.infrastructure.persistent.repository.TaskRepository.sendMessage(TaskRepository.java:45)
	at cn.good.infrastructure.persistent.repository.TaskRepository$$FastClassBySpringCGLIB$$10d01039.invoke(<generated>)
	at org.springframework.cglib.proxy.MethodProxy.invoke(MethodProxy.java:218)
	at org.springframework.aop.framework.CglibAopProxy$CglibMethodInvocation.invokeJoinpoint(CglibAopProxy.java:793)
	at org.springframework.aop.framework.ReflectiveMethodInvocation.proceed(ReflectiveMethodInvocation.java:163)
	at org.springframework.aop.framework.CglibAopProxy$CglibMethodInvocation.proceed(CglibAopProxy.java:763)
	at org.springframework.dao.support.PersistenceExceptionTranslationInterceptor.invoke(PersistenceExceptionTranslationInterceptor.java:137)
	at org.springframework.aop.framework.ReflectiveMethodInvocation.proceed(ReflectiveMethodInvocation.java:186)
	at org.springframework.aop.framework.CglibAopProxy$CglibMethodInvocation.proceed(CglibAopProxy.java:763)
	at org.springframework.aop.framework.CglibAopProxy$DynamicAdvisedInterceptor.intercept(CglibAopProxy.java:708)
	at cn.good.infrastructure.persistent.repository.TaskRepository$$EnhancerBySpringCGLIB$$c784bfba.sendMessage(<generated>)
	at cn.good.domain.task.service.TaskService.sendMessage(TaskService.java:29)
	at cn.good.trigger.job.SendMessageTaskJob.exec_db01(SendMessageTaskJob.java:42)
	at sun.reflect.NativeMethodAccessorImpl.invoke0(Native Method)
	at sun.reflect.NativeMethodAccessorImpl.invoke(NativeMethodAccessorImpl.java:62)
	at sun.reflect.DelegatingMethodAccessorImpl.invoke(DelegatingMethodAccessorImpl.java:43)
	at java.lang.reflect.Method.invoke(Method.java:498)
	at org.springframework.scheduling.support.ScheduledMethodRunnable.run(ScheduledMethodRunnable.java:84)
	at org.springframework.scheduling.support.DelegatingErrorHandlingRunnable.run(DelegatingErrorHandlingRunnable.java:54)
	at org.springframework.scheduling.concurrent.ReschedulingRunnable.run(ReschedulingRunnable.java:95)
	at java.util.concurrent.Executors$RunnableAdapter.call(Executors.java:511)
	at java.util.concurrent.FutureTask.run(FutureTask.java:266)
	at java.util.concurrent.ScheduledThreadPoolExecutor$ScheduledFutureTask.access$201(ScheduledThreadPoolExecutor.java:180)
	at java.util.concurrent.ScheduledThreadPoolExecutor$ScheduledFutureTask.run(ScheduledThreadPoolExecutor.java:293)
	at java.util.concurrent.ThreadPoolExecutor.runWorker(ThreadPoolExecutor.java:1149)
	at java.util.concurrent.ThreadPoolExecutor$Worker.run(ThreadPoolExecutor.java:624)
	at java.lang.Thread.run(Thread.java:750)
25-03-31.22:09:05.432 [scheduling-1    ] ERROR SendMessageTaskJob     - 定时任务，发送MQ消息失败 userId: wkm topic: null
25-03-31.22:09:05.434 [scheduling-1    ] ERROR EventPublisher         - 发送MQ消息失败 topic:null message :null
java.lang.NullPointerException: null
	at org.springframework.amqp.support.converter.SimpleMessageConverter.createMessage(SimpleMessageConverter.java:164)
	at org.springframework.amqp.support.converter.AbstractMessageConverter.createMessage(AbstractMessageConverter.java:88)
	at org.springframework.amqp.support.converter.AbstractMessageConverter.toMessage(AbstractMessageConverter.java:70)
	at org.springframework.amqp.support.converter.AbstractMessageConverter.toMessage(AbstractMessageConverter.java:58)
	at org.springframework.amqp.rabbit.core.RabbitTemplate.convertMessageIfNecessary(RabbitTemplate.java:1861)
	at org.springframework.amqp.rabbit.core.RabbitTemplate.convertAndSend(RabbitTemplate.java:1167)
	at org.springframework.amqp.rabbit.core.RabbitTemplate.convertAndSend(RabbitTemplate.java:1149)
	at cn.good.infrastructure.event.EventPublisher.publish(EventPublisher.java:35)
	at cn.good.infrastructure.persistent.repository.TaskRepository.sendMessage(TaskRepository.java:45)
	at cn.good.infrastructure.persistent.repository.TaskRepository$$FastClassBySpringCGLIB$$10d01039.invoke(<generated>)
	at org.springframework.cglib.proxy.MethodProxy.invoke(MethodProxy.java:218)
	at org.springframework.aop.framework.CglibAopProxy$CglibMethodInvocation.invokeJoinpoint(CglibAopProxy.java:793)
	at org.springframework.aop.framework.ReflectiveMethodInvocation.proceed(ReflectiveMethodInvocation.java:163)
	at org.springframework.aop.framework.CglibAopProxy$CglibMethodInvocation.proceed(CglibAopProxy.java:763)
	at org.springframework.dao.support.PersistenceExceptionTranslationInterceptor.invoke(PersistenceExceptionTranslationInterceptor.java:137)
	at org.springframework.aop.framework.ReflectiveMethodInvocation.proceed(ReflectiveMethodInvocation.java:186)
	at org.springframework.aop.framework.CglibAopProxy$CglibMethodInvocation.proceed(CglibAopProxy.java:763)
	at org.springframework.aop.framework.CglibAopProxy$DynamicAdvisedInterceptor.intercept(CglibAopProxy.java:708)
	at cn.good.infrastructure.persistent.repository.TaskRepository$$EnhancerBySpringCGLIB$$c784bfba.sendMessage(<generated>)
	at cn.good.domain.task.service.TaskService.sendMessage(TaskService.java:29)
	at cn.good.trigger.job.SendMessageTaskJob.exec_db01(SendMessageTaskJob.java:42)
	at sun.reflect.NativeMethodAccessorImpl.invoke0(Native Method)
	at sun.reflect.NativeMethodAccessorImpl.invoke(NativeMethodAccessorImpl.java:62)
	at sun.reflect.DelegatingMethodAccessorImpl.invoke(DelegatingMethodAccessorImpl.java:43)
	at java.lang.reflect.Method.invoke(Method.java:498)
	at org.springframework.scheduling.support.ScheduledMethodRunnable.run(ScheduledMethodRunnable.java:84)
	at org.springframework.scheduling.support.DelegatingErrorHandlingRunnable.run(DelegatingErrorHandlingRunnable.java:54)
	at org.springframework.scheduling.concurrent.ReschedulingRunnable.run(ReschedulingRunnable.java:95)
	at java.util.concurrent.Executors$RunnableAdapter.call(Executors.java:511)
	at java.util.concurrent.FutureTask.run(FutureTask.java:266)
	at java.util.concurrent.ScheduledThreadPoolExecutor$ScheduledFutureTask.access$201(ScheduledThreadPoolExecutor.java:180)
	at java.util.concurrent.ScheduledThreadPoolExecutor$ScheduledFutureTask.run(ScheduledThreadPoolExecutor.java:293)
	at java.util.concurrent.ThreadPoolExecutor.runWorker(ThreadPoolExecutor.java:1149)
	at java.util.concurrent.ThreadPoolExecutor$Worker.run(ThreadPoolExecutor.java:624)
	at java.lang.Thread.run(Thread.java:750)
25-03-31.22:09:05.434 [scheduling-1    ] ERROR SendMessageTaskJob     - 定时任务，发送MQ消息失败 userId: wkm topic: null
25-03-31.22:09:05.585 [main            ] WARN  NacosRegistry          -  [DUBBO] Ignore empty notify urls for subscribe url provider://10.105.21.185:20880/org.apache.dubbo.metadata.MetadataService?anyhost=true&application=big-market&application.version=1.0&background=false&bind.ip=10.105.21.185&bind.port=20880&category=configurators&check=false&connections=1&corethreads=2&delay=0&deprecated=false&dubbo=2.0.2&dynamic=true&executes=100&generic=false&getAndListenInstanceMetadata.1.callback=true&getAndListenInstanceMetadata.return=true&getAndListenInstanceMetadata.sent=true&group=big-market&interface=org.apache.dubbo.metadata.MetadataService&methods=getMetadataURL,isMetadataService,getAndListenInstanceMetadata,getExportedURLs,serviceName,version,getSubscribedURLs,getExportedServiceURLs,exportInstanceMetadata,getMetadataInfo,toSortedStrings,getMetadataInfos,getServiceDefinition,getInstanceMetadataChangedListenerMap&pid=7588&qos.enable=false&register=false&release=3.0.9&revision=3.0.9&service-name-mapping=true&side=provider&threadpool=cached&threads=100&timestamp=1743430145159&version=1.0.0, dubbo version: 3.0.9, current host: 10.105.21.185
25-03-31.22:09:10.016 [scheduling-1    ] ERROR EventPublisher         - 发送MQ消息失败 topic:null message :null
java.lang.NullPointerException: null
	at org.springframework.amqp.support.converter.SimpleMessageConverter.createMessage(SimpleMessageConverter.java:164)
	at org.springframework.amqp.support.converter.AbstractMessageConverter.createMessage(AbstractMessageConverter.java:88)
	at org.springframework.amqp.support.converter.AbstractMessageConverter.toMessage(AbstractMessageConverter.java:70)
	at org.springframework.amqp.support.converter.AbstractMessageConverter.toMessage(AbstractMessageConverter.java:58)
	at org.springframework.amqp.rabbit.core.RabbitTemplate.convertMessageIfNecessary(RabbitTemplate.java:1861)
	at org.springframework.amqp.rabbit.core.RabbitTemplate.convertAndSend(RabbitTemplate.java:1167)
	at org.springframework.amqp.rabbit.core.RabbitTemplate.convertAndSend(RabbitTemplate.java:1149)
	at cn.good.infrastructure.event.EventPublisher.publish(EventPublisher.java:35)
	at cn.good.infrastructure.persistent.repository.TaskRepository.sendMessage(TaskRepository.java:45)
	at cn.good.infrastructure.persistent.repository.TaskRepository$$FastClassBySpringCGLIB$$10d01039.invoke(<generated>)
	at org.springframework.cglib.proxy.MethodProxy.invoke(MethodProxy.java:218)
	at org.springframework.aop.framework.CglibAopProxy$CglibMethodInvocation.invokeJoinpoint(CglibAopProxy.java:793)
	at org.springframework.aop.framework.ReflectiveMethodInvocation.proceed(ReflectiveMethodInvocation.java:163)
	at org.springframework.aop.framework.CglibAopProxy$CglibMethodInvocation.proceed(CglibAopProxy.java:763)
	at org.springframework.dao.support.PersistenceExceptionTranslationInterceptor.invoke(PersistenceExceptionTranslationInterceptor.java:137)
	at org.springframework.aop.framework.ReflectiveMethodInvocation.proceed(ReflectiveMethodInvocation.java:186)
	at org.springframework.aop.framework.CglibAopProxy$CglibMethodInvocation.proceed(CglibAopProxy.java:763)
	at org.springframework.aop.framework.CglibAopProxy$DynamicAdvisedInterceptor.intercept(CglibAopProxy.java:708)
	at cn.good.infrastructure.persistent.repository.TaskRepository$$EnhancerBySpringCGLIB$$c784bfba.sendMessage(<generated>)
	at cn.good.domain.task.service.TaskService.sendMessage(TaskService.java:29)
	at cn.good.trigger.job.SendMessageTaskJob.exec_db01(SendMessageTaskJob.java:42)
	at sun.reflect.NativeMethodAccessorImpl.invoke0(Native Method)
	at sun.reflect.NativeMethodAccessorImpl.invoke(NativeMethodAccessorImpl.java:62)
	at sun.reflect.DelegatingMethodAccessorImpl.invoke(DelegatingMethodAccessorImpl.java:43)
	at java.lang.reflect.Method.invoke(Method.java:498)
	at org.springframework.scheduling.support.ScheduledMethodRunnable.run(ScheduledMethodRunnable.java:84)
	at org.springframework.scheduling.support.DelegatingErrorHandlingRunnable.run(DelegatingErrorHandlingRunnable.java:54)
	at org.springframework.scheduling.concurrent.ReschedulingRunnable.run(ReschedulingRunnable.java:95)
	at java.util.concurrent.Executors$RunnableAdapter.call(Executors.java:511)
	at java.util.concurrent.FutureTask.run(FutureTask.java:266)
	at java.util.concurrent.ScheduledThreadPoolExecutor$ScheduledFutureTask.access$201(ScheduledThreadPoolExecutor.java:180)
	at java.util.concurrent.ScheduledThreadPoolExecutor$ScheduledFutureTask.run(ScheduledThreadPoolExecutor.java:293)
	at java.util.concurrent.ThreadPoolExecutor.runWorker(ThreadPoolExecutor.java:1149)
	at java.util.concurrent.ThreadPoolExecutor$Worker.run(ThreadPoolExecutor.java:624)
	at java.lang.Thread.run(Thread.java:750)
25-03-31.22:09:10.016 [scheduling-1    ] ERROR SendMessageTaskJob     - 定时任务，发送MQ消息失败 userId: wkm topic: null
25-03-31.22:09:10.019 [scheduling-1    ] ERROR EventPublisher         - 发送MQ消息失败 topic:null message :null
java.lang.NullPointerException: null
	at org.springframework.amqp.support.converter.SimpleMessageConverter.createMessage(SimpleMessageConverter.java:164)
	at org.springframework.amqp.support.converter.AbstractMessageConverter.createMessage(AbstractMessageConverter.java:88)
	at org.springframework.amqp.support.converter.AbstractMessageConverter.toMessage(AbstractMessageConverter.java:70)
	at org.springframework.amqp.support.converter.AbstractMessageConverter.toMessage(AbstractMessageConverter.java:58)
	at org.springframework.amqp.rabbit.core.RabbitTemplate.convertMessageIfNecessary(RabbitTemplate.java:1861)
	at org.springframework.amqp.rabbit.core.RabbitTemplate.convertAndSend(RabbitTemplate.java:1167)
	at org.springframework.amqp.rabbit.core.RabbitTemplate.convertAndSend(RabbitTemplate.java:1149)
	at cn.good.infrastructure.event.EventPublisher.publish(EventPublisher.java:35)
	at cn.good.infrastructure.persistent.repository.TaskRepository.sendMessage(TaskRepository.java:45)
	at cn.good.infrastructure.persistent.repository.TaskRepository$$FastClassBySpringCGLIB$$10d01039.invoke(<generated>)
	at org.springframework.cglib.proxy.MethodProxy.invoke(MethodProxy.java:218)
	at org.springframework.aop.framework.CglibAopProxy$CglibMethodInvocation.invokeJoinpoint(CglibAopProxy.java:793)
	at org.springframework.aop.framework.ReflectiveMethodInvocation.proceed(ReflectiveMethodInvocation.java:163)
	at org.springframework.aop.framework.CglibAopProxy$CglibMethodInvocation.proceed(CglibAopProxy.java:763)
	at org.springframework.dao.support.PersistenceExceptionTranslationInterceptor.invoke(PersistenceExceptionTranslationInterceptor.java:137)
	at org.springframework.aop.framework.ReflectiveMethodInvocation.proceed(ReflectiveMethodInvocation.java:186)
	at org.springframework.aop.framework.CglibAopProxy$CglibMethodInvocation.proceed(CglibAopProxy.java:763)
	at org.springframework.aop.framework.CglibAopProxy$DynamicAdvisedInterceptor.intercept(CglibAopProxy.java:708)
	at cn.good.infrastructure.persistent.repository.TaskRepository$$EnhancerBySpringCGLIB$$c784bfba.sendMessage(<generated>)
	at cn.good.domain.task.service.TaskService.sendMessage(TaskService.java:29)
	at cn.good.trigger.job.SendMessageTaskJob.exec_db01(SendMessageTaskJob.java:42)
	at sun.reflect.NativeMethodAccessorImpl.invoke0(Native Method)
	at sun.reflect.NativeMethodAccessorImpl.invoke(NativeMethodAccessorImpl.java:62)
	at sun.reflect.DelegatingMethodAccessorImpl.invoke(DelegatingMethodAccessorImpl.java:43)
	at java.lang.reflect.Method.invoke(Method.java:498)
	at org.springframework.scheduling.support.ScheduledMethodRunnable.run(ScheduledMethodRunnable.java:84)
	at org.springframework.scheduling.support.DelegatingErrorHandlingRunnable.run(DelegatingErrorHandlingRunnable.java:54)
	at org.springframework.scheduling.concurrent.ReschedulingRunnable.run(ReschedulingRunnable.java:95)
	at java.util.concurrent.Executors$RunnableAdapter.call(Executors.java:511)
	at java.util.concurrent.FutureTask.run(FutureTask.java:266)
	at java.util.concurrent.ScheduledThreadPoolExecutor$ScheduledFutureTask.access$201(ScheduledThreadPoolExecutor.java:180)
	at java.util.concurrent.ScheduledThreadPoolExecutor$ScheduledFutureTask.run(ScheduledThreadPoolExecutor.java:293)
	at java.util.concurrent.ThreadPoolExecutor.runWorker(ThreadPoolExecutor.java:1149)
	at java.util.concurrent.ThreadPoolExecutor$Worker.run(ThreadPoolExecutor.java:624)
	at java.lang.Thread.run(Thread.java:750)
25-03-31.22:09:10.019 [scheduling-1    ] ERROR SendMessageTaskJob     - 定时任务，发送MQ消息失败 userId: wkm topic: null
25-03-31.22:09:10.028 [scheduling-1    ] ERROR EventPublisher         - 发送MQ消息失败 topic:null message :null
java.lang.NullPointerException: null
	at org.springframework.amqp.support.converter.SimpleMessageConverter.createMessage(SimpleMessageConverter.java:164)
	at org.springframework.amqp.support.converter.AbstractMessageConverter.createMessage(AbstractMessageConverter.java:88)
	at org.springframework.amqp.support.converter.AbstractMessageConverter.toMessage(AbstractMessageConverter.java:70)
	at org.springframework.amqp.support.converter.AbstractMessageConverter.toMessage(AbstractMessageConverter.java:58)
	at org.springframework.amqp.rabbit.core.RabbitTemplate.convertMessageIfNecessary(RabbitTemplate.java:1861)
	at org.springframework.amqp.rabbit.core.RabbitTemplate.convertAndSend(RabbitTemplate.java:1167)
	at org.springframework.amqp.rabbit.core.RabbitTemplate.convertAndSend(RabbitTemplate.java:1149)
	at cn.good.infrastructure.event.EventPublisher.publish(EventPublisher.java:35)
	at cn.good.infrastructure.persistent.repository.TaskRepository.sendMessage(TaskRepository.java:45)
	at cn.good.infrastructure.persistent.repository.TaskRepository$$FastClassBySpringCGLIB$$10d01039.invoke(<generated>)
	at org.springframework.cglib.proxy.MethodProxy.invoke(MethodProxy.java:218)
	at org.springframework.aop.framework.CglibAopProxy$CglibMethodInvocation.invokeJoinpoint(CglibAopProxy.java:793)
	at org.springframework.aop.framework.ReflectiveMethodInvocation.proceed(ReflectiveMethodInvocation.java:163)
	at org.springframework.aop.framework.CglibAopProxy$CglibMethodInvocation.proceed(CglibAopProxy.java:763)
	at org.springframework.dao.support.PersistenceExceptionTranslationInterceptor.invoke(PersistenceExceptionTranslationInterceptor.java:137)
	at org.springframework.aop.framework.ReflectiveMethodInvocation.proceed(ReflectiveMethodInvocation.java:186)
	at org.springframework.aop.framework.CglibAopProxy$CglibMethodInvocation.proceed(CglibAopProxy.java:763)
	at org.springframework.aop.framework.CglibAopProxy$DynamicAdvisedInterceptor.intercept(CglibAopProxy.java:708)
	at cn.good.infrastructure.persistent.repository.TaskRepository$$EnhancerBySpringCGLIB$$c784bfba.sendMessage(<generated>)
	at cn.good.domain.task.service.TaskService.sendMessage(TaskService.java:29)
	at cn.good.trigger.job.SendMessageTaskJob.exec_db01(SendMessageTaskJob.java:42)
	at sun.reflect.NativeMethodAccessorImpl.invoke0(Native Method)
	at sun.reflect.NativeMethodAccessorImpl.invoke(NativeMethodAccessorImpl.java:62)
	at sun.reflect.DelegatingMethodAccessorImpl.invoke(DelegatingMethodAccessorImpl.java:43)
	at java.lang.reflect.Method.invoke(Method.java:498)
	at org.springframework.scheduling.support.ScheduledMethodRunnable.run(ScheduledMethodRunnable.java:84)
	at org.springframework.scheduling.support.DelegatingErrorHandlingRunnable.run(DelegatingErrorHandlingRunnable.java:54)
	at org.springframework.scheduling.concurrent.ReschedulingRunnable.run(ReschedulingRunnable.java:95)
	at java.util.concurrent.Executors$RunnableAdapter.call(Executors.java:511)
	at java.util.concurrent.FutureTask.run(FutureTask.java:266)
	at java.util.concurrent.ScheduledThreadPoolExecutor$ScheduledFutureTask.access$201(ScheduledThreadPoolExecutor.java:180)
	at java.util.concurrent.ScheduledThreadPoolExecutor$ScheduledFutureTask.run(ScheduledThreadPoolExecutor.java:293)
	at java.util.concurrent.ThreadPoolExecutor.runWorker(ThreadPoolExecutor.java:1149)
	at java.util.concurrent.ThreadPoolExecutor$Worker.run(ThreadPoolExecutor.java:624)
	at java.lang.Thread.run(Thread.java:750)
25-03-31.22:09:10.028 [scheduling-1    ] ERROR SendMessageTaskJob     - 定时任务，发送MQ消息失败 userId: wkm topic: null
25-03-31.22:09:15.005 [scheduling-1    ] ERROR EventPublisher         - 发送MQ消息失败 topic:null message :null
java.lang.NullPointerException: null
	at org.springframework.amqp.support.converter.SimpleMessageConverter.createMessage(SimpleMessageConverter.java:164)
	at org.springframework.amqp.support.converter.AbstractMessageConverter.createMessage(AbstractMessageConverter.java:88)
	at org.springframework.amqp.support.converter.AbstractMessageConverter.toMessage(AbstractMessageConverter.java:70)
	at org.springframework.amqp.support.converter.AbstractMessageConverter.toMessage(AbstractMessageConverter.java:58)
	at org.springframework.amqp.rabbit.core.RabbitTemplate.convertMessageIfNecessary(RabbitTemplate.java:1861)
	at org.springframework.amqp.rabbit.core.RabbitTemplate.convertAndSend(RabbitTemplate.java:1167)
	at org.springframework.amqp.rabbit.core.RabbitTemplate.convertAndSend(RabbitTemplate.java:1149)
	at cn.good.infrastructure.event.EventPublisher.publish(EventPublisher.java:35)
	at cn.good.infrastructure.persistent.repository.TaskRepository.sendMessage(TaskRepository.java:45)
	at cn.good.infrastructure.persistent.repository.TaskRepository$$FastClassBySpringCGLIB$$10d01039.invoke(<generated>)
	at org.springframework.cglib.proxy.MethodProxy.invoke(MethodProxy.java:218)
	at org.springframework.aop.framework.CglibAopProxy$CglibMethodInvocation.invokeJoinpoint(CglibAopProxy.java:793)
	at org.springframework.aop.framework.ReflectiveMethodInvocation.proceed(ReflectiveMethodInvocation.java:163)
	at org.springframework.aop.framework.CglibAopProxy$CglibMethodInvocation.proceed(CglibAopProxy.java:763)
	at org.springframework.dao.support.PersistenceExceptionTranslationInterceptor.invoke(PersistenceExceptionTranslationInterceptor.java:137)
	at org.springframework.aop.framework.ReflectiveMethodInvocation.proceed(ReflectiveMethodInvocation.java:186)
	at org.springframework.aop.framework.CglibAopProxy$CglibMethodInvocation.proceed(CglibAopProxy.java:763)
	at org.springframework.aop.framework.CglibAopProxy$DynamicAdvisedInterceptor.intercept(CglibAopProxy.java:708)
	at cn.good.infrastructure.persistent.repository.TaskRepository$$EnhancerBySpringCGLIB$$c784bfba.sendMessage(<generated>)
	at cn.good.domain.task.service.TaskService.sendMessage(TaskService.java:29)
	at cn.good.trigger.job.SendMessageTaskJob.exec_db01(SendMessageTaskJob.java:42)
	at sun.reflect.NativeMethodAccessorImpl.invoke0(Native Method)
	at sun.reflect.NativeMethodAccessorImpl.invoke(NativeMethodAccessorImpl.java:62)
	at sun.reflect.DelegatingMethodAccessorImpl.invoke(DelegatingMethodAccessorImpl.java:43)
	at java.lang.reflect.Method.invoke(Method.java:498)
	at org.springframework.scheduling.support.ScheduledMethodRunnable.run(ScheduledMethodRunnable.java:84)
	at org.springframework.scheduling.support.DelegatingErrorHandlingRunnable.run(DelegatingErrorHandlingRunnable.java:54)
	at org.springframework.scheduling.concurrent.ReschedulingRunnable.run(ReschedulingRunnable.java:95)
	at java.util.concurrent.Executors$RunnableAdapter.call(Executors.java:511)
	at java.util.concurrent.FutureTask.run(FutureTask.java:266)
	at java.util.concurrent.ScheduledThreadPoolExecutor$ScheduledFutureTask.access$201(ScheduledThreadPoolExecutor.java:180)
	at java.util.concurrent.ScheduledThreadPoolExecutor$ScheduledFutureTask.run(ScheduledThreadPoolExecutor.java:293)
	at java.util.concurrent.ThreadPoolExecutor.runWorker(ThreadPoolExecutor.java:1149)
	at java.util.concurrent.ThreadPoolExecutor$Worker.run(ThreadPoolExecutor.java:624)
	at java.lang.Thread.run(Thread.java:750)
25-03-31.22:09:15.005 [scheduling-1    ] ERROR SendMessageTaskJob     - 定时任务，发送MQ消息失败 userId: wkm topic: null
25-03-31.22:09:15.005 [scheduling-1    ] ERROR EventPublisher         - 发送MQ消息失败 topic:null message :null
java.lang.NullPointerException: null
	at org.springframework.amqp.support.converter.SimpleMessageConverter.createMessage(SimpleMessageConverter.java:164)
	at org.springframework.amqp.support.converter.AbstractMessageConverter.createMessage(AbstractMessageConverter.java:88)
	at org.springframework.amqp.support.converter.AbstractMessageConverter.toMessage(AbstractMessageConverter.java:70)
	at org.springframework.amqp.support.converter.AbstractMessageConverter.toMessage(AbstractMessageConverter.java:58)
	at org.springframework.amqp.rabbit.core.RabbitTemplate.convertMessageIfNecessary(RabbitTemplate.java:1861)
	at org.springframework.amqp.rabbit.core.RabbitTemplate.convertAndSend(RabbitTemplate.java:1167)
	at org.springframework.amqp.rabbit.core.RabbitTemplate.convertAndSend(RabbitTemplate.java:1149)
	at cn.good.infrastructure.event.EventPublisher.publish(EventPublisher.java:35)
	at cn.good.infrastructure.persistent.repository.TaskRepository.sendMessage(TaskRepository.java:45)
	at cn.good.infrastructure.persistent.repository.TaskRepository$$FastClassBySpringCGLIB$$10d01039.invoke(<generated>)
	at org.springframework.cglib.proxy.MethodProxy.invoke(MethodProxy.java:218)
	at org.springframework.aop.framework.CglibAopProxy$CglibMethodInvocation.invokeJoinpoint(CglibAopProxy.java:793)
	at org.springframework.aop.framework.ReflectiveMethodInvocation.proceed(ReflectiveMethodInvocation.java:163)
	at org.springframework.aop.framework.CglibAopProxy$CglibMethodInvocation.proceed(CglibAopProxy.java:763)
	at org.springframework.dao.support.PersistenceExceptionTranslationInterceptor.invoke(PersistenceExceptionTranslationInterceptor.java:137)
	at org.springframework.aop.framework.ReflectiveMethodInvocation.proceed(ReflectiveMethodInvocation.java:186)
	at org.springframework.aop.framework.CglibAopProxy$CglibMethodInvocation.proceed(CglibAopProxy.java:763)
	at org.springframework.aop.framework.CglibAopProxy$DynamicAdvisedInterceptor.intercept(CglibAopProxy.java:708)
	at cn.good.infrastructure.persistent.repository.TaskRepository$$EnhancerBySpringCGLIB$$c784bfba.sendMessage(<generated>)
	at cn.good.domain.task.service.TaskService.sendMessage(TaskService.java:29)
	at cn.good.trigger.job.SendMessageTaskJob.exec_db01(SendMessageTaskJob.java:42)
	at sun.reflect.NativeMethodAccessorImpl.invoke0(Native Method)
	at sun.reflect.NativeMethodAccessorImpl.invoke(NativeMethodAccessorImpl.java:62)
	at sun.reflect.DelegatingMethodAccessorImpl.invoke(DelegatingMethodAccessorImpl.java:43)
	at java.lang.reflect.Method.invoke(Method.java:498)
	at org.springframework.scheduling.support.ScheduledMethodRunnable.run(ScheduledMethodRunnable.java:84)
	at org.springframework.scheduling.support.DelegatingErrorHandlingRunnable.run(DelegatingErrorHandlingRunnable.java:54)
	at org.springframework.scheduling.concurrent.ReschedulingRunnable.run(ReschedulingRunnable.java:95)
	at java.util.concurrent.Executors$RunnableAdapter.call(Executors.java:511)
	at java.util.concurrent.FutureTask.run(FutureTask.java:266)
	at java.util.concurrent.ScheduledThreadPoolExecutor$ScheduledFutureTask.access$201(ScheduledThreadPoolExecutor.java:180)
	at java.util.concurrent.ScheduledThreadPoolExecutor$ScheduledFutureTask.run(ScheduledThreadPoolExecutor.java:293)
	at java.util.concurrent.ThreadPoolExecutor.runWorker(ThreadPoolExecutor.java:1149)
	at java.util.concurrent.ThreadPoolExecutor$Worker.run(ThreadPoolExecutor.java:624)
	at java.lang.Thread.run(Thread.java:750)
25-03-31.22:09:15.005 [scheduling-1    ] ERROR SendMessageTaskJob     - 定时任务，发送MQ消息失败 userId: wkm topic: null
25-03-31.22:09:15.005 [scheduling-1    ] ERROR EventPublisher         - 发送MQ消息失败 topic:null message :null
java.lang.NullPointerException: null
	at org.springframework.amqp.support.converter.SimpleMessageConverter.createMessage(SimpleMessageConverter.java:164)
	at org.springframework.amqp.support.converter.AbstractMessageConverter.createMessage(AbstractMessageConverter.java:88)
	at org.springframework.amqp.support.converter.AbstractMessageConverter.toMessage(AbstractMessageConverter.java:70)
	at org.springframework.amqp.support.converter.AbstractMessageConverter.toMessage(AbstractMessageConverter.java:58)
	at org.springframework.amqp.rabbit.core.RabbitTemplate.convertMessageIfNecessary(RabbitTemplate.java:1861)
	at org.springframework.amqp.rabbit.core.RabbitTemplate.convertAndSend(RabbitTemplate.java:1167)
	at org.springframework.amqp.rabbit.core.RabbitTemplate.convertAndSend(RabbitTemplate.java:1149)
	at cn.good.infrastructure.event.EventPublisher.publish(EventPublisher.java:35)
	at cn.good.infrastructure.persistent.repository.TaskRepository.sendMessage(TaskRepository.java:45)
	at cn.good.infrastructure.persistent.repository.TaskRepository$$FastClassBySpringCGLIB$$10d01039.invoke(<generated>)
	at org.springframework.cglib.proxy.MethodProxy.invoke(MethodProxy.java:218)
	at org.springframework.aop.framework.CglibAopProxy$CglibMethodInvocation.invokeJoinpoint(CglibAopProxy.java:793)
	at org.springframework.aop.framework.ReflectiveMethodInvocation.proceed(ReflectiveMethodInvocation.java:163)
	at org.springframework.aop.framework.CglibAopProxy$CglibMethodInvocation.proceed(CglibAopProxy.java:763)
	at org.springframework.dao.support.PersistenceExceptionTranslationInterceptor.invoke(PersistenceExceptionTranslationInterceptor.java:137)
	at org.springframework.aop.framework.ReflectiveMethodInvocation.proceed(ReflectiveMethodInvocation.java:186)
	at org.springframework.aop.framework.CglibAopProxy$CglibMethodInvocation.proceed(CglibAopProxy.java:763)
	at org.springframework.aop.framework.CglibAopProxy$DynamicAdvisedInterceptor.intercept(CglibAopProxy.java:708)
	at cn.good.infrastructure.persistent.repository.TaskRepository$$EnhancerBySpringCGLIB$$c784bfba.sendMessage(<generated>)
	at cn.good.domain.task.service.TaskService.sendMessage(TaskService.java:29)
	at cn.good.trigger.job.SendMessageTaskJob.exec_db01(SendMessageTaskJob.java:42)
	at sun.reflect.NativeMethodAccessorImpl.invoke0(Native Method)
	at sun.reflect.NativeMethodAccessorImpl.invoke(NativeMethodAccessorImpl.java:62)
	at sun.reflect.DelegatingMethodAccessorImpl.invoke(DelegatingMethodAccessorImpl.java:43)
	at java.lang.reflect.Method.invoke(Method.java:498)
	at org.springframework.scheduling.support.ScheduledMethodRunnable.run(ScheduledMethodRunnable.java:84)
	at org.springframework.scheduling.support.DelegatingErrorHandlingRunnable.run(DelegatingErrorHandlingRunnable.java:54)
	at org.springframework.scheduling.concurrent.ReschedulingRunnable.run(ReschedulingRunnable.java:95)
	at java.util.concurrent.Executors$RunnableAdapter.call(Executors.java:511)
	at java.util.concurrent.FutureTask.run(FutureTask.java:266)
	at java.util.concurrent.ScheduledThreadPoolExecutor$ScheduledFutureTask.access$201(ScheduledThreadPoolExecutor.java:180)
	at java.util.concurrent.ScheduledThreadPoolExecutor$ScheduledFutureTask.run(ScheduledThreadPoolExecutor.java:293)
	at java.util.concurrent.ThreadPoolExecutor.runWorker(ThreadPoolExecutor.java:1149)
	at java.util.concurrent.ThreadPoolExecutor$Worker.run(ThreadPoolExecutor.java:624)
	at java.lang.Thread.run(Thread.java:750)
25-03-31.22:09:15.005 [scheduling-1    ] ERROR SendMessageTaskJob     - 定时任务，发送MQ消息失败 userId: wkm topic: null
25-03-31.22:09:20.016 [scheduling-1    ] ERROR EventPublisher         - 发送MQ消息失败 topic:null message :null
java.lang.NullPointerException: null
	at org.springframework.amqp.support.converter.SimpleMessageConverter.createMessage(SimpleMessageConverter.java:164)
	at org.springframework.amqp.support.converter.AbstractMessageConverter.createMessage(AbstractMessageConverter.java:88)
	at org.springframework.amqp.support.converter.AbstractMessageConverter.toMessage(AbstractMessageConverter.java:70)
	at org.springframework.amqp.support.converter.AbstractMessageConverter.toMessage(AbstractMessageConverter.java:58)
	at org.springframework.amqp.rabbit.core.RabbitTemplate.convertMessageIfNecessary(RabbitTemplate.java:1861)
	at org.springframework.amqp.rabbit.core.RabbitTemplate.convertAndSend(RabbitTemplate.java:1167)
	at org.springframework.amqp.rabbit.core.RabbitTemplate.convertAndSend(RabbitTemplate.java:1149)
	at cn.good.infrastructure.event.EventPublisher.publish(EventPublisher.java:35)
	at cn.good.infrastructure.persistent.repository.TaskRepository.sendMessage(TaskRepository.java:45)
	at cn.good.infrastructure.persistent.repository.TaskRepository$$FastClassBySpringCGLIB$$10d01039.invoke(<generated>)
	at org.springframework.cglib.proxy.MethodProxy.invoke(MethodProxy.java:218)
	at org.springframework.aop.framework.CglibAopProxy$CglibMethodInvocation.invokeJoinpoint(CglibAopProxy.java:793)
	at org.springframework.aop.framework.ReflectiveMethodInvocation.proceed(ReflectiveMethodInvocation.java:163)
	at org.springframework.aop.framework.CglibAopProxy$CglibMethodInvocation.proceed(CglibAopProxy.java:763)
	at org.springframework.dao.support.PersistenceExceptionTranslationInterceptor.invoke(PersistenceExceptionTranslationInterceptor.java:137)
	at org.springframework.aop.framework.ReflectiveMethodInvocation.proceed(ReflectiveMethodInvocation.java:186)
	at org.springframework.aop.framework.CglibAopProxy$CglibMethodInvocation.proceed(CglibAopProxy.java:763)
	at org.springframework.aop.framework.CglibAopProxy$DynamicAdvisedInterceptor.intercept(CglibAopProxy.java:708)
	at cn.good.infrastructure.persistent.repository.TaskRepository$$EnhancerBySpringCGLIB$$c784bfba.sendMessage(<generated>)
	at cn.good.domain.task.service.TaskService.sendMessage(TaskService.java:29)
	at cn.good.trigger.job.SendMessageTaskJob.exec_db01(SendMessageTaskJob.java:42)
	at sun.reflect.NativeMethodAccessorImpl.invoke0(Native Method)
	at sun.reflect.NativeMethodAccessorImpl.invoke(NativeMethodAccessorImpl.java:62)
	at sun.reflect.DelegatingMethodAccessorImpl.invoke(DelegatingMethodAccessorImpl.java:43)
	at java.lang.reflect.Method.invoke(Method.java:498)
	at org.springframework.scheduling.support.ScheduledMethodRunnable.run(ScheduledMethodRunnable.java:84)
	at org.springframework.scheduling.support.DelegatingErrorHandlingRunnable.run(DelegatingErrorHandlingRunnable.java:54)
	at org.springframework.scheduling.concurrent.ReschedulingRunnable.run(ReschedulingRunnable.java:95)
	at java.util.concurrent.Executors$RunnableAdapter.call(Executors.java:511)
	at java.util.concurrent.FutureTask.run(FutureTask.java:266)
	at java.util.concurrent.ScheduledThreadPoolExecutor$ScheduledFutureTask.access$201(ScheduledThreadPoolExecutor.java:180)
	at java.util.concurrent.ScheduledThreadPoolExecutor$ScheduledFutureTask.run(ScheduledThreadPoolExecutor.java:293)
	at java.util.concurrent.ThreadPoolExecutor.runWorker(ThreadPoolExecutor.java:1149)
	at java.util.concurrent.ThreadPoolExecutor$Worker.run(ThreadPoolExecutor.java:624)
	at java.lang.Thread.run(Thread.java:750)
25-03-31.22:09:20.016 [scheduling-1    ] ERROR SendMessageTaskJob     - 定时任务，发送MQ消息失败 userId: wkm topic: null
25-03-31.22:09:20.023 [scheduling-1    ] ERROR EventPublisher         - 发送MQ消息失败 topic:null message :null
java.lang.NullPointerException: null
	at org.springframework.amqp.support.converter.SimpleMessageConverter.createMessage(SimpleMessageConverter.java:164)
	at org.springframework.amqp.support.converter.AbstractMessageConverter.createMessage(AbstractMessageConverter.java:88)
	at org.springframework.amqp.support.converter.AbstractMessageConverter.toMessage(AbstractMessageConverter.java:70)
	at org.springframework.amqp.support.converter.AbstractMessageConverter.toMessage(AbstractMessageConverter.java:58)
	at org.springframework.amqp.rabbit.core.RabbitTemplate.convertMessageIfNecessary(RabbitTemplate.java:1861)
	at org.springframework.amqp.rabbit.core.RabbitTemplate.convertAndSend(RabbitTemplate.java:1167)
	at org.springframework.amqp.rabbit.core.RabbitTemplate.convertAndSend(RabbitTemplate.java:1149)
	at cn.good.infrastructure.event.EventPublisher.publish(EventPublisher.java:35)
	at cn.good.infrastructure.persistent.repository.TaskRepository.sendMessage(TaskRepository.java:45)
	at cn.good.infrastructure.persistent.repository.TaskRepository$$FastClassBySpringCGLIB$$10d01039.invoke(<generated>)
	at org.springframework.cglib.proxy.MethodProxy.invoke(MethodProxy.java:218)
	at org.springframework.aop.framework.CglibAopProxy$CglibMethodInvocation.invokeJoinpoint(CglibAopProxy.java:793)
	at org.springframework.aop.framework.ReflectiveMethodInvocation.proceed(ReflectiveMethodInvocation.java:163)
	at org.springframework.aop.framework.CglibAopProxy$CglibMethodInvocation.proceed(CglibAopProxy.java:763)
	at org.springframework.dao.support.PersistenceExceptionTranslationInterceptor.invoke(PersistenceExceptionTranslationInterceptor.java:137)
	at org.springframework.aop.framework.ReflectiveMethodInvocation.proceed(ReflectiveMethodInvocation.java:186)
	at org.springframework.aop.framework.CglibAopProxy$CglibMethodInvocation.proceed(CglibAopProxy.java:763)
	at org.springframework.aop.framework.CglibAopProxy$DynamicAdvisedInterceptor.intercept(CglibAopProxy.java:708)
	at cn.good.infrastructure.persistent.repository.TaskRepository$$EnhancerBySpringCGLIB$$c784bfba.sendMessage(<generated>)
	at cn.good.domain.task.service.TaskService.sendMessage(TaskService.java:29)
	at cn.good.trigger.job.SendMessageTaskJob.exec_db01(SendMessageTaskJob.java:42)
	at sun.reflect.NativeMethodAccessorImpl.invoke0(Native Method)
	at sun.reflect.NativeMethodAccessorImpl.invoke(NativeMethodAccessorImpl.java:62)
	at sun.reflect.DelegatingMethodAccessorImpl.invoke(DelegatingMethodAccessorImpl.java:43)
	at java.lang.reflect.Method.invoke(Method.java:498)
	at org.springframework.scheduling.support.ScheduledMethodRunnable.run(ScheduledMethodRunnable.java:84)
	at org.springframework.scheduling.support.DelegatingErrorHandlingRunnable.run(DelegatingErrorHandlingRunnable.java:54)
	at org.springframework.scheduling.concurrent.ReschedulingRunnable.run(ReschedulingRunnable.java:95)
	at java.util.concurrent.Executors$RunnableAdapter.call(Executors.java:511)
	at java.util.concurrent.FutureTask.run(FutureTask.java:266)
	at java.util.concurrent.ScheduledThreadPoolExecutor$ScheduledFutureTask.access$201(ScheduledThreadPoolExecutor.java:180)
	at java.util.concurrent.ScheduledThreadPoolExecutor$ScheduledFutureTask.run(ScheduledThreadPoolExecutor.java:293)
	at java.util.concurrent.ThreadPoolExecutor.runWorker(ThreadPoolExecutor.java:1149)
	at java.util.concurrent.ThreadPoolExecutor$Worker.run(ThreadPoolExecutor.java:624)
	at java.lang.Thread.run(Thread.java:750)
25-03-31.22:09:20.023 [scheduling-1    ] ERROR SendMessageTaskJob     - 定时任务，发送MQ消息失败 userId: wkm topic: null
25-03-31.22:09:20.026 [scheduling-1    ] ERROR EventPublisher         - 发送MQ消息失败 topic:null message :null
java.lang.NullPointerException: null
	at org.springframework.amqp.support.converter.SimpleMessageConverter.createMessage(SimpleMessageConverter.java:164)
	at org.springframework.amqp.support.converter.AbstractMessageConverter.createMessage(AbstractMessageConverter.java:88)
	at org.springframework.amqp.support.converter.AbstractMessageConverter.toMessage(AbstractMessageConverter.java:70)
	at org.springframework.amqp.support.converter.AbstractMessageConverter.toMessage(AbstractMessageConverter.java:58)
	at org.springframework.amqp.rabbit.core.RabbitTemplate.convertMessageIfNecessary(RabbitTemplate.java:1861)
	at org.springframework.amqp.rabbit.core.RabbitTemplate.convertAndSend(RabbitTemplate.java:1167)
	at org.springframework.amqp.rabbit.core.RabbitTemplate.convertAndSend(RabbitTemplate.java:1149)
	at cn.good.infrastructure.event.EventPublisher.publish(EventPublisher.java:35)
	at cn.good.infrastructure.persistent.repository.TaskRepository.sendMessage(TaskRepository.java:45)
	at cn.good.infrastructure.persistent.repository.TaskRepository$$FastClassBySpringCGLIB$$10d01039.invoke(<generated>)
	at org.springframework.cglib.proxy.MethodProxy.invoke(MethodProxy.java:218)
	at org.springframework.aop.framework.CglibAopProxy$CglibMethodInvocation.invokeJoinpoint(CglibAopProxy.java:793)
	at org.springframework.aop.framework.ReflectiveMethodInvocation.proceed(ReflectiveMethodInvocation.java:163)
	at org.springframework.aop.framework.CglibAopProxy$CglibMethodInvocation.proceed(CglibAopProxy.java:763)
	at org.springframework.dao.support.PersistenceExceptionTranslationInterceptor.invoke(PersistenceExceptionTranslationInterceptor.java:137)
	at org.springframework.aop.framework.ReflectiveMethodInvocation.proceed(ReflectiveMethodInvocation.java:186)
	at org.springframework.aop.framework.CglibAopProxy$CglibMethodInvocation.proceed(CglibAopProxy.java:763)
	at org.springframework.aop.framework.CglibAopProxy$DynamicAdvisedInterceptor.intercept(CglibAopProxy.java:708)
	at cn.good.infrastructure.persistent.repository.TaskRepository$$EnhancerBySpringCGLIB$$c784bfba.sendMessage(<generated>)
	at cn.good.domain.task.service.TaskService.sendMessage(TaskService.java:29)
	at cn.good.trigger.job.SendMessageTaskJob.exec_db01(SendMessageTaskJob.java:42)
	at sun.reflect.NativeMethodAccessorImpl.invoke0(Native Method)
	at sun.reflect.NativeMethodAccessorImpl.invoke(NativeMethodAccessorImpl.java:62)
	at sun.reflect.DelegatingMethodAccessorImpl.invoke(DelegatingMethodAccessorImpl.java:43)
	at java.lang.reflect.Method.invoke(Method.java:498)
	at org.springframework.scheduling.support.ScheduledMethodRunnable.run(ScheduledMethodRunnable.java:84)
	at org.springframework.scheduling.support.DelegatingErrorHandlingRunnable.run(DelegatingErrorHandlingRunnable.java:54)
	at org.springframework.scheduling.concurrent.ReschedulingRunnable.run(ReschedulingRunnable.java:95)
	at java.util.concurrent.Executors$RunnableAdapter.call(Executors.java:511)
	at java.util.concurrent.FutureTask.run(FutureTask.java:266)
	at java.util.concurrent.ScheduledThreadPoolExecutor$ScheduledFutureTask.access$201(ScheduledThreadPoolExecutor.java:180)
	at java.util.concurrent.ScheduledThreadPoolExecutor$ScheduledFutureTask.run(ScheduledThreadPoolExecutor.java:293)
	at java.util.concurrent.ThreadPoolExecutor.runWorker(ThreadPoolExecutor.java:1149)
	at java.util.concurrent.ThreadPoolExecutor$Worker.run(ThreadPoolExecutor.java:624)
	at java.lang.Thread.run(Thread.java:750)
25-03-31.22:09:20.026 [scheduling-1    ] ERROR SendMessageTaskJob     - 定时任务，发送MQ消息失败 userId: wkm topic: null
25-03-31.22:09:25.006 [scheduling-1    ] ERROR EventPublisher         - 发送MQ消息失败 topic:null message :null
java.lang.NullPointerException: null
	at org.springframework.amqp.support.converter.SimpleMessageConverter.createMessage(SimpleMessageConverter.java:164)
	at org.springframework.amqp.support.converter.AbstractMessageConverter.createMessage(AbstractMessageConverter.java:88)
	at org.springframework.amqp.support.converter.AbstractMessageConverter.toMessage(AbstractMessageConverter.java:70)
	at org.springframework.amqp.support.converter.AbstractMessageConverter.toMessage(AbstractMessageConverter.java:58)
	at org.springframework.amqp.rabbit.core.RabbitTemplate.convertMessageIfNecessary(RabbitTemplate.java:1861)
	at org.springframework.amqp.rabbit.core.RabbitTemplate.convertAndSend(RabbitTemplate.java:1167)
	at org.springframework.amqp.rabbit.core.RabbitTemplate.convertAndSend(RabbitTemplate.java:1149)
	at cn.good.infrastructure.event.EventPublisher.publish(EventPublisher.java:35)
	at cn.good.infrastructure.persistent.repository.TaskRepository.sendMessage(TaskRepository.java:45)
	at cn.good.infrastructure.persistent.repository.TaskRepository$$FastClassBySpringCGLIB$$10d01039.invoke(<generated>)
	at org.springframework.cglib.proxy.MethodProxy.invoke(MethodProxy.java:218)
	at org.springframework.aop.framework.CglibAopProxy$CglibMethodInvocation.invokeJoinpoint(CglibAopProxy.java:793)
	at org.springframework.aop.framework.ReflectiveMethodInvocation.proceed(ReflectiveMethodInvocation.java:163)
	at org.springframework.aop.framework.CglibAopProxy$CglibMethodInvocation.proceed(CglibAopProxy.java:763)
	at org.springframework.dao.support.PersistenceExceptionTranslationInterceptor.invoke(PersistenceExceptionTranslationInterceptor.java:137)
	at org.springframework.aop.framework.ReflectiveMethodInvocation.proceed(ReflectiveMethodInvocation.java:186)
	at org.springframework.aop.framework.CglibAopProxy$CglibMethodInvocation.proceed(CglibAopProxy.java:763)
	at org.springframework.aop.framework.CglibAopProxy$DynamicAdvisedInterceptor.intercept(CglibAopProxy.java:708)
	at cn.good.infrastructure.persistent.repository.TaskRepository$$EnhancerBySpringCGLIB$$c784bfba.sendMessage(<generated>)
	at cn.good.domain.task.service.TaskService.sendMessage(TaskService.java:29)
	at cn.good.trigger.job.SendMessageTaskJob.exec_db01(SendMessageTaskJob.java:42)
	at sun.reflect.NativeMethodAccessorImpl.invoke0(Native Method)
	at sun.reflect.NativeMethodAccessorImpl.invoke(NativeMethodAccessorImpl.java:62)
	at sun.reflect.DelegatingMethodAccessorImpl.invoke(DelegatingMethodAccessorImpl.java:43)
	at java.lang.reflect.Method.invoke(Method.java:498)
	at org.springframework.scheduling.support.ScheduledMethodRunnable.run(ScheduledMethodRunnable.java:84)
	at org.springframework.scheduling.support.DelegatingErrorHandlingRunnable.run(DelegatingErrorHandlingRunnable.java:54)
	at org.springframework.scheduling.concurrent.ReschedulingRunnable.run(ReschedulingRunnable.java:95)
	at java.util.concurrent.Executors$RunnableAdapter.call(Executors.java:511)
	at java.util.concurrent.FutureTask.run(FutureTask.java:266)
	at java.util.concurrent.ScheduledThreadPoolExecutor$ScheduledFutureTask.access$201(ScheduledThreadPoolExecutor.java:180)
	at java.util.concurrent.ScheduledThreadPoolExecutor$ScheduledFutureTask.run(ScheduledThreadPoolExecutor.java:293)
	at java.util.concurrent.ThreadPoolExecutor.runWorker(ThreadPoolExecutor.java:1149)
	at java.util.concurrent.ThreadPoolExecutor$Worker.run(ThreadPoolExecutor.java:624)
	at java.lang.Thread.run(Thread.java:750)
25-03-31.22:09:25.006 [scheduling-1    ] ERROR SendMessageTaskJob     - 定时任务，发送MQ消息失败 userId: wkm topic: null
25-03-31.22:09:25.008 [scheduling-1    ] ERROR EventPublisher         - 发送MQ消息失败 topic:null message :null
java.lang.NullPointerException: null
	at org.springframework.amqp.support.converter.SimpleMessageConverter.createMessage(SimpleMessageConverter.java:164)
	at org.springframework.amqp.support.converter.AbstractMessageConverter.createMessage(AbstractMessageConverter.java:88)
	at org.springframework.amqp.support.converter.AbstractMessageConverter.toMessage(AbstractMessageConverter.java:70)
	at org.springframework.amqp.support.converter.AbstractMessageConverter.toMessage(AbstractMessageConverter.java:58)
	at org.springframework.amqp.rabbit.core.RabbitTemplate.convertMessageIfNecessary(RabbitTemplate.java:1861)
	at org.springframework.amqp.rabbit.core.RabbitTemplate.convertAndSend(RabbitTemplate.java:1167)
	at org.springframework.amqp.rabbit.core.RabbitTemplate.convertAndSend(RabbitTemplate.java:1149)
	at cn.good.infrastructure.event.EventPublisher.publish(EventPublisher.java:35)
	at cn.good.infrastructure.persistent.repository.TaskRepository.sendMessage(TaskRepository.java:45)
	at cn.good.infrastructure.persistent.repository.TaskRepository$$FastClassBySpringCGLIB$$10d01039.invoke(<generated>)
	at org.springframework.cglib.proxy.MethodProxy.invoke(MethodProxy.java:218)
	at org.springframework.aop.framework.CglibAopProxy$CglibMethodInvocation.invokeJoinpoint(CglibAopProxy.java:793)
	at org.springframework.aop.framework.ReflectiveMethodInvocation.proceed(ReflectiveMethodInvocation.java:163)
	at org.springframework.aop.framework.CglibAopProxy$CglibMethodInvocation.proceed(CglibAopProxy.java:763)
	at org.springframework.dao.support.PersistenceExceptionTranslationInterceptor.invoke(PersistenceExceptionTranslationInterceptor.java:137)
	at org.springframework.aop.framework.ReflectiveMethodInvocation.proceed(ReflectiveMethodInvocation.java:186)
	at org.springframework.aop.framework.CglibAopProxy$CglibMethodInvocation.proceed(CglibAopProxy.java:763)
	at org.springframework.aop.framework.CglibAopProxy$DynamicAdvisedInterceptor.intercept(CglibAopProxy.java:708)
	at cn.good.infrastructure.persistent.repository.TaskRepository$$EnhancerBySpringCGLIB$$c784bfba.sendMessage(<generated>)
	at cn.good.domain.task.service.TaskService.sendMessage(TaskService.java:29)
	at cn.good.trigger.job.SendMessageTaskJob.exec_db01(SendMessageTaskJob.java:42)
	at sun.reflect.NativeMethodAccessorImpl.invoke0(Native Method)
	at sun.reflect.NativeMethodAccessorImpl.invoke(NativeMethodAccessorImpl.java:62)
	at sun.reflect.DelegatingMethodAccessorImpl.invoke(DelegatingMethodAccessorImpl.java:43)
	at java.lang.reflect.Method.invoke(Method.java:498)
	at org.springframework.scheduling.support.ScheduledMethodRunnable.run(ScheduledMethodRunnable.java:84)
	at org.springframework.scheduling.support.DelegatingErrorHandlingRunnable.run(DelegatingErrorHandlingRunnable.java:54)
	at org.springframework.scheduling.concurrent.ReschedulingRunnable.run(ReschedulingRunnable.java:95)
	at java.util.concurrent.Executors$RunnableAdapter.call(Executors.java:511)
	at java.util.concurrent.FutureTask.run(FutureTask.java:266)
	at java.util.concurrent.ScheduledThreadPoolExecutor$ScheduledFutureTask.access$201(ScheduledThreadPoolExecutor.java:180)
	at java.util.concurrent.ScheduledThreadPoolExecutor$ScheduledFutureTask.run(ScheduledThreadPoolExecutor.java:293)
	at java.util.concurrent.ThreadPoolExecutor.runWorker(ThreadPoolExecutor.java:1149)
	at java.util.concurrent.ThreadPoolExecutor$Worker.run(ThreadPoolExecutor.java:624)
	at java.lang.Thread.run(Thread.java:750)
25-03-31.22:09:25.008 [scheduling-1    ] ERROR SendMessageTaskJob     - 定时任务，发送MQ消息失败 userId: wkm topic: null
25-03-31.22:09:25.010 [scheduling-1    ] ERROR EventPublisher         - 发送MQ消息失败 topic:null message :null
java.lang.NullPointerException: null
	at org.springframework.amqp.support.converter.SimpleMessageConverter.createMessage(SimpleMessageConverter.java:164)
	at org.springframework.amqp.support.converter.AbstractMessageConverter.createMessage(AbstractMessageConverter.java:88)
	at org.springframework.amqp.support.converter.AbstractMessageConverter.toMessage(AbstractMessageConverter.java:70)
	at org.springframework.amqp.support.converter.AbstractMessageConverter.toMessage(AbstractMessageConverter.java:58)
	at org.springframework.amqp.rabbit.core.RabbitTemplate.convertMessageIfNecessary(RabbitTemplate.java:1861)
	at org.springframework.amqp.rabbit.core.RabbitTemplate.convertAndSend(RabbitTemplate.java:1167)
	at org.springframework.amqp.rabbit.core.RabbitTemplate.convertAndSend(RabbitTemplate.java:1149)
	at cn.good.infrastructure.event.EventPublisher.publish(EventPublisher.java:35)
	at cn.good.infrastructure.persistent.repository.TaskRepository.sendMessage(TaskRepository.java:45)
	at cn.good.infrastructure.persistent.repository.TaskRepository$$FastClassBySpringCGLIB$$10d01039.invoke(<generated>)
	at org.springframework.cglib.proxy.MethodProxy.invoke(MethodProxy.java:218)
	at org.springframework.aop.framework.CglibAopProxy$CglibMethodInvocation.invokeJoinpoint(CglibAopProxy.java:793)
	at org.springframework.aop.framework.ReflectiveMethodInvocation.proceed(ReflectiveMethodInvocation.java:163)
	at org.springframework.aop.framework.CglibAopProxy$CglibMethodInvocation.proceed(CglibAopProxy.java:763)
	at org.springframework.dao.support.PersistenceExceptionTranslationInterceptor.invoke(PersistenceExceptionTranslationInterceptor.java:137)
	at org.springframework.aop.framework.ReflectiveMethodInvocation.proceed(ReflectiveMethodInvocation.java:186)
	at org.springframework.aop.framework.CglibAopProxy$CglibMethodInvocation.proceed(CglibAopProxy.java:763)
	at org.springframework.aop.framework.CglibAopProxy$DynamicAdvisedInterceptor.intercept(CglibAopProxy.java:708)
	at cn.good.infrastructure.persistent.repository.TaskRepository$$EnhancerBySpringCGLIB$$c784bfba.sendMessage(<generated>)
	at cn.good.domain.task.service.TaskService.sendMessage(TaskService.java:29)
	at cn.good.trigger.job.SendMessageTaskJob.exec_db01(SendMessageTaskJob.java:42)
	at sun.reflect.NativeMethodAccessorImpl.invoke0(Native Method)
	at sun.reflect.NativeMethodAccessorImpl.invoke(NativeMethodAccessorImpl.java:62)
	at sun.reflect.DelegatingMethodAccessorImpl.invoke(DelegatingMethodAccessorImpl.java:43)
	at java.lang.reflect.Method.invoke(Method.java:498)
	at org.springframework.scheduling.support.ScheduledMethodRunnable.run(ScheduledMethodRunnable.java:84)
	at org.springframework.scheduling.support.DelegatingErrorHandlingRunnable.run(DelegatingErrorHandlingRunnable.java:54)
	at org.springframework.scheduling.concurrent.ReschedulingRunnable.run(ReschedulingRunnable.java:95)
	at java.util.concurrent.Executors$RunnableAdapter.call(Executors.java:511)
	at java.util.concurrent.FutureTask.run(FutureTask.java:266)
	at java.util.concurrent.ScheduledThreadPoolExecutor$ScheduledFutureTask.access$201(ScheduledThreadPoolExecutor.java:180)
	at java.util.concurrent.ScheduledThreadPoolExecutor$ScheduledFutureTask.run(ScheduledThreadPoolExecutor.java:293)
	at java.util.concurrent.ThreadPoolExecutor.runWorker(ThreadPoolExecutor.java:1149)
	at java.util.concurrent.ThreadPoolExecutor$Worker.run(ThreadPoolExecutor.java:624)
	at java.lang.Thread.run(Thread.java:750)
25-03-31.22:09:25.010 [scheduling-1    ] ERROR SendMessageTaskJob     - 定时任务，发送MQ消息失败 userId: wkm topic: null
25-03-31.22:09:30.017 [scheduling-1    ] ERROR EventPublisher         - 发送MQ消息失败 topic:null message :null
java.lang.NullPointerException: null
	at org.springframework.amqp.support.converter.SimpleMessageConverter.createMessage(SimpleMessageConverter.java:164)
	at org.springframework.amqp.support.converter.AbstractMessageConverter.createMessage(AbstractMessageConverter.java:88)
	at org.springframework.amqp.support.converter.AbstractMessageConverter.toMessage(AbstractMessageConverter.java:70)
	at org.springframework.amqp.support.converter.AbstractMessageConverter.toMessage(AbstractMessageConverter.java:58)
	at org.springframework.amqp.rabbit.core.RabbitTemplate.convertMessageIfNecessary(RabbitTemplate.java:1861)
	at org.springframework.amqp.rabbit.core.RabbitTemplate.convertAndSend(RabbitTemplate.java:1167)
	at org.springframework.amqp.rabbit.core.RabbitTemplate.convertAndSend(RabbitTemplate.java:1149)
	at cn.good.infrastructure.event.EventPublisher.publish(EventPublisher.java:35)
	at cn.good.infrastructure.persistent.repository.TaskRepository.sendMessage(TaskRepository.java:45)
	at cn.good.infrastructure.persistent.repository.TaskRepository$$FastClassBySpringCGLIB$$10d01039.invoke(<generated>)
	at org.springframework.cglib.proxy.MethodProxy.invoke(MethodProxy.java:218)
	at org.springframework.aop.framework.CglibAopProxy$CglibMethodInvocation.invokeJoinpoint(CglibAopProxy.java:793)
	at org.springframework.aop.framework.ReflectiveMethodInvocation.proceed(ReflectiveMethodInvocation.java:163)
	at org.springframework.aop.framework.CglibAopProxy$CglibMethodInvocation.proceed(CglibAopProxy.java:763)
	at org.springframework.dao.support.PersistenceExceptionTranslationInterceptor.invoke(PersistenceExceptionTranslationInterceptor.java:137)
	at org.springframework.aop.framework.ReflectiveMethodInvocation.proceed(ReflectiveMethodInvocation.java:186)
	at org.springframework.aop.framework.CglibAopProxy$CglibMethodInvocation.proceed(CglibAopProxy.java:763)
	at org.springframework.aop.framework.CglibAopProxy$DynamicAdvisedInterceptor.intercept(CglibAopProxy.java:708)
	at cn.good.infrastructure.persistent.repository.TaskRepository$$EnhancerBySpringCGLIB$$c784bfba.sendMessage(<generated>)
	at cn.good.domain.task.service.TaskService.sendMessage(TaskService.java:29)
	at cn.good.trigger.job.SendMessageTaskJob.exec_db01(SendMessageTaskJob.java:42)
	at sun.reflect.NativeMethodAccessorImpl.invoke0(Native Method)
	at sun.reflect.NativeMethodAccessorImpl.invoke(NativeMethodAccessorImpl.java:62)
	at sun.reflect.DelegatingMethodAccessorImpl.invoke(DelegatingMethodAccessorImpl.java:43)
	at java.lang.reflect.Method.invoke(Method.java:498)
	at org.springframework.scheduling.support.ScheduledMethodRunnable.run(ScheduledMethodRunnable.java:84)
	at org.springframework.scheduling.support.DelegatingErrorHandlingRunnable.run(DelegatingErrorHandlingRunnable.java:54)
	at org.springframework.scheduling.concurrent.ReschedulingRunnable.run(ReschedulingRunnable.java:95)
	at java.util.concurrent.Executors$RunnableAdapter.call(Executors.java:511)
	at java.util.concurrent.FutureTask.run(FutureTask.java:266)
	at java.util.concurrent.ScheduledThreadPoolExecutor$ScheduledFutureTask.access$201(ScheduledThreadPoolExecutor.java:180)
	at java.util.concurrent.ScheduledThreadPoolExecutor$ScheduledFutureTask.run(ScheduledThreadPoolExecutor.java:293)
	at java.util.concurrent.ThreadPoolExecutor.runWorker(ThreadPoolExecutor.java:1149)
	at java.util.concurrent.ThreadPoolExecutor$Worker.run(ThreadPoolExecutor.java:624)
	at java.lang.Thread.run(Thread.java:750)
25-03-31.22:09:30.017 [scheduling-1    ] ERROR SendMessageTaskJob     - 定时任务，发送MQ消息失败 userId: wkm topic: null
25-03-31.22:09:30.033 [scheduling-1    ] ERROR EventPublisher         - 发送MQ消息失败 topic:null message :null
java.lang.NullPointerException: null
	at org.springframework.amqp.support.converter.SimpleMessageConverter.createMessage(SimpleMessageConverter.java:164)
	at org.springframework.amqp.support.converter.AbstractMessageConverter.createMessage(AbstractMessageConverter.java:88)
	at org.springframework.amqp.support.converter.AbstractMessageConverter.toMessage(AbstractMessageConverter.java:70)
	at org.springframework.amqp.support.converter.AbstractMessageConverter.toMessage(AbstractMessageConverter.java:58)
	at org.springframework.amqp.rabbit.core.RabbitTemplate.convertMessageIfNecessary(RabbitTemplate.java:1861)
	at org.springframework.amqp.rabbit.core.RabbitTemplate.convertAndSend(RabbitTemplate.java:1167)
	at org.springframework.amqp.rabbit.core.RabbitTemplate.convertAndSend(RabbitTemplate.java:1149)
	at cn.good.infrastructure.event.EventPublisher.publish(EventPublisher.java:35)
	at cn.good.infrastructure.persistent.repository.TaskRepository.sendMessage(TaskRepository.java:45)
	at cn.good.infrastructure.persistent.repository.TaskRepository$$FastClassBySpringCGLIB$$10d01039.invoke(<generated>)
	at org.springframework.cglib.proxy.MethodProxy.invoke(MethodProxy.java:218)
	at org.springframework.aop.framework.CglibAopProxy$CglibMethodInvocation.invokeJoinpoint(CglibAopProxy.java:793)
	at org.springframework.aop.framework.ReflectiveMethodInvocation.proceed(ReflectiveMethodInvocation.java:163)
	at org.springframework.aop.framework.CglibAopProxy$CglibMethodInvocation.proceed(CglibAopProxy.java:763)
	at org.springframework.dao.support.PersistenceExceptionTranslationInterceptor.invoke(PersistenceExceptionTranslationInterceptor.java:137)
	at org.springframework.aop.framework.ReflectiveMethodInvocation.proceed(ReflectiveMethodInvocation.java:186)
	at org.springframework.aop.framework.CglibAopProxy$CglibMethodInvocation.proceed(CglibAopProxy.java:763)
	at org.springframework.aop.framework.CglibAopProxy$DynamicAdvisedInterceptor.intercept(CglibAopProxy.java:708)
	at cn.good.infrastructure.persistent.repository.TaskRepository$$EnhancerBySpringCGLIB$$c784bfba.sendMessage(<generated>)
	at cn.good.domain.task.service.TaskService.sendMessage(TaskService.java:29)
	at cn.good.trigger.job.SendMessageTaskJob.exec_db01(SendMessageTaskJob.java:42)
	at sun.reflect.NativeMethodAccessorImpl.invoke0(Native Method)
	at sun.reflect.NativeMethodAccessorImpl.invoke(NativeMethodAccessorImpl.java:62)
	at sun.reflect.DelegatingMethodAccessorImpl.invoke(DelegatingMethodAccessorImpl.java:43)
	at java.lang.reflect.Method.invoke(Method.java:498)
	at org.springframework.scheduling.support.ScheduledMethodRunnable.run(ScheduledMethodRunnable.java:84)
	at org.springframework.scheduling.support.DelegatingErrorHandlingRunnable.run(DelegatingErrorHandlingRunnable.java:54)
	at org.springframework.scheduling.concurrent.ReschedulingRunnable.run(ReschedulingRunnable.java:95)
	at java.util.concurrent.Executors$RunnableAdapter.call(Executors.java:511)
	at java.util.concurrent.FutureTask.run(FutureTask.java:266)
	at java.util.concurrent.ScheduledThreadPoolExecutor$ScheduledFutureTask.access$201(ScheduledThreadPoolExecutor.java:180)
	at java.util.concurrent.ScheduledThreadPoolExecutor$ScheduledFutureTask.run(ScheduledThreadPoolExecutor.java:293)
	at java.util.concurrent.ThreadPoolExecutor.runWorker(ThreadPoolExecutor.java:1149)
	at java.util.concurrent.ThreadPoolExecutor$Worker.run(ThreadPoolExecutor.java:624)
	at java.lang.Thread.run(Thread.java:750)
25-03-31.22:09:30.033 [scheduling-1    ] ERROR SendMessageTaskJob     - 定时任务，发送MQ消息失败 userId: wkm topic: null
25-03-31.22:09:30.033 [scheduling-1    ] ERROR EventPublisher         - 发送MQ消息失败 topic:null message :null
java.lang.NullPointerException: null
	at org.springframework.amqp.support.converter.SimpleMessageConverter.createMessage(SimpleMessageConverter.java:164)
	at org.springframework.amqp.support.converter.AbstractMessageConverter.createMessage(AbstractMessageConverter.java:88)
	at org.springframework.amqp.support.converter.AbstractMessageConverter.toMessage(AbstractMessageConverter.java:70)
	at org.springframework.amqp.support.converter.AbstractMessageConverter.toMessage(AbstractMessageConverter.java:58)
	at org.springframework.amqp.rabbit.core.RabbitTemplate.convertMessageIfNecessary(RabbitTemplate.java:1861)
	at org.springframework.amqp.rabbit.core.RabbitTemplate.convertAndSend(RabbitTemplate.java:1167)
	at org.springframework.amqp.rabbit.core.RabbitTemplate.convertAndSend(RabbitTemplate.java:1149)
	at cn.good.infrastructure.event.EventPublisher.publish(EventPublisher.java:35)
	at cn.good.infrastructure.persistent.repository.TaskRepository.sendMessage(TaskRepository.java:45)
	at cn.good.infrastructure.persistent.repository.TaskRepository$$FastClassBySpringCGLIB$$10d01039.invoke(<generated>)
	at org.springframework.cglib.proxy.MethodProxy.invoke(MethodProxy.java:218)
	at org.springframework.aop.framework.CglibAopProxy$CglibMethodInvocation.invokeJoinpoint(CglibAopProxy.java:793)
	at org.springframework.aop.framework.ReflectiveMethodInvocation.proceed(ReflectiveMethodInvocation.java:163)
	at org.springframework.aop.framework.CglibAopProxy$CglibMethodInvocation.proceed(CglibAopProxy.java:763)
	at org.springframework.dao.support.PersistenceExceptionTranslationInterceptor.invoke(PersistenceExceptionTranslationInterceptor.java:137)
	at org.springframework.aop.framework.ReflectiveMethodInvocation.proceed(ReflectiveMethodInvocation.java:186)
	at org.springframework.aop.framework.CglibAopProxy$CglibMethodInvocation.proceed(CglibAopProxy.java:763)
	at org.springframework.aop.framework.CglibAopProxy$DynamicAdvisedInterceptor.intercept(CglibAopProxy.java:708)
	at cn.good.infrastructure.persistent.repository.TaskRepository$$EnhancerBySpringCGLIB$$c784bfba.sendMessage(<generated>)
	at cn.good.domain.task.service.TaskService.sendMessage(TaskService.java:29)
	at cn.good.trigger.job.SendMessageTaskJob.exec_db01(SendMessageTaskJob.java:42)
	at sun.reflect.NativeMethodAccessorImpl.invoke0(Native Method)
	at sun.reflect.NativeMethodAccessorImpl.invoke(NativeMethodAccessorImpl.java:62)
	at sun.reflect.DelegatingMethodAccessorImpl.invoke(DelegatingMethodAccessorImpl.java:43)
	at java.lang.reflect.Method.invoke(Method.java:498)
	at org.springframework.scheduling.support.ScheduledMethodRunnable.run(ScheduledMethodRunnable.java:84)
	at org.springframework.scheduling.support.DelegatingErrorHandlingRunnable.run(DelegatingErrorHandlingRunnable.java:54)
	at org.springframework.scheduling.concurrent.ReschedulingRunnable.run(ReschedulingRunnable.java:95)
	at java.util.concurrent.Executors$RunnableAdapter.call(Executors.java:511)
	at java.util.concurrent.FutureTask.run(FutureTask.java:266)
	at java.util.concurrent.ScheduledThreadPoolExecutor$ScheduledFutureTask.access$201(ScheduledThreadPoolExecutor.java:180)
	at java.util.concurrent.ScheduledThreadPoolExecutor$ScheduledFutureTask.run(ScheduledThreadPoolExecutor.java:293)
	at java.util.concurrent.ThreadPoolExecutor.runWorker(ThreadPoolExecutor.java:1149)
	at java.util.concurrent.ThreadPoolExecutor$Worker.run(ThreadPoolExecutor.java:624)
	at java.lang.Thread.run(Thread.java:750)
25-03-31.22:09:30.033 [scheduling-1    ] ERROR SendMessageTaskJob     - 定时任务，发送MQ消息失败 userId: wkm topic: null
25-03-31.22:09:35.022 [scheduling-1    ] ERROR EventPublisher         - 发送MQ消息失败 topic:null message :null
java.lang.NullPointerException: null
	at org.springframework.amqp.support.converter.SimpleMessageConverter.createMessage(SimpleMessageConverter.java:164)
	at org.springframework.amqp.support.converter.AbstractMessageConverter.createMessage(AbstractMessageConverter.java:88)
	at org.springframework.amqp.support.converter.AbstractMessageConverter.toMessage(AbstractMessageConverter.java:70)
	at org.springframework.amqp.support.converter.AbstractMessageConverter.toMessage(AbstractMessageConverter.java:58)
	at org.springframework.amqp.rabbit.core.RabbitTemplate.convertMessageIfNecessary(RabbitTemplate.java:1861)
	at org.springframework.amqp.rabbit.core.RabbitTemplate.convertAndSend(RabbitTemplate.java:1167)
	at org.springframework.amqp.rabbit.core.RabbitTemplate.convertAndSend(RabbitTemplate.java:1149)
	at cn.good.infrastructure.event.EventPublisher.publish(EventPublisher.java:35)
	at cn.good.infrastructure.persistent.repository.TaskRepository.sendMessage(TaskRepository.java:45)
	at cn.good.infrastructure.persistent.repository.TaskRepository$$FastClassBySpringCGLIB$$10d01039.invoke(<generated>)
	at org.springframework.cglib.proxy.MethodProxy.invoke(MethodProxy.java:218)
	at org.springframework.aop.framework.CglibAopProxy$CglibMethodInvocation.invokeJoinpoint(CglibAopProxy.java:793)
	at org.springframework.aop.framework.ReflectiveMethodInvocation.proceed(ReflectiveMethodInvocation.java:163)
	at org.springframework.aop.framework.CglibAopProxy$CglibMethodInvocation.proceed(CglibAopProxy.java:763)
	at org.springframework.dao.support.PersistenceExceptionTranslationInterceptor.invoke(PersistenceExceptionTranslationInterceptor.java:137)
	at org.springframework.aop.framework.ReflectiveMethodInvocation.proceed(ReflectiveMethodInvocation.java:186)
	at org.springframework.aop.framework.CglibAopProxy$CglibMethodInvocation.proceed(CglibAopProxy.java:763)
	at org.springframework.aop.framework.CglibAopProxy$DynamicAdvisedInterceptor.intercept(CglibAopProxy.java:708)
	at cn.good.infrastructure.persistent.repository.TaskRepository$$EnhancerBySpringCGLIB$$c784bfba.sendMessage(<generated>)
	at cn.good.domain.task.service.TaskService.sendMessage(TaskService.java:29)
	at cn.good.trigger.job.SendMessageTaskJob.exec_db01(SendMessageTaskJob.java:42)
	at sun.reflect.NativeMethodAccessorImpl.invoke0(Native Method)
	at sun.reflect.NativeMethodAccessorImpl.invoke(NativeMethodAccessorImpl.java:62)
	at sun.reflect.DelegatingMethodAccessorImpl.invoke(DelegatingMethodAccessorImpl.java:43)
	at java.lang.reflect.Method.invoke(Method.java:498)
	at org.springframework.scheduling.support.ScheduledMethodRunnable.run(ScheduledMethodRunnable.java:84)
	at org.springframework.scheduling.support.DelegatingErrorHandlingRunnable.run(DelegatingErrorHandlingRunnable.java:54)
	at org.springframework.scheduling.concurrent.ReschedulingRunnable.run(ReschedulingRunnable.java:95)
	at java.util.concurrent.Executors$RunnableAdapter.call(Executors.java:511)
	at java.util.concurrent.FutureTask.run(FutureTask.java:266)
	at java.util.concurrent.ScheduledThreadPoolExecutor$ScheduledFutureTask.access$201(ScheduledThreadPoolExecutor.java:180)
	at java.util.concurrent.ScheduledThreadPoolExecutor$ScheduledFutureTask.run(ScheduledThreadPoolExecutor.java:293)
	at java.util.concurrent.ThreadPoolExecutor.runWorker(ThreadPoolExecutor.java:1149)
	at java.util.concurrent.ThreadPoolExecutor$Worker.run(ThreadPoolExecutor.java:624)
	at java.lang.Thread.run(Thread.java:750)
25-03-31.22:09:35.022 [scheduling-1    ] ERROR SendMessageTaskJob     - 定时任务，发送MQ消息失败 userId: wkm topic: null
25-03-31.22:09:35.025 [scheduling-1    ] ERROR EventPublisher         - 发送MQ消息失败 topic:null message :null
java.lang.NullPointerException: null
	at org.springframework.amqp.support.converter.SimpleMessageConverter.createMessage(SimpleMessageConverter.java:164)
	at org.springframework.amqp.support.converter.AbstractMessageConverter.createMessage(AbstractMessageConverter.java:88)
	at org.springframework.amqp.support.converter.AbstractMessageConverter.toMessage(AbstractMessageConverter.java:70)
	at org.springframework.amqp.support.converter.AbstractMessageConverter.toMessage(AbstractMessageConverter.java:58)
	at org.springframework.amqp.rabbit.core.RabbitTemplate.convertMessageIfNecessary(RabbitTemplate.java:1861)
	at org.springframework.amqp.rabbit.core.RabbitTemplate.convertAndSend(RabbitTemplate.java:1167)
	at org.springframework.amqp.rabbit.core.RabbitTemplate.convertAndSend(RabbitTemplate.java:1149)
	at cn.good.infrastructure.event.EventPublisher.publish(EventPublisher.java:35)
	at cn.good.infrastructure.persistent.repository.TaskRepository.sendMessage(TaskRepository.java:45)
	at cn.good.infrastructure.persistent.repository.TaskRepository$$FastClassBySpringCGLIB$$10d01039.invoke(<generated>)
	at org.springframework.cglib.proxy.MethodProxy.invoke(MethodProxy.java:218)
	at org.springframework.aop.framework.CglibAopProxy$CglibMethodInvocation.invokeJoinpoint(CglibAopProxy.java:793)
	at org.springframework.aop.framework.ReflectiveMethodInvocation.proceed(ReflectiveMethodInvocation.java:163)
	at org.springframework.aop.framework.CglibAopProxy$CglibMethodInvocation.proceed(CglibAopProxy.java:763)
	at org.springframework.dao.support.PersistenceExceptionTranslationInterceptor.invoke(PersistenceExceptionTranslationInterceptor.java:137)
	at org.springframework.aop.framework.ReflectiveMethodInvocation.proceed(ReflectiveMethodInvocation.java:186)
	at org.springframework.aop.framework.CglibAopProxy$CglibMethodInvocation.proceed(CglibAopProxy.java:763)
	at org.springframework.aop.framework.CglibAopProxy$DynamicAdvisedInterceptor.intercept(CglibAopProxy.java:708)
	at cn.good.infrastructure.persistent.repository.TaskRepository$$EnhancerBySpringCGLIB$$c784bfba.sendMessage(<generated>)
	at cn.good.domain.task.service.TaskService.sendMessage(TaskService.java:29)
	at cn.good.trigger.job.SendMessageTaskJob.exec_db01(SendMessageTaskJob.java:42)
	at sun.reflect.NativeMethodAccessorImpl.invoke0(Native Method)
	at sun.reflect.NativeMethodAccessorImpl.invoke(NativeMethodAccessorImpl.java:62)
	at sun.reflect.DelegatingMethodAccessorImpl.invoke(DelegatingMethodAccessorImpl.java:43)
	at java.lang.reflect.Method.invoke(Method.java:498)
	at org.springframework.scheduling.support.ScheduledMethodRunnable.run(ScheduledMethodRunnable.java:84)
	at org.springframework.scheduling.support.DelegatingErrorHandlingRunnable.run(DelegatingErrorHandlingRunnable.java:54)
	at org.springframework.scheduling.concurrent.ReschedulingRunnable.run(ReschedulingRunnable.java:95)
	at java.util.concurrent.Executors$RunnableAdapter.call(Executors.java:511)
	at java.util.concurrent.FutureTask.run(FutureTask.java:266)
	at java.util.concurrent.ScheduledThreadPoolExecutor$ScheduledFutureTask.access$201(ScheduledThreadPoolExecutor.java:180)
	at java.util.concurrent.ScheduledThreadPoolExecutor$ScheduledFutureTask.run(ScheduledThreadPoolExecutor.java:293)
	at java.util.concurrent.ThreadPoolExecutor.runWorker(ThreadPoolExecutor.java:1149)
	at java.util.concurrent.ThreadPoolExecutor$Worker.run(ThreadPoolExecutor.java:624)
	at java.lang.Thread.run(Thread.java:750)
25-03-31.22:09:35.025 [scheduling-1    ] ERROR SendMessageTaskJob     - 定时任务，发送MQ消息失败 userId: wkm topic: null
25-03-31.22:09:35.026 [scheduling-1    ] ERROR EventPublisher         - 发送MQ消息失败 topic:null message :null
java.lang.NullPointerException: null
	at org.springframework.amqp.support.converter.SimpleMessageConverter.createMessage(SimpleMessageConverter.java:164)
	at org.springframework.amqp.support.converter.AbstractMessageConverter.createMessage(AbstractMessageConverter.java:88)
	at org.springframework.amqp.support.converter.AbstractMessageConverter.toMessage(AbstractMessageConverter.java:70)
	at org.springframework.amqp.support.converter.AbstractMessageConverter.toMessage(AbstractMessageConverter.java:58)
	at org.springframework.amqp.rabbit.core.RabbitTemplate.convertMessageIfNecessary(RabbitTemplate.java:1861)
	at org.springframework.amqp.rabbit.core.RabbitTemplate.convertAndSend(RabbitTemplate.java:1167)
	at org.springframework.amqp.rabbit.core.RabbitTemplate.convertAndSend(RabbitTemplate.java:1149)
	at cn.good.infrastructure.event.EventPublisher.publish(EventPublisher.java:35)
	at cn.good.infrastructure.persistent.repository.TaskRepository.sendMessage(TaskRepository.java:45)
	at cn.good.infrastructure.persistent.repository.TaskRepository$$FastClassBySpringCGLIB$$10d01039.invoke(<generated>)
	at org.springframework.cglib.proxy.MethodProxy.invoke(MethodProxy.java:218)
	at org.springframework.aop.framework.CglibAopProxy$CglibMethodInvocation.invokeJoinpoint(CglibAopProxy.java:793)
	at org.springframework.aop.framework.ReflectiveMethodInvocation.proceed(ReflectiveMethodInvocation.java:163)
	at org.springframework.aop.framework.CglibAopProxy$CglibMethodInvocation.proceed(CglibAopProxy.java:763)
	at org.springframework.dao.support.PersistenceExceptionTranslationInterceptor.invoke(PersistenceExceptionTranslationInterceptor.java:137)
	at org.springframework.aop.framework.ReflectiveMethodInvocation.proceed(ReflectiveMethodInvocation.java:186)
	at org.springframework.aop.framework.CglibAopProxy$CglibMethodInvocation.proceed(CglibAopProxy.java:763)
	at org.springframework.aop.framework.CglibAopProxy$DynamicAdvisedInterceptor.intercept(CglibAopProxy.java:708)
	at cn.good.infrastructure.persistent.repository.TaskRepository$$EnhancerBySpringCGLIB$$c784bfba.sendMessage(<generated>)
	at cn.good.domain.task.service.TaskService.sendMessage(TaskService.java:29)
	at cn.good.trigger.job.SendMessageTaskJob.exec_db01(SendMessageTaskJob.java:42)
	at sun.reflect.NativeMethodAccessorImpl.invoke0(Native Method)
	at sun.reflect.NativeMethodAccessorImpl.invoke(NativeMethodAccessorImpl.java:62)
	at sun.reflect.DelegatingMethodAccessorImpl.invoke(DelegatingMethodAccessorImpl.java:43)
	at java.lang.reflect.Method.invoke(Method.java:498)
	at org.springframework.scheduling.support.ScheduledMethodRunnable.run(ScheduledMethodRunnable.java:84)
	at org.springframework.scheduling.support.DelegatingErrorHandlingRunnable.run(DelegatingErrorHandlingRunnable.java:54)
	at org.springframework.scheduling.concurrent.ReschedulingRunnable.run(ReschedulingRunnable.java:95)
	at java.util.concurrent.Executors$RunnableAdapter.call(Executors.java:511)
	at java.util.concurrent.FutureTask.run(FutureTask.java:266)
	at java.util.concurrent.ScheduledThreadPoolExecutor$ScheduledFutureTask.access$201(ScheduledThreadPoolExecutor.java:180)
	at java.util.concurrent.ScheduledThreadPoolExecutor$ScheduledFutureTask.run(ScheduledThreadPoolExecutor.java:293)
	at java.util.concurrent.ThreadPoolExecutor.runWorker(ThreadPoolExecutor.java:1149)
	at java.util.concurrent.ThreadPoolExecutor$Worker.run(ThreadPoolExecutor.java:624)
	at java.lang.Thread.run(Thread.java:750)
25-03-31.22:09:35.027 [scheduling-1    ] ERROR SendMessageTaskJob     - 定时任务，发送MQ消息失败 userId: wkm topic: null
25-03-31.22:09:40.010 [scheduling-1    ] ERROR EventPublisher         - 发送MQ消息失败 topic:null message :null
java.lang.NullPointerException: null
	at org.springframework.amqp.support.converter.SimpleMessageConverter.createMessage(SimpleMessageConverter.java:164)
	at org.springframework.amqp.support.converter.AbstractMessageConverter.createMessage(AbstractMessageConverter.java:88)
	at org.springframework.amqp.support.converter.AbstractMessageConverter.toMessage(AbstractMessageConverter.java:70)
	at org.springframework.amqp.support.converter.AbstractMessageConverter.toMessage(AbstractMessageConverter.java:58)
	at org.springframework.amqp.rabbit.core.RabbitTemplate.convertMessageIfNecessary(RabbitTemplate.java:1861)
	at org.springframework.amqp.rabbit.core.RabbitTemplate.convertAndSend(RabbitTemplate.java:1167)
	at org.springframework.amqp.rabbit.core.RabbitTemplate.convertAndSend(RabbitTemplate.java:1149)
	at cn.good.infrastructure.event.EventPublisher.publish(EventPublisher.java:35)
	at cn.good.infrastructure.persistent.repository.TaskRepository.sendMessage(TaskRepository.java:45)
	at cn.good.infrastructure.persistent.repository.TaskRepository$$FastClassBySpringCGLIB$$10d01039.invoke(<generated>)
	at org.springframework.cglib.proxy.MethodProxy.invoke(MethodProxy.java:218)
	at org.springframework.aop.framework.CglibAopProxy$CglibMethodInvocation.invokeJoinpoint(CglibAopProxy.java:793)
	at org.springframework.aop.framework.ReflectiveMethodInvocation.proceed(ReflectiveMethodInvocation.java:163)
	at org.springframework.aop.framework.CglibAopProxy$CglibMethodInvocation.proceed(CglibAopProxy.java:763)
	at org.springframework.dao.support.PersistenceExceptionTranslationInterceptor.invoke(PersistenceExceptionTranslationInterceptor.java:137)
	at org.springframework.aop.framework.ReflectiveMethodInvocation.proceed(ReflectiveMethodInvocation.java:186)
	at org.springframework.aop.framework.CglibAopProxy$CglibMethodInvocation.proceed(CglibAopProxy.java:763)
	at org.springframework.aop.framework.CglibAopProxy$DynamicAdvisedInterceptor.intercept(CglibAopProxy.java:708)
	at cn.good.infrastructure.persistent.repository.TaskRepository$$EnhancerBySpringCGLIB$$c784bfba.sendMessage(<generated>)
	at cn.good.domain.task.service.TaskService.sendMessage(TaskService.java:29)
	at cn.good.trigger.job.SendMessageTaskJob.exec_db01(SendMessageTaskJob.java:42)
	at sun.reflect.NativeMethodAccessorImpl.invoke0(Native Method)
	at sun.reflect.NativeMethodAccessorImpl.invoke(NativeMethodAccessorImpl.java:62)
	at sun.reflect.DelegatingMethodAccessorImpl.invoke(DelegatingMethodAccessorImpl.java:43)
	at java.lang.reflect.Method.invoke(Method.java:498)
	at org.springframework.scheduling.support.ScheduledMethodRunnable.run(ScheduledMethodRunnable.java:84)
	at org.springframework.scheduling.support.DelegatingErrorHandlingRunnable.run(DelegatingErrorHandlingRunnable.java:54)
	at org.springframework.scheduling.concurrent.ReschedulingRunnable.run(ReschedulingRunnable.java:95)
	at java.util.concurrent.Executors$RunnableAdapter.call(Executors.java:511)
	at java.util.concurrent.FutureTask.run(FutureTask.java:266)
	at java.util.concurrent.ScheduledThreadPoolExecutor$ScheduledFutureTask.access$201(ScheduledThreadPoolExecutor.java:180)
	at java.util.concurrent.ScheduledThreadPoolExecutor$ScheduledFutureTask.run(ScheduledThreadPoolExecutor.java:293)
	at java.util.concurrent.ThreadPoolExecutor.runWorker(ThreadPoolExecutor.java:1149)
	at java.util.concurrent.ThreadPoolExecutor$Worker.run(ThreadPoolExecutor.java:624)
	at java.lang.Thread.run(Thread.java:750)
25-03-31.22:09:40.010 [scheduling-1    ] ERROR SendMessageTaskJob     - 定时任务，发送MQ消息失败 userId: wkm topic: null
25-03-31.22:09:40.012 [scheduling-1    ] ERROR EventPublisher         - 发送MQ消息失败 topic:null message :null
java.lang.NullPointerException: null
	at org.springframework.amqp.support.converter.SimpleMessageConverter.createMessage(SimpleMessageConverter.java:164)
	at org.springframework.amqp.support.converter.AbstractMessageConverter.createMessage(AbstractMessageConverter.java:88)
	at org.springframework.amqp.support.converter.AbstractMessageConverter.toMessage(AbstractMessageConverter.java:70)
	at org.springframework.amqp.support.converter.AbstractMessageConverter.toMessage(AbstractMessageConverter.java:58)
	at org.springframework.amqp.rabbit.core.RabbitTemplate.convertMessageIfNecessary(RabbitTemplate.java:1861)
	at org.springframework.amqp.rabbit.core.RabbitTemplate.convertAndSend(RabbitTemplate.java:1167)
	at org.springframework.amqp.rabbit.core.RabbitTemplate.convertAndSend(RabbitTemplate.java:1149)
	at cn.good.infrastructure.event.EventPublisher.publish(EventPublisher.java:35)
	at cn.good.infrastructure.persistent.repository.TaskRepository.sendMessage(TaskRepository.java:45)
	at cn.good.infrastructure.persistent.repository.TaskRepository$$FastClassBySpringCGLIB$$10d01039.invoke(<generated>)
	at org.springframework.cglib.proxy.MethodProxy.invoke(MethodProxy.java:218)
	at org.springframework.aop.framework.CglibAopProxy$CglibMethodInvocation.invokeJoinpoint(CglibAopProxy.java:793)
	at org.springframework.aop.framework.ReflectiveMethodInvocation.proceed(ReflectiveMethodInvocation.java:163)
	at org.springframework.aop.framework.CglibAopProxy$CglibMethodInvocation.proceed(CglibAopProxy.java:763)
	at org.springframework.dao.support.PersistenceExceptionTranslationInterceptor.invoke(PersistenceExceptionTranslationInterceptor.java:137)
	at org.springframework.aop.framework.ReflectiveMethodInvocation.proceed(ReflectiveMethodInvocation.java:186)
	at org.springframework.aop.framework.CglibAopProxy$CglibMethodInvocation.proceed(CglibAopProxy.java:763)
	at org.springframework.aop.framework.CglibAopProxy$DynamicAdvisedInterceptor.intercept(CglibAopProxy.java:708)
	at cn.good.infrastructure.persistent.repository.TaskRepository$$EnhancerBySpringCGLIB$$c784bfba.sendMessage(<generated>)
	at cn.good.domain.task.service.TaskService.sendMessage(TaskService.java:29)
	at cn.good.trigger.job.SendMessageTaskJob.exec_db01(SendMessageTaskJob.java:42)
	at sun.reflect.NativeMethodAccessorImpl.invoke0(Native Method)
	at sun.reflect.NativeMethodAccessorImpl.invoke(NativeMethodAccessorImpl.java:62)
	at sun.reflect.DelegatingMethodAccessorImpl.invoke(DelegatingMethodAccessorImpl.java:43)
	at java.lang.reflect.Method.invoke(Method.java:498)
	at org.springframework.scheduling.support.ScheduledMethodRunnable.run(ScheduledMethodRunnable.java:84)
	at org.springframework.scheduling.support.DelegatingErrorHandlingRunnable.run(DelegatingErrorHandlingRunnable.java:54)
	at org.springframework.scheduling.concurrent.ReschedulingRunnable.run(ReschedulingRunnable.java:95)
	at java.util.concurrent.Executors$RunnableAdapter.call(Executors.java:511)
	at java.util.concurrent.FutureTask.run(FutureTask.java:266)
	at java.util.concurrent.ScheduledThreadPoolExecutor$ScheduledFutureTask.access$201(ScheduledThreadPoolExecutor.java:180)
	at java.util.concurrent.ScheduledThreadPoolExecutor$ScheduledFutureTask.run(ScheduledThreadPoolExecutor.java:293)
	at java.util.concurrent.ThreadPoolExecutor.runWorker(ThreadPoolExecutor.java:1149)
	at java.util.concurrent.ThreadPoolExecutor$Worker.run(ThreadPoolExecutor.java:624)
	at java.lang.Thread.run(Thread.java:750)
25-03-31.22:09:40.012 [scheduling-1    ] ERROR SendMessageTaskJob     - 定时任务，发送MQ消息失败 userId: wkm topic: null
25-03-31.22:09:40.013 [scheduling-1    ] ERROR EventPublisher         - 发送MQ消息失败 topic:null message :null
java.lang.NullPointerException: null
	at org.springframework.amqp.support.converter.SimpleMessageConverter.createMessage(SimpleMessageConverter.java:164)
	at org.springframework.amqp.support.converter.AbstractMessageConverter.createMessage(AbstractMessageConverter.java:88)
	at org.springframework.amqp.support.converter.AbstractMessageConverter.toMessage(AbstractMessageConverter.java:70)
	at org.springframework.amqp.support.converter.AbstractMessageConverter.toMessage(AbstractMessageConverter.java:58)
	at org.springframework.amqp.rabbit.core.RabbitTemplate.convertMessageIfNecessary(RabbitTemplate.java:1861)
	at org.springframework.amqp.rabbit.core.RabbitTemplate.convertAndSend(RabbitTemplate.java:1167)
	at org.springframework.amqp.rabbit.core.RabbitTemplate.convertAndSend(RabbitTemplate.java:1149)
	at cn.good.infrastructure.event.EventPublisher.publish(EventPublisher.java:35)
	at cn.good.infrastructure.persistent.repository.TaskRepository.sendMessage(TaskRepository.java:45)
	at cn.good.infrastructure.persistent.repository.TaskRepository$$FastClassBySpringCGLIB$$10d01039.invoke(<generated>)
	at org.springframework.cglib.proxy.MethodProxy.invoke(MethodProxy.java:218)
	at org.springframework.aop.framework.CglibAopProxy$CglibMethodInvocation.invokeJoinpoint(CglibAopProxy.java:793)
	at org.springframework.aop.framework.ReflectiveMethodInvocation.proceed(ReflectiveMethodInvocation.java:163)
	at org.springframework.aop.framework.CglibAopProxy$CglibMethodInvocation.proceed(CglibAopProxy.java:763)
	at org.springframework.dao.support.PersistenceExceptionTranslationInterceptor.invoke(PersistenceExceptionTranslationInterceptor.java:137)
	at org.springframework.aop.framework.ReflectiveMethodInvocation.proceed(ReflectiveMethodInvocation.java:186)
	at org.springframework.aop.framework.CglibAopProxy$CglibMethodInvocation.proceed(CglibAopProxy.java:763)
	at org.springframework.aop.framework.CglibAopProxy$DynamicAdvisedInterceptor.intercept(CglibAopProxy.java:708)
	at cn.good.infrastructure.persistent.repository.TaskRepository$$EnhancerBySpringCGLIB$$c784bfba.sendMessage(<generated>)
	at cn.good.domain.task.service.TaskService.sendMessage(TaskService.java:29)
	at cn.good.trigger.job.SendMessageTaskJob.exec_db01(SendMessageTaskJob.java:42)
	at sun.reflect.NativeMethodAccessorImpl.invoke0(Native Method)
	at sun.reflect.NativeMethodAccessorImpl.invoke(NativeMethodAccessorImpl.java:62)
	at sun.reflect.DelegatingMethodAccessorImpl.invoke(DelegatingMethodAccessorImpl.java:43)
	at java.lang.reflect.Method.invoke(Method.java:498)
	at org.springframework.scheduling.support.ScheduledMethodRunnable.run(ScheduledMethodRunnable.java:84)
	at org.springframework.scheduling.support.DelegatingErrorHandlingRunnable.run(DelegatingErrorHandlingRunnable.java:54)
	at org.springframework.scheduling.concurrent.ReschedulingRunnable.run(ReschedulingRunnable.java:95)
	at java.util.concurrent.Executors$RunnableAdapter.call(Executors.java:511)
	at java.util.concurrent.FutureTask.run(FutureTask.java:266)
	at java.util.concurrent.ScheduledThreadPoolExecutor$ScheduledFutureTask.access$201(ScheduledThreadPoolExecutor.java:180)
	at java.util.concurrent.ScheduledThreadPoolExecutor$ScheduledFutureTask.run(ScheduledThreadPoolExecutor.java:293)
	at java.util.concurrent.ThreadPoolExecutor.runWorker(ThreadPoolExecutor.java:1149)
	at java.util.concurrent.ThreadPoolExecutor$Worker.run(ThreadPoolExecutor.java:624)
	at java.lang.Thread.run(Thread.java:750)
25-03-31.22:09:40.013 [scheduling-1    ] ERROR SendMessageTaskJob     - 定时任务，发送MQ消息失败 userId: wkm topic: null
25-03-31.22:09:45.016 [scheduling-1    ] ERROR EventPublisher         - 发送MQ消息失败 topic:null message :null
java.lang.NullPointerException: null
	at org.springframework.amqp.support.converter.SimpleMessageConverter.createMessage(SimpleMessageConverter.java:164)
	at org.springframework.amqp.support.converter.AbstractMessageConverter.createMessage(AbstractMessageConverter.java:88)
	at org.springframework.amqp.support.converter.AbstractMessageConverter.toMessage(AbstractMessageConverter.java:70)
	at org.springframework.amqp.support.converter.AbstractMessageConverter.toMessage(AbstractMessageConverter.java:58)
	at org.springframework.amqp.rabbit.core.RabbitTemplate.convertMessageIfNecessary(RabbitTemplate.java:1861)
	at org.springframework.amqp.rabbit.core.RabbitTemplate.convertAndSend(RabbitTemplate.java:1167)
	at org.springframework.amqp.rabbit.core.RabbitTemplate.convertAndSend(RabbitTemplate.java:1149)
	at cn.good.infrastructure.event.EventPublisher.publish(EventPublisher.java:35)
	at cn.good.infrastructure.persistent.repository.TaskRepository.sendMessage(TaskRepository.java:45)
	at cn.good.infrastructure.persistent.repository.TaskRepository$$FastClassBySpringCGLIB$$10d01039.invoke(<generated>)
	at org.springframework.cglib.proxy.MethodProxy.invoke(MethodProxy.java:218)
	at org.springframework.aop.framework.CglibAopProxy$CglibMethodInvocation.invokeJoinpoint(CglibAopProxy.java:793)
	at org.springframework.aop.framework.ReflectiveMethodInvocation.proceed(ReflectiveMethodInvocation.java:163)
	at org.springframework.aop.framework.CglibAopProxy$CglibMethodInvocation.proceed(CglibAopProxy.java:763)
	at org.springframework.dao.support.PersistenceExceptionTranslationInterceptor.invoke(PersistenceExceptionTranslationInterceptor.java:137)
	at org.springframework.aop.framework.ReflectiveMethodInvocation.proceed(ReflectiveMethodInvocation.java:186)
	at org.springframework.aop.framework.CglibAopProxy$CglibMethodInvocation.proceed(CglibAopProxy.java:763)
	at org.springframework.aop.framework.CglibAopProxy$DynamicAdvisedInterceptor.intercept(CglibAopProxy.java:708)
	at cn.good.infrastructure.persistent.repository.TaskRepository$$EnhancerBySpringCGLIB$$c784bfba.sendMessage(<generated>)
	at cn.good.domain.task.service.TaskService.sendMessage(TaskService.java:29)
	at cn.good.trigger.job.SendMessageTaskJob.exec_db01(SendMessageTaskJob.java:42)
	at sun.reflect.NativeMethodAccessorImpl.invoke0(Native Method)
	at sun.reflect.NativeMethodAccessorImpl.invoke(NativeMethodAccessorImpl.java:62)
	at sun.reflect.DelegatingMethodAccessorImpl.invoke(DelegatingMethodAccessorImpl.java:43)
	at java.lang.reflect.Method.invoke(Method.java:498)
	at org.springframework.scheduling.support.ScheduledMethodRunnable.run(ScheduledMethodRunnable.java:84)
	at org.springframework.scheduling.support.DelegatingErrorHandlingRunnable.run(DelegatingErrorHandlingRunnable.java:54)
	at org.springframework.scheduling.concurrent.ReschedulingRunnable.run(ReschedulingRunnable.java:95)
	at java.util.concurrent.Executors$RunnableAdapter.call(Executors.java:511)
	at java.util.concurrent.FutureTask.run(FutureTask.java:266)
	at java.util.concurrent.ScheduledThreadPoolExecutor$ScheduledFutureTask.access$201(ScheduledThreadPoolExecutor.java:180)
	at java.util.concurrent.ScheduledThreadPoolExecutor$ScheduledFutureTask.run(ScheduledThreadPoolExecutor.java:293)
	at java.util.concurrent.ThreadPoolExecutor.runWorker(ThreadPoolExecutor.java:1149)
	at java.util.concurrent.ThreadPoolExecutor$Worker.run(ThreadPoolExecutor.java:624)
	at java.lang.Thread.run(Thread.java:750)
25-03-31.22:09:45.017 [scheduling-1    ] ERROR SendMessageTaskJob     - 定时任务，发送MQ消息失败 userId: wkm topic: null
25-03-31.22:09:45.019 [scheduling-1    ] ERROR EventPublisher         - 发送MQ消息失败 topic:null message :null
java.lang.NullPointerException: null
	at org.springframework.amqp.support.converter.SimpleMessageConverter.createMessage(SimpleMessageConverter.java:164)
	at org.springframework.amqp.support.converter.AbstractMessageConverter.createMessage(AbstractMessageConverter.java:88)
	at org.springframework.amqp.support.converter.AbstractMessageConverter.toMessage(AbstractMessageConverter.java:70)
	at org.springframework.amqp.support.converter.AbstractMessageConverter.toMessage(AbstractMessageConverter.java:58)
	at org.springframework.amqp.rabbit.core.RabbitTemplate.convertMessageIfNecessary(RabbitTemplate.java:1861)
	at org.springframework.amqp.rabbit.core.RabbitTemplate.convertAndSend(RabbitTemplate.java:1167)
	at org.springframework.amqp.rabbit.core.RabbitTemplate.convertAndSend(RabbitTemplate.java:1149)
	at cn.good.infrastructure.event.EventPublisher.publish(EventPublisher.java:35)
	at cn.good.infrastructure.persistent.repository.TaskRepository.sendMessage(TaskRepository.java:45)
	at cn.good.infrastructure.persistent.repository.TaskRepository$$FastClassBySpringCGLIB$$10d01039.invoke(<generated>)
	at org.springframework.cglib.proxy.MethodProxy.invoke(MethodProxy.java:218)
	at org.springframework.aop.framework.CglibAopProxy$CglibMethodInvocation.invokeJoinpoint(CglibAopProxy.java:793)
	at org.springframework.aop.framework.ReflectiveMethodInvocation.proceed(ReflectiveMethodInvocation.java:163)
	at org.springframework.aop.framework.CglibAopProxy$CglibMethodInvocation.proceed(CglibAopProxy.java:763)
	at org.springframework.dao.support.PersistenceExceptionTranslationInterceptor.invoke(PersistenceExceptionTranslationInterceptor.java:137)
	at org.springframework.aop.framework.ReflectiveMethodInvocation.proceed(ReflectiveMethodInvocation.java:186)
	at org.springframework.aop.framework.CglibAopProxy$CglibMethodInvocation.proceed(CglibAopProxy.java:763)
	at org.springframework.aop.framework.CglibAopProxy$DynamicAdvisedInterceptor.intercept(CglibAopProxy.java:708)
	at cn.good.infrastructure.persistent.repository.TaskRepository$$EnhancerBySpringCGLIB$$c784bfba.sendMessage(<generated>)
	at cn.good.domain.task.service.TaskService.sendMessage(TaskService.java:29)
	at cn.good.trigger.job.SendMessageTaskJob.exec_db01(SendMessageTaskJob.java:42)
	at sun.reflect.NativeMethodAccessorImpl.invoke0(Native Method)
	at sun.reflect.NativeMethodAccessorImpl.invoke(NativeMethodAccessorImpl.java:62)
	at sun.reflect.DelegatingMethodAccessorImpl.invoke(DelegatingMethodAccessorImpl.java:43)
	at java.lang.reflect.Method.invoke(Method.java:498)
	at org.springframework.scheduling.support.ScheduledMethodRunnable.run(ScheduledMethodRunnable.java:84)
	at org.springframework.scheduling.support.DelegatingErrorHandlingRunnable.run(DelegatingErrorHandlingRunnable.java:54)
	at org.springframework.scheduling.concurrent.ReschedulingRunnable.run(ReschedulingRunnable.java:95)
	at java.util.concurrent.Executors$RunnableAdapter.call(Executors.java:511)
	at java.util.concurrent.FutureTask.run(FutureTask.java:266)
	at java.util.concurrent.ScheduledThreadPoolExecutor$ScheduledFutureTask.access$201(ScheduledThreadPoolExecutor.java:180)
	at java.util.concurrent.ScheduledThreadPoolExecutor$ScheduledFutureTask.run(ScheduledThreadPoolExecutor.java:293)
	at java.util.concurrent.ThreadPoolExecutor.runWorker(ThreadPoolExecutor.java:1149)
	at java.util.concurrent.ThreadPoolExecutor$Worker.run(ThreadPoolExecutor.java:624)
	at java.lang.Thread.run(Thread.java:750)
25-03-31.22:09:45.019 [scheduling-1    ] ERROR SendMessageTaskJob     - 定时任务，发送MQ消息失败 userId: wkm topic: null
25-03-31.22:09:45.019 [scheduling-1    ] ERROR EventPublisher         - 发送MQ消息失败 topic:null message :null
java.lang.NullPointerException: null
	at org.springframework.amqp.support.converter.SimpleMessageConverter.createMessage(SimpleMessageConverter.java:164)
	at org.springframework.amqp.support.converter.AbstractMessageConverter.createMessage(AbstractMessageConverter.java:88)
	at org.springframework.amqp.support.converter.AbstractMessageConverter.toMessage(AbstractMessageConverter.java:70)
	at org.springframework.amqp.support.converter.AbstractMessageConverter.toMessage(AbstractMessageConverter.java:58)
	at org.springframework.amqp.rabbit.core.RabbitTemplate.convertMessageIfNecessary(RabbitTemplate.java:1861)
	at org.springframework.amqp.rabbit.core.RabbitTemplate.convertAndSend(RabbitTemplate.java:1167)
	at org.springframework.amqp.rabbit.core.RabbitTemplate.convertAndSend(RabbitTemplate.java:1149)
	at cn.good.infrastructure.event.EventPublisher.publish(EventPublisher.java:35)
	at cn.good.infrastructure.persistent.repository.TaskRepository.sendMessage(TaskRepository.java:45)
	at cn.good.infrastructure.persistent.repository.TaskRepository$$FastClassBySpringCGLIB$$10d01039.invoke(<generated>)
	at org.springframework.cglib.proxy.MethodProxy.invoke(MethodProxy.java:218)
	at org.springframework.aop.framework.CglibAopProxy$CglibMethodInvocation.invokeJoinpoint(CglibAopProxy.java:793)
	at org.springframework.aop.framework.ReflectiveMethodInvocation.proceed(ReflectiveMethodInvocation.java:163)
	at org.springframework.aop.framework.CglibAopProxy$CglibMethodInvocation.proceed(CglibAopProxy.java:763)
	at org.springframework.dao.support.PersistenceExceptionTranslationInterceptor.invoke(PersistenceExceptionTranslationInterceptor.java:137)
	at org.springframework.aop.framework.ReflectiveMethodInvocation.proceed(ReflectiveMethodInvocation.java:186)
	at org.springframework.aop.framework.CglibAopProxy$CglibMethodInvocation.proceed(CglibAopProxy.java:763)
	at org.springframework.aop.framework.CglibAopProxy$DynamicAdvisedInterceptor.intercept(CglibAopProxy.java:708)
	at cn.good.infrastructure.persistent.repository.TaskRepository$$EnhancerBySpringCGLIB$$c784bfba.sendMessage(<generated>)
	at cn.good.domain.task.service.TaskService.sendMessage(TaskService.java:29)
	at cn.good.trigger.job.SendMessageTaskJob.exec_db01(SendMessageTaskJob.java:42)
	at sun.reflect.NativeMethodAccessorImpl.invoke0(Native Method)
	at sun.reflect.NativeMethodAccessorImpl.invoke(NativeMethodAccessorImpl.java:62)
	at sun.reflect.DelegatingMethodAccessorImpl.invoke(DelegatingMethodAccessorImpl.java:43)
	at java.lang.reflect.Method.invoke(Method.java:498)
	at org.springframework.scheduling.support.ScheduledMethodRunnable.run(ScheduledMethodRunnable.java:84)
	at org.springframework.scheduling.support.DelegatingErrorHandlingRunnable.run(DelegatingErrorHandlingRunnable.java:54)
	at org.springframework.scheduling.concurrent.ReschedulingRunnable.run(ReschedulingRunnable.java:95)
	at java.util.concurrent.Executors$RunnableAdapter.call(Executors.java:511)
	at java.util.concurrent.FutureTask.run(FutureTask.java:266)
	at java.util.concurrent.ScheduledThreadPoolExecutor$ScheduledFutureTask.access$201(ScheduledThreadPoolExecutor.java:180)
	at java.util.concurrent.ScheduledThreadPoolExecutor$ScheduledFutureTask.run(ScheduledThreadPoolExecutor.java:293)
	at java.util.concurrent.ThreadPoolExecutor.runWorker(ThreadPoolExecutor.java:1149)
	at java.util.concurrent.ThreadPoolExecutor$Worker.run(ThreadPoolExecutor.java:624)
	at java.lang.Thread.run(Thread.java:750)
25-03-31.22:09:45.020 [scheduling-1    ] ERROR SendMessageTaskJob     - 定时任务，发送MQ消息失败 userId: wkm topic: null
25-03-31.22:09:50.016 [scheduling-1    ] ERROR EventPublisher         - 发送MQ消息失败 topic:null message :null
java.lang.NullPointerException: null
	at org.springframework.amqp.support.converter.SimpleMessageConverter.createMessage(SimpleMessageConverter.java:164)
	at org.springframework.amqp.support.converter.AbstractMessageConverter.createMessage(AbstractMessageConverter.java:88)
	at org.springframework.amqp.support.converter.AbstractMessageConverter.toMessage(AbstractMessageConverter.java:70)
	at org.springframework.amqp.support.converter.AbstractMessageConverter.toMessage(AbstractMessageConverter.java:58)
	at org.springframework.amqp.rabbit.core.RabbitTemplate.convertMessageIfNecessary(RabbitTemplate.java:1861)
	at org.springframework.amqp.rabbit.core.RabbitTemplate.convertAndSend(RabbitTemplate.java:1167)
	at org.springframework.amqp.rabbit.core.RabbitTemplate.convertAndSend(RabbitTemplate.java:1149)
	at cn.good.infrastructure.event.EventPublisher.publish(EventPublisher.java:35)
	at cn.good.infrastructure.persistent.repository.TaskRepository.sendMessage(TaskRepository.java:45)
	at cn.good.infrastructure.persistent.repository.TaskRepository$$FastClassBySpringCGLIB$$10d01039.invoke(<generated>)
	at org.springframework.cglib.proxy.MethodProxy.invoke(MethodProxy.java:218)
	at org.springframework.aop.framework.CglibAopProxy$CglibMethodInvocation.invokeJoinpoint(CglibAopProxy.java:793)
	at org.springframework.aop.framework.ReflectiveMethodInvocation.proceed(ReflectiveMethodInvocation.java:163)
	at org.springframework.aop.framework.CglibAopProxy$CglibMethodInvocation.proceed(CglibAopProxy.java:763)
	at org.springframework.dao.support.PersistenceExceptionTranslationInterceptor.invoke(PersistenceExceptionTranslationInterceptor.java:137)
	at org.springframework.aop.framework.ReflectiveMethodInvocation.proceed(ReflectiveMethodInvocation.java:186)
	at org.springframework.aop.framework.CglibAopProxy$CglibMethodInvocation.proceed(CglibAopProxy.java:763)
	at org.springframework.aop.framework.CglibAopProxy$DynamicAdvisedInterceptor.intercept(CglibAopProxy.java:708)
	at cn.good.infrastructure.persistent.repository.TaskRepository$$EnhancerBySpringCGLIB$$c784bfba.sendMessage(<generated>)
	at cn.good.domain.task.service.TaskService.sendMessage(TaskService.java:29)
	at cn.good.trigger.job.SendMessageTaskJob.exec_db01(SendMessageTaskJob.java:42)
	at sun.reflect.NativeMethodAccessorImpl.invoke0(Native Method)
	at sun.reflect.NativeMethodAccessorImpl.invoke(NativeMethodAccessorImpl.java:62)
	at sun.reflect.DelegatingMethodAccessorImpl.invoke(DelegatingMethodAccessorImpl.java:43)
	at java.lang.reflect.Method.invoke(Method.java:498)
	at org.springframework.scheduling.support.ScheduledMethodRunnable.run(ScheduledMethodRunnable.java:84)
	at org.springframework.scheduling.support.DelegatingErrorHandlingRunnable.run(DelegatingErrorHandlingRunnable.java:54)
	at org.springframework.scheduling.concurrent.ReschedulingRunnable.run(ReschedulingRunnable.java:95)
	at java.util.concurrent.Executors$RunnableAdapter.call(Executors.java:511)
	at java.util.concurrent.FutureTask.run(FutureTask.java:266)
	at java.util.concurrent.ScheduledThreadPoolExecutor$ScheduledFutureTask.access$201(ScheduledThreadPoolExecutor.java:180)
	at java.util.concurrent.ScheduledThreadPoolExecutor$ScheduledFutureTask.run(ScheduledThreadPoolExecutor.java:293)
	at java.util.concurrent.ThreadPoolExecutor.runWorker(ThreadPoolExecutor.java:1149)
	at java.util.concurrent.ThreadPoolExecutor$Worker.run(ThreadPoolExecutor.java:624)
	at java.lang.Thread.run(Thread.java:750)
25-03-31.22:09:50.016 [scheduling-1    ] ERROR SendMessageTaskJob     - 定时任务，发送MQ消息失败 userId: wkm topic: null
25-03-31.22:09:50.018 [scheduling-1    ] ERROR EventPublisher         - 发送MQ消息失败 topic:null message :null
java.lang.NullPointerException: null
	at org.springframework.amqp.support.converter.SimpleMessageConverter.createMessage(SimpleMessageConverter.java:164)
	at org.springframework.amqp.support.converter.AbstractMessageConverter.createMessage(AbstractMessageConverter.java:88)
	at org.springframework.amqp.support.converter.AbstractMessageConverter.toMessage(AbstractMessageConverter.java:70)
	at org.springframework.amqp.support.converter.AbstractMessageConverter.toMessage(AbstractMessageConverter.java:58)
	at org.springframework.amqp.rabbit.core.RabbitTemplate.convertMessageIfNecessary(RabbitTemplate.java:1861)
	at org.springframework.amqp.rabbit.core.RabbitTemplate.convertAndSend(RabbitTemplate.java:1167)
	at org.springframework.amqp.rabbit.core.RabbitTemplate.convertAndSend(RabbitTemplate.java:1149)
	at cn.good.infrastructure.event.EventPublisher.publish(EventPublisher.java:35)
	at cn.good.infrastructure.persistent.repository.TaskRepository.sendMessage(TaskRepository.java:45)
	at cn.good.infrastructure.persistent.repository.TaskRepository$$FastClassBySpringCGLIB$$10d01039.invoke(<generated>)
	at org.springframework.cglib.proxy.MethodProxy.invoke(MethodProxy.java:218)
	at org.springframework.aop.framework.CglibAopProxy$CglibMethodInvocation.invokeJoinpoint(CglibAopProxy.java:793)
	at org.springframework.aop.framework.ReflectiveMethodInvocation.proceed(ReflectiveMethodInvocation.java:163)
	at org.springframework.aop.framework.CglibAopProxy$CglibMethodInvocation.proceed(CglibAopProxy.java:763)
	at org.springframework.dao.support.PersistenceExceptionTranslationInterceptor.invoke(PersistenceExceptionTranslationInterceptor.java:137)
	at org.springframework.aop.framework.ReflectiveMethodInvocation.proceed(ReflectiveMethodInvocation.java:186)
	at org.springframework.aop.framework.CglibAopProxy$CglibMethodInvocation.proceed(CglibAopProxy.java:763)
	at org.springframework.aop.framework.CglibAopProxy$DynamicAdvisedInterceptor.intercept(CglibAopProxy.java:708)
	at cn.good.infrastructure.persistent.repository.TaskRepository$$EnhancerBySpringCGLIB$$c784bfba.sendMessage(<generated>)
	at cn.good.domain.task.service.TaskService.sendMessage(TaskService.java:29)
	at cn.good.trigger.job.SendMessageTaskJob.exec_db01(SendMessageTaskJob.java:42)
	at sun.reflect.NativeMethodAccessorImpl.invoke0(Native Method)
	at sun.reflect.NativeMethodAccessorImpl.invoke(NativeMethodAccessorImpl.java:62)
	at sun.reflect.DelegatingMethodAccessorImpl.invoke(DelegatingMethodAccessorImpl.java:43)
	at java.lang.reflect.Method.invoke(Method.java:498)
	at org.springframework.scheduling.support.ScheduledMethodRunnable.run(ScheduledMethodRunnable.java:84)
	at org.springframework.scheduling.support.DelegatingErrorHandlingRunnable.run(DelegatingErrorHandlingRunnable.java:54)
	at org.springframework.scheduling.concurrent.ReschedulingRunnable.run(ReschedulingRunnable.java:95)
	at java.util.concurrent.Executors$RunnableAdapter.call(Executors.java:511)
	at java.util.concurrent.FutureTask.run(FutureTask.java:266)
	at java.util.concurrent.ScheduledThreadPoolExecutor$ScheduledFutureTask.access$201(ScheduledThreadPoolExecutor.java:180)
	at java.util.concurrent.ScheduledThreadPoolExecutor$ScheduledFutureTask.run(ScheduledThreadPoolExecutor.java:293)
	at java.util.concurrent.ThreadPoolExecutor.runWorker(ThreadPoolExecutor.java:1149)
	at java.util.concurrent.ThreadPoolExecutor$Worker.run(ThreadPoolExecutor.java:624)
	at java.lang.Thread.run(Thread.java:750)
25-03-31.22:09:50.018 [scheduling-1    ] ERROR SendMessageTaskJob     - 定时任务，发送MQ消息失败 userId: wkm topic: null
25-03-31.22:09:50.019 [scheduling-1    ] ERROR EventPublisher         - 发送MQ消息失败 topic:null message :null
java.lang.NullPointerException: null
	at org.springframework.amqp.support.converter.SimpleMessageConverter.createMessage(SimpleMessageConverter.java:164)
	at org.springframework.amqp.support.converter.AbstractMessageConverter.createMessage(AbstractMessageConverter.java:88)
	at org.springframework.amqp.support.converter.AbstractMessageConverter.toMessage(AbstractMessageConverter.java:70)
	at org.springframework.amqp.support.converter.AbstractMessageConverter.toMessage(AbstractMessageConverter.java:58)
	at org.springframework.amqp.rabbit.core.RabbitTemplate.convertMessageIfNecessary(RabbitTemplate.java:1861)
	at org.springframework.amqp.rabbit.core.RabbitTemplate.convertAndSend(RabbitTemplate.java:1167)
	at org.springframework.amqp.rabbit.core.RabbitTemplate.convertAndSend(RabbitTemplate.java:1149)
	at cn.good.infrastructure.event.EventPublisher.publish(EventPublisher.java:35)
	at cn.good.infrastructure.persistent.repository.TaskRepository.sendMessage(TaskRepository.java:45)
	at cn.good.infrastructure.persistent.repository.TaskRepository$$FastClassBySpringCGLIB$$10d01039.invoke(<generated>)
	at org.springframework.cglib.proxy.MethodProxy.invoke(MethodProxy.java:218)
	at org.springframework.aop.framework.CglibAopProxy$CglibMethodInvocation.invokeJoinpoint(CglibAopProxy.java:793)
	at org.springframework.aop.framework.ReflectiveMethodInvocation.proceed(ReflectiveMethodInvocation.java:163)
	at org.springframework.aop.framework.CglibAopProxy$CglibMethodInvocation.proceed(CglibAopProxy.java:763)
	at org.springframework.dao.support.PersistenceExceptionTranslationInterceptor.invoke(PersistenceExceptionTranslationInterceptor.java:137)
	at org.springframework.aop.framework.ReflectiveMethodInvocation.proceed(ReflectiveMethodInvocation.java:186)
	at org.springframework.aop.framework.CglibAopProxy$CglibMethodInvocation.proceed(CglibAopProxy.java:763)
	at org.springframework.aop.framework.CglibAopProxy$DynamicAdvisedInterceptor.intercept(CglibAopProxy.java:708)
	at cn.good.infrastructure.persistent.repository.TaskRepository$$EnhancerBySpringCGLIB$$c784bfba.sendMessage(<generated>)
	at cn.good.domain.task.service.TaskService.sendMessage(TaskService.java:29)
	at cn.good.trigger.job.SendMessageTaskJob.exec_db01(SendMessageTaskJob.java:42)
	at sun.reflect.NativeMethodAccessorImpl.invoke0(Native Method)
	at sun.reflect.NativeMethodAccessorImpl.invoke(NativeMethodAccessorImpl.java:62)
	at sun.reflect.DelegatingMethodAccessorImpl.invoke(DelegatingMethodAccessorImpl.java:43)
	at java.lang.reflect.Method.invoke(Method.java:498)
	at org.springframework.scheduling.support.ScheduledMethodRunnable.run(ScheduledMethodRunnable.java:84)
	at org.springframework.scheduling.support.DelegatingErrorHandlingRunnable.run(DelegatingErrorHandlingRunnable.java:54)
	at org.springframework.scheduling.concurrent.ReschedulingRunnable.run(ReschedulingRunnable.java:95)
	at java.util.concurrent.Executors$RunnableAdapter.call(Executors.java:511)
	at java.util.concurrent.FutureTask.run(FutureTask.java:266)
	at java.util.concurrent.ScheduledThreadPoolExecutor$ScheduledFutureTask.access$201(ScheduledThreadPoolExecutor.java:180)
	at java.util.concurrent.ScheduledThreadPoolExecutor$ScheduledFutureTask.run(ScheduledThreadPoolExecutor.java:293)
	at java.util.concurrent.ThreadPoolExecutor.runWorker(ThreadPoolExecutor.java:1149)
	at java.util.concurrent.ThreadPoolExecutor$Worker.run(ThreadPoolExecutor.java:624)
	at java.lang.Thread.run(Thread.java:750)
25-03-31.22:09:50.019 [scheduling-1    ] ERROR SendMessageTaskJob     - 定时任务，发送MQ消息失败 userId: wkm topic: null
25-03-31.22:09:55.015 [scheduling-1    ] ERROR EventPublisher         - 发送MQ消息失败 topic:null message :null
java.lang.NullPointerException: null
	at org.springframework.amqp.support.converter.SimpleMessageConverter.createMessage(SimpleMessageConverter.java:164)
	at org.springframework.amqp.support.converter.AbstractMessageConverter.createMessage(AbstractMessageConverter.java:88)
	at org.springframework.amqp.support.converter.AbstractMessageConverter.toMessage(AbstractMessageConverter.java:70)
	at org.springframework.amqp.support.converter.AbstractMessageConverter.toMessage(AbstractMessageConverter.java:58)
	at org.springframework.amqp.rabbit.core.RabbitTemplate.convertMessageIfNecessary(RabbitTemplate.java:1861)
	at org.springframework.amqp.rabbit.core.RabbitTemplate.convertAndSend(RabbitTemplate.java:1167)
	at org.springframework.amqp.rabbit.core.RabbitTemplate.convertAndSend(RabbitTemplate.java:1149)
	at cn.good.infrastructure.event.EventPublisher.publish(EventPublisher.java:35)
	at cn.good.infrastructure.persistent.repository.TaskRepository.sendMessage(TaskRepository.java:45)
	at cn.good.infrastructure.persistent.repository.TaskRepository$$FastClassBySpringCGLIB$$10d01039.invoke(<generated>)
	at org.springframework.cglib.proxy.MethodProxy.invoke(MethodProxy.java:218)
	at org.springframework.aop.framework.CglibAopProxy$CglibMethodInvocation.invokeJoinpoint(CglibAopProxy.java:793)
	at org.springframework.aop.framework.ReflectiveMethodInvocation.proceed(ReflectiveMethodInvocation.java:163)
	at org.springframework.aop.framework.CglibAopProxy$CglibMethodInvocation.proceed(CglibAopProxy.java:763)
	at org.springframework.dao.support.PersistenceExceptionTranslationInterceptor.invoke(PersistenceExceptionTranslationInterceptor.java:137)
	at org.springframework.aop.framework.ReflectiveMethodInvocation.proceed(ReflectiveMethodInvocation.java:186)
	at org.springframework.aop.framework.CglibAopProxy$CglibMethodInvocation.proceed(CglibAopProxy.java:763)
	at org.springframework.aop.framework.CglibAopProxy$DynamicAdvisedInterceptor.intercept(CglibAopProxy.java:708)
	at cn.good.infrastructure.persistent.repository.TaskRepository$$EnhancerBySpringCGLIB$$c784bfba.sendMessage(<generated>)
	at cn.good.domain.task.service.TaskService.sendMessage(TaskService.java:29)
	at cn.good.trigger.job.SendMessageTaskJob.exec_db01(SendMessageTaskJob.java:42)
	at sun.reflect.NativeMethodAccessorImpl.invoke0(Native Method)
	at sun.reflect.NativeMethodAccessorImpl.invoke(NativeMethodAccessorImpl.java:62)
	at sun.reflect.DelegatingMethodAccessorImpl.invoke(DelegatingMethodAccessorImpl.java:43)
	at java.lang.reflect.Method.invoke(Method.java:498)
	at org.springframework.scheduling.support.ScheduledMethodRunnable.run(ScheduledMethodRunnable.java:84)
	at org.springframework.scheduling.support.DelegatingErrorHandlingRunnable.run(DelegatingErrorHandlingRunnable.java:54)
	at org.springframework.scheduling.concurrent.ReschedulingRunnable.run(ReschedulingRunnable.java:95)
	at java.util.concurrent.Executors$RunnableAdapter.call(Executors.java:511)
	at java.util.concurrent.FutureTask.run(FutureTask.java:266)
	at java.util.concurrent.ScheduledThreadPoolExecutor$ScheduledFutureTask.access$201(ScheduledThreadPoolExecutor.java:180)
	at java.util.concurrent.ScheduledThreadPoolExecutor$ScheduledFutureTask.run(ScheduledThreadPoolExecutor.java:293)
	at java.util.concurrent.ThreadPoolExecutor.runWorker(ThreadPoolExecutor.java:1149)
	at java.util.concurrent.ThreadPoolExecutor$Worker.run(ThreadPoolExecutor.java:624)
	at java.lang.Thread.run(Thread.java:750)
25-03-31.22:09:55.015 [scheduling-1    ] ERROR SendMessageTaskJob     - 定时任务，发送MQ消息失败 userId: wkm topic: null
25-03-31.22:09:55.016 [scheduling-1    ] ERROR EventPublisher         - 发送MQ消息失败 topic:null message :null
java.lang.NullPointerException: null
	at org.springframework.amqp.support.converter.SimpleMessageConverter.createMessage(SimpleMessageConverter.java:164)
	at org.springframework.amqp.support.converter.AbstractMessageConverter.createMessage(AbstractMessageConverter.java:88)
	at org.springframework.amqp.support.converter.AbstractMessageConverter.toMessage(AbstractMessageConverter.java:70)
	at org.springframework.amqp.support.converter.AbstractMessageConverter.toMessage(AbstractMessageConverter.java:58)
	at org.springframework.amqp.rabbit.core.RabbitTemplate.convertMessageIfNecessary(RabbitTemplate.java:1861)
	at org.springframework.amqp.rabbit.core.RabbitTemplate.convertAndSend(RabbitTemplate.java:1167)
	at org.springframework.amqp.rabbit.core.RabbitTemplate.convertAndSend(RabbitTemplate.java:1149)
	at cn.good.infrastructure.event.EventPublisher.publish(EventPublisher.java:35)
	at cn.good.infrastructure.persistent.repository.TaskRepository.sendMessage(TaskRepository.java:45)
	at cn.good.infrastructure.persistent.repository.TaskRepository$$FastClassBySpringCGLIB$$10d01039.invoke(<generated>)
	at org.springframework.cglib.proxy.MethodProxy.invoke(MethodProxy.java:218)
	at org.springframework.aop.framework.CglibAopProxy$CglibMethodInvocation.invokeJoinpoint(CglibAopProxy.java:793)
	at org.springframework.aop.framework.ReflectiveMethodInvocation.proceed(ReflectiveMethodInvocation.java:163)
	at org.springframework.aop.framework.CglibAopProxy$CglibMethodInvocation.proceed(CglibAopProxy.java:763)
	at org.springframework.dao.support.PersistenceExceptionTranslationInterceptor.invoke(PersistenceExceptionTranslationInterceptor.java:137)
	at org.springframework.aop.framework.ReflectiveMethodInvocation.proceed(ReflectiveMethodInvocation.java:186)
	at org.springframework.aop.framework.CglibAopProxy$CglibMethodInvocation.proceed(CglibAopProxy.java:763)
	at org.springframework.aop.framework.CglibAopProxy$DynamicAdvisedInterceptor.intercept(CglibAopProxy.java:708)
	at cn.good.infrastructure.persistent.repository.TaskRepository$$EnhancerBySpringCGLIB$$c784bfba.sendMessage(<generated>)
	at cn.good.domain.task.service.TaskService.sendMessage(TaskService.java:29)
	at cn.good.trigger.job.SendMessageTaskJob.exec_db01(SendMessageTaskJob.java:42)
	at sun.reflect.NativeMethodAccessorImpl.invoke0(Native Method)
	at sun.reflect.NativeMethodAccessorImpl.invoke(NativeMethodAccessorImpl.java:62)
	at sun.reflect.DelegatingMethodAccessorImpl.invoke(DelegatingMethodAccessorImpl.java:43)
	at java.lang.reflect.Method.invoke(Method.java:498)
	at org.springframework.scheduling.support.ScheduledMethodRunnable.run(ScheduledMethodRunnable.java:84)
	at org.springframework.scheduling.support.DelegatingErrorHandlingRunnable.run(DelegatingErrorHandlingRunnable.java:54)
	at org.springframework.scheduling.concurrent.ReschedulingRunnable.run(ReschedulingRunnable.java:95)
	at java.util.concurrent.Executors$RunnableAdapter.call(Executors.java:511)
	at java.util.concurrent.FutureTask.run(FutureTask.java:266)
	at java.util.concurrent.ScheduledThreadPoolExecutor$ScheduledFutureTask.access$201(ScheduledThreadPoolExecutor.java:180)
	at java.util.concurrent.ScheduledThreadPoolExecutor$ScheduledFutureTask.run(ScheduledThreadPoolExecutor.java:293)
	at java.util.concurrent.ThreadPoolExecutor.runWorker(ThreadPoolExecutor.java:1149)
	at java.util.concurrent.ThreadPoolExecutor$Worker.run(ThreadPoolExecutor.java:624)
	at java.lang.Thread.run(Thread.java:750)
25-03-31.22:09:55.017 [scheduling-1    ] ERROR SendMessageTaskJob     - 定时任务，发送MQ消息失败 userId: wkm topic: null
25-03-31.22:09:55.018 [scheduling-1    ] ERROR EventPublisher         - 发送MQ消息失败 topic:null message :null
java.lang.NullPointerException: null
	at org.springframework.amqp.support.converter.SimpleMessageConverter.createMessage(SimpleMessageConverter.java:164)
	at org.springframework.amqp.support.converter.AbstractMessageConverter.createMessage(AbstractMessageConverter.java:88)
	at org.springframework.amqp.support.converter.AbstractMessageConverter.toMessage(AbstractMessageConverter.java:70)
	at org.springframework.amqp.support.converter.AbstractMessageConverter.toMessage(AbstractMessageConverter.java:58)
	at org.springframework.amqp.rabbit.core.RabbitTemplate.convertMessageIfNecessary(RabbitTemplate.java:1861)
	at org.springframework.amqp.rabbit.core.RabbitTemplate.convertAndSend(RabbitTemplate.java:1167)
	at org.springframework.amqp.rabbit.core.RabbitTemplate.convertAndSend(RabbitTemplate.java:1149)
	at cn.good.infrastructure.event.EventPublisher.publish(EventPublisher.java:35)
	at cn.good.infrastructure.persistent.repository.TaskRepository.sendMessage(TaskRepository.java:45)
	at cn.good.infrastructure.persistent.repository.TaskRepository$$FastClassBySpringCGLIB$$10d01039.invoke(<generated>)
	at org.springframework.cglib.proxy.MethodProxy.invoke(MethodProxy.java:218)
	at org.springframework.aop.framework.CglibAopProxy$CglibMethodInvocation.invokeJoinpoint(CglibAopProxy.java:793)
	at org.springframework.aop.framework.ReflectiveMethodInvocation.proceed(ReflectiveMethodInvocation.java:163)
	at org.springframework.aop.framework.CglibAopProxy$CglibMethodInvocation.proceed(CglibAopProxy.java:763)
	at org.springframework.dao.support.PersistenceExceptionTranslationInterceptor.invoke(PersistenceExceptionTranslationInterceptor.java:137)
	at org.springframework.aop.framework.ReflectiveMethodInvocation.proceed(ReflectiveMethodInvocation.java:186)
	at org.springframework.aop.framework.CglibAopProxy$CglibMethodInvocation.proceed(CglibAopProxy.java:763)
	at org.springframework.aop.framework.CglibAopProxy$DynamicAdvisedInterceptor.intercept(CglibAopProxy.java:708)
	at cn.good.infrastructure.persistent.repository.TaskRepository$$EnhancerBySpringCGLIB$$c784bfba.sendMessage(<generated>)
	at cn.good.domain.task.service.TaskService.sendMessage(TaskService.java:29)
	at cn.good.trigger.job.SendMessageTaskJob.exec_db01(SendMessageTaskJob.java:42)
	at sun.reflect.NativeMethodAccessorImpl.invoke0(Native Method)
	at sun.reflect.NativeMethodAccessorImpl.invoke(NativeMethodAccessorImpl.java:62)
	at sun.reflect.DelegatingMethodAccessorImpl.invoke(DelegatingMethodAccessorImpl.java:43)
	at java.lang.reflect.Method.invoke(Method.java:498)
	at org.springframework.scheduling.support.ScheduledMethodRunnable.run(ScheduledMethodRunnable.java:84)
	at org.springframework.scheduling.support.DelegatingErrorHandlingRunnable.run(DelegatingErrorHandlingRunnable.java:54)
	at org.springframework.scheduling.concurrent.ReschedulingRunnable.run(ReschedulingRunnable.java:95)
	at java.util.concurrent.Executors$RunnableAdapter.call(Executors.java:511)
	at java.util.concurrent.FutureTask.run(FutureTask.java:266)
	at java.util.concurrent.ScheduledThreadPoolExecutor$ScheduledFutureTask.access$201(ScheduledThreadPoolExecutor.java:180)
	at java.util.concurrent.ScheduledThreadPoolExecutor$ScheduledFutureTask.run(ScheduledThreadPoolExecutor.java:293)
	at java.util.concurrent.ThreadPoolExecutor.runWorker(ThreadPoolExecutor.java:1149)
	at java.util.concurrent.ThreadPoolExecutor$Worker.run(ThreadPoolExecutor.java:624)
	at java.lang.Thread.run(Thread.java:750)
25-03-31.22:09:55.018 [scheduling-1    ] ERROR SendMessageTaskJob     - 定时任务，发送MQ消息失败 userId: wkm topic: null
25-03-31.22:10:00.064 [scheduling-1    ] ERROR EventPublisher         - 发送MQ消息失败 topic:null message :null
java.lang.NullPointerException: null
	at org.springframework.amqp.support.converter.SimpleMessageConverter.createMessage(SimpleMessageConverter.java:164)
	at org.springframework.amqp.support.converter.AbstractMessageConverter.createMessage(AbstractMessageConverter.java:88)
	at org.springframework.amqp.support.converter.AbstractMessageConverter.toMessage(AbstractMessageConverter.java:70)
	at org.springframework.amqp.support.converter.AbstractMessageConverter.toMessage(AbstractMessageConverter.java:58)
	at org.springframework.amqp.rabbit.core.RabbitTemplate.convertMessageIfNecessary(RabbitTemplate.java:1861)
	at org.springframework.amqp.rabbit.core.RabbitTemplate.convertAndSend(RabbitTemplate.java:1167)
	at org.springframework.amqp.rabbit.core.RabbitTemplate.convertAndSend(RabbitTemplate.java:1149)
	at cn.good.infrastructure.event.EventPublisher.publish(EventPublisher.java:35)
	at cn.good.infrastructure.persistent.repository.TaskRepository.sendMessage(TaskRepository.java:45)
	at cn.good.infrastructure.persistent.repository.TaskRepository$$FastClassBySpringCGLIB$$10d01039.invoke(<generated>)
	at org.springframework.cglib.proxy.MethodProxy.invoke(MethodProxy.java:218)
	at org.springframework.aop.framework.CglibAopProxy$CglibMethodInvocation.invokeJoinpoint(CglibAopProxy.java:793)
	at org.springframework.aop.framework.ReflectiveMethodInvocation.proceed(ReflectiveMethodInvocation.java:163)
	at org.springframework.aop.framework.CglibAopProxy$CglibMethodInvocation.proceed(CglibAopProxy.java:763)
	at org.springframework.dao.support.PersistenceExceptionTranslationInterceptor.invoke(PersistenceExceptionTranslationInterceptor.java:137)
	at org.springframework.aop.framework.ReflectiveMethodInvocation.proceed(ReflectiveMethodInvocation.java:186)
	at org.springframework.aop.framework.CglibAopProxy$CglibMethodInvocation.proceed(CglibAopProxy.java:763)
	at org.springframework.aop.framework.CglibAopProxy$DynamicAdvisedInterceptor.intercept(CglibAopProxy.java:708)
	at cn.good.infrastructure.persistent.repository.TaskRepository$$EnhancerBySpringCGLIB$$c784bfba.sendMessage(<generated>)
	at cn.good.domain.task.service.TaskService.sendMessage(TaskService.java:29)
	at cn.good.trigger.job.SendMessageTaskJob.exec_db01(SendMessageTaskJob.java:42)
	at sun.reflect.NativeMethodAccessorImpl.invoke0(Native Method)
	at sun.reflect.NativeMethodAccessorImpl.invoke(NativeMethodAccessorImpl.java:62)
	at sun.reflect.DelegatingMethodAccessorImpl.invoke(DelegatingMethodAccessorImpl.java:43)
	at java.lang.reflect.Method.invoke(Method.java:498)
	at org.springframework.scheduling.support.ScheduledMethodRunnable.run(ScheduledMethodRunnable.java:84)
	at org.springframework.scheduling.support.DelegatingErrorHandlingRunnable.run(DelegatingErrorHandlingRunnable.java:54)
	at org.springframework.scheduling.concurrent.ReschedulingRunnable.run(ReschedulingRunnable.java:95)
	at java.util.concurrent.Executors$RunnableAdapter.call(Executors.java:511)
	at java.util.concurrent.FutureTask.run(FutureTask.java:266)
	at java.util.concurrent.ScheduledThreadPoolExecutor$ScheduledFutureTask.access$201(ScheduledThreadPoolExecutor.java:180)
	at java.util.concurrent.ScheduledThreadPoolExecutor$ScheduledFutureTask.run(ScheduledThreadPoolExecutor.java:293)
	at java.util.concurrent.ThreadPoolExecutor.runWorker(ThreadPoolExecutor.java:1149)
	at java.util.concurrent.ThreadPoolExecutor$Worker.run(ThreadPoolExecutor.java:624)
	at java.lang.Thread.run(Thread.java:750)
25-03-31.22:10:00.064 [scheduling-1    ] ERROR SendMessageTaskJob     - 定时任务，发送MQ消息失败 userId: wkm topic: null
25-03-31.22:10:00.066 [scheduling-1    ] ERROR EventPublisher         - 发送MQ消息失败 topic:null message :null
java.lang.NullPointerException: null
	at org.springframework.amqp.support.converter.SimpleMessageConverter.createMessage(SimpleMessageConverter.java:164)
	at org.springframework.amqp.support.converter.AbstractMessageConverter.createMessage(AbstractMessageConverter.java:88)
	at org.springframework.amqp.support.converter.AbstractMessageConverter.toMessage(AbstractMessageConverter.java:70)
	at org.springframework.amqp.support.converter.AbstractMessageConverter.toMessage(AbstractMessageConverter.java:58)
	at org.springframework.amqp.rabbit.core.RabbitTemplate.convertMessageIfNecessary(RabbitTemplate.java:1861)
	at org.springframework.amqp.rabbit.core.RabbitTemplate.convertAndSend(RabbitTemplate.java:1167)
	at org.springframework.amqp.rabbit.core.RabbitTemplate.convertAndSend(RabbitTemplate.java:1149)
	at cn.good.infrastructure.event.EventPublisher.publish(EventPublisher.java:35)
	at cn.good.infrastructure.persistent.repository.TaskRepository.sendMessage(TaskRepository.java:45)
	at cn.good.infrastructure.persistent.repository.TaskRepository$$FastClassBySpringCGLIB$$10d01039.invoke(<generated>)
	at org.springframework.cglib.proxy.MethodProxy.invoke(MethodProxy.java:218)
	at org.springframework.aop.framework.CglibAopProxy$CglibMethodInvocation.invokeJoinpoint(CglibAopProxy.java:793)
	at org.springframework.aop.framework.ReflectiveMethodInvocation.proceed(ReflectiveMethodInvocation.java:163)
	at org.springframework.aop.framework.CglibAopProxy$CglibMethodInvocation.proceed(CglibAopProxy.java:763)
	at org.springframework.dao.support.PersistenceExceptionTranslationInterceptor.invoke(PersistenceExceptionTranslationInterceptor.java:137)
	at org.springframework.aop.framework.ReflectiveMethodInvocation.proceed(ReflectiveMethodInvocation.java:186)
	at org.springframework.aop.framework.CglibAopProxy$CglibMethodInvocation.proceed(CglibAopProxy.java:763)
	at org.springframework.aop.framework.CglibAopProxy$DynamicAdvisedInterceptor.intercept(CglibAopProxy.java:708)
	at cn.good.infrastructure.persistent.repository.TaskRepository$$EnhancerBySpringCGLIB$$c784bfba.sendMessage(<generated>)
	at cn.good.domain.task.service.TaskService.sendMessage(TaskService.java:29)
	at cn.good.trigger.job.SendMessageTaskJob.exec_db01(SendMessageTaskJob.java:42)
	at sun.reflect.NativeMethodAccessorImpl.invoke0(Native Method)
	at sun.reflect.NativeMethodAccessorImpl.invoke(NativeMethodAccessorImpl.java:62)
	at sun.reflect.DelegatingMethodAccessorImpl.invoke(DelegatingMethodAccessorImpl.java:43)
	at java.lang.reflect.Method.invoke(Method.java:498)
	at org.springframework.scheduling.support.ScheduledMethodRunnable.run(ScheduledMethodRunnable.java:84)
	at org.springframework.scheduling.support.DelegatingErrorHandlingRunnable.run(DelegatingErrorHandlingRunnable.java:54)
	at org.springframework.scheduling.concurrent.ReschedulingRunnable.run(ReschedulingRunnable.java:95)
	at java.util.concurrent.Executors$RunnableAdapter.call(Executors.java:511)
	at java.util.concurrent.FutureTask.run(FutureTask.java:266)
	at java.util.concurrent.ScheduledThreadPoolExecutor$ScheduledFutureTask.access$201(ScheduledThreadPoolExecutor.java:180)
	at java.util.concurrent.ScheduledThreadPoolExecutor$ScheduledFutureTask.run(ScheduledThreadPoolExecutor.java:293)
	at java.util.concurrent.ThreadPoolExecutor.runWorker(ThreadPoolExecutor.java:1149)
	at java.util.concurrent.ThreadPoolExecutor$Worker.run(ThreadPoolExecutor.java:624)
	at java.lang.Thread.run(Thread.java:750)
25-03-31.22:10:00.067 [scheduling-1    ] ERROR SendMessageTaskJob     - 定时任务，发送MQ消息失败 userId: wkm topic: null
25-03-31.22:10:00.068 [scheduling-1    ] ERROR EventPublisher         - 发送MQ消息失败 topic:null message :null
java.lang.NullPointerException: null
	at org.springframework.amqp.support.converter.SimpleMessageConverter.createMessage(SimpleMessageConverter.java:164)
	at org.springframework.amqp.support.converter.AbstractMessageConverter.createMessage(AbstractMessageConverter.java:88)
	at org.springframework.amqp.support.converter.AbstractMessageConverter.toMessage(AbstractMessageConverter.java:70)
	at org.springframework.amqp.support.converter.AbstractMessageConverter.toMessage(AbstractMessageConverter.java:58)
	at org.springframework.amqp.rabbit.core.RabbitTemplate.convertMessageIfNecessary(RabbitTemplate.java:1861)
	at org.springframework.amqp.rabbit.core.RabbitTemplate.convertAndSend(RabbitTemplate.java:1167)
	at org.springframework.amqp.rabbit.core.RabbitTemplate.convertAndSend(RabbitTemplate.java:1149)
	at cn.good.infrastructure.event.EventPublisher.publish(EventPublisher.java:35)
	at cn.good.infrastructure.persistent.repository.TaskRepository.sendMessage(TaskRepository.java:45)
	at cn.good.infrastructure.persistent.repository.TaskRepository$$FastClassBySpringCGLIB$$10d01039.invoke(<generated>)
	at org.springframework.cglib.proxy.MethodProxy.invoke(MethodProxy.java:218)
	at org.springframework.aop.framework.CglibAopProxy$CglibMethodInvocation.invokeJoinpoint(CglibAopProxy.java:793)
	at org.springframework.aop.framework.ReflectiveMethodInvocation.proceed(ReflectiveMethodInvocation.java:163)
	at org.springframework.aop.framework.CglibAopProxy$CglibMethodInvocation.proceed(CglibAopProxy.java:763)
	at org.springframework.dao.support.PersistenceExceptionTranslationInterceptor.invoke(PersistenceExceptionTranslationInterceptor.java:137)
	at org.springframework.aop.framework.ReflectiveMethodInvocation.proceed(ReflectiveMethodInvocation.java:186)
	at org.springframework.aop.framework.CglibAopProxy$CglibMethodInvocation.proceed(CglibAopProxy.java:763)
	at org.springframework.aop.framework.CglibAopProxy$DynamicAdvisedInterceptor.intercept(CglibAopProxy.java:708)
	at cn.good.infrastructure.persistent.repository.TaskRepository$$EnhancerBySpringCGLIB$$c784bfba.sendMessage(<generated>)
	at cn.good.domain.task.service.TaskService.sendMessage(TaskService.java:29)
	at cn.good.trigger.job.SendMessageTaskJob.exec_db01(SendMessageTaskJob.java:42)
	at sun.reflect.NativeMethodAccessorImpl.invoke0(Native Method)
	at sun.reflect.NativeMethodAccessorImpl.invoke(NativeMethodAccessorImpl.java:62)
	at sun.reflect.DelegatingMethodAccessorImpl.invoke(DelegatingMethodAccessorImpl.java:43)
	at java.lang.reflect.Method.invoke(Method.java:498)
	at org.springframework.scheduling.support.ScheduledMethodRunnable.run(ScheduledMethodRunnable.java:84)
	at org.springframework.scheduling.support.DelegatingErrorHandlingRunnable.run(DelegatingErrorHandlingRunnable.java:54)
	at org.springframework.scheduling.concurrent.ReschedulingRunnable.run(ReschedulingRunnable.java:95)
	at java.util.concurrent.Executors$RunnableAdapter.call(Executors.java:511)
	at java.util.concurrent.FutureTask.run(FutureTask.java:266)
	at java.util.concurrent.ScheduledThreadPoolExecutor$ScheduledFutureTask.access$201(ScheduledThreadPoolExecutor.java:180)
	at java.util.concurrent.ScheduledThreadPoolExecutor$ScheduledFutureTask.run(ScheduledThreadPoolExecutor.java:293)
	at java.util.concurrent.ThreadPoolExecutor.runWorker(ThreadPoolExecutor.java:1149)
	at java.util.concurrent.ThreadPoolExecutor$Worker.run(ThreadPoolExecutor.java:624)
	at java.lang.Thread.run(Thread.java:750)
25-03-31.22:10:00.068 [scheduling-1    ] ERROR SendMessageTaskJob     - 定时任务，发送MQ消息失败 userId: wkm topic: null
25-03-31.22:10:05.015 [scheduling-1    ] ERROR EventPublisher         - 发送MQ消息失败 topic:null message :null
java.lang.NullPointerException: null
	at org.springframework.amqp.support.converter.SimpleMessageConverter.createMessage(SimpleMessageConverter.java:164)
	at org.springframework.amqp.support.converter.AbstractMessageConverter.createMessage(AbstractMessageConverter.java:88)
	at org.springframework.amqp.support.converter.AbstractMessageConverter.toMessage(AbstractMessageConverter.java:70)
	at org.springframework.amqp.support.converter.AbstractMessageConverter.toMessage(AbstractMessageConverter.java:58)
	at org.springframework.amqp.rabbit.core.RabbitTemplate.convertMessageIfNecessary(RabbitTemplate.java:1861)
	at org.springframework.amqp.rabbit.core.RabbitTemplate.convertAndSend(RabbitTemplate.java:1167)
	at org.springframework.amqp.rabbit.core.RabbitTemplate.convertAndSend(RabbitTemplate.java:1149)
	at cn.good.infrastructure.event.EventPublisher.publish(EventPublisher.java:35)
	at cn.good.infrastructure.persistent.repository.TaskRepository.sendMessage(TaskRepository.java:45)
	at cn.good.infrastructure.persistent.repository.TaskRepository$$FastClassBySpringCGLIB$$10d01039.invoke(<generated>)
	at org.springframework.cglib.proxy.MethodProxy.invoke(MethodProxy.java:218)
	at org.springframework.aop.framework.CglibAopProxy$CglibMethodInvocation.invokeJoinpoint(CglibAopProxy.java:793)
	at org.springframework.aop.framework.ReflectiveMethodInvocation.proceed(ReflectiveMethodInvocation.java:163)
	at org.springframework.aop.framework.CglibAopProxy$CglibMethodInvocation.proceed(CglibAopProxy.java:763)
	at org.springframework.dao.support.PersistenceExceptionTranslationInterceptor.invoke(PersistenceExceptionTranslationInterceptor.java:137)
	at org.springframework.aop.framework.ReflectiveMethodInvocation.proceed(ReflectiveMethodInvocation.java:186)
	at org.springframework.aop.framework.CglibAopProxy$CglibMethodInvocation.proceed(CglibAopProxy.java:763)
	at org.springframework.aop.framework.CglibAopProxy$DynamicAdvisedInterceptor.intercept(CglibAopProxy.java:708)
	at cn.good.infrastructure.persistent.repository.TaskRepository$$EnhancerBySpringCGLIB$$c784bfba.sendMessage(<generated>)
	at cn.good.domain.task.service.TaskService.sendMessage(TaskService.java:29)
	at cn.good.trigger.job.SendMessageTaskJob.exec_db01(SendMessageTaskJob.java:42)
	at sun.reflect.NativeMethodAccessorImpl.invoke0(Native Method)
	at sun.reflect.NativeMethodAccessorImpl.invoke(NativeMethodAccessorImpl.java:62)
	at sun.reflect.DelegatingMethodAccessorImpl.invoke(DelegatingMethodAccessorImpl.java:43)
	at java.lang.reflect.Method.invoke(Method.java:498)
	at org.springframework.scheduling.support.ScheduledMethodRunnable.run(ScheduledMethodRunnable.java:84)
	at org.springframework.scheduling.support.DelegatingErrorHandlingRunnable.run(DelegatingErrorHandlingRunnable.java:54)
	at org.springframework.scheduling.concurrent.ReschedulingRunnable.run(ReschedulingRunnable.java:95)
	at java.util.concurrent.Executors$RunnableAdapter.call(Executors.java:511)
	at java.util.concurrent.FutureTask.run(FutureTask.java:266)
	at java.util.concurrent.ScheduledThreadPoolExecutor$ScheduledFutureTask.access$201(ScheduledThreadPoolExecutor.java:180)
	at java.util.concurrent.ScheduledThreadPoolExecutor$ScheduledFutureTask.run(ScheduledThreadPoolExecutor.java:293)
	at java.util.concurrent.ThreadPoolExecutor.runWorker(ThreadPoolExecutor.java:1149)
	at java.util.concurrent.ThreadPoolExecutor$Worker.run(ThreadPoolExecutor.java:624)
	at java.lang.Thread.run(Thread.java:750)
25-03-31.22:10:05.015 [scheduling-1    ] ERROR SendMessageTaskJob     - 定时任务，发送MQ消息失败 userId: wkm topic: null
25-03-31.22:10:05.017 [scheduling-1    ] ERROR EventPublisher         - 发送MQ消息失败 topic:null message :null
java.lang.NullPointerException: null
	at org.springframework.amqp.support.converter.SimpleMessageConverter.createMessage(SimpleMessageConverter.java:164)
	at org.springframework.amqp.support.converter.AbstractMessageConverter.createMessage(AbstractMessageConverter.java:88)
	at org.springframework.amqp.support.converter.AbstractMessageConverter.toMessage(AbstractMessageConverter.java:70)
	at org.springframework.amqp.support.converter.AbstractMessageConverter.toMessage(AbstractMessageConverter.java:58)
	at org.springframework.amqp.rabbit.core.RabbitTemplate.convertMessageIfNecessary(RabbitTemplate.java:1861)
	at org.springframework.amqp.rabbit.core.RabbitTemplate.convertAndSend(RabbitTemplate.java:1167)
	at org.springframework.amqp.rabbit.core.RabbitTemplate.convertAndSend(RabbitTemplate.java:1149)
	at cn.good.infrastructure.event.EventPublisher.publish(EventPublisher.java:35)
	at cn.good.infrastructure.persistent.repository.TaskRepository.sendMessage(TaskRepository.java:45)
	at cn.good.infrastructure.persistent.repository.TaskRepository$$FastClassBySpringCGLIB$$10d01039.invoke(<generated>)
	at org.springframework.cglib.proxy.MethodProxy.invoke(MethodProxy.java:218)
	at org.springframework.aop.framework.CglibAopProxy$CglibMethodInvocation.invokeJoinpoint(CglibAopProxy.java:793)
	at org.springframework.aop.framework.ReflectiveMethodInvocation.proceed(ReflectiveMethodInvocation.java:163)
	at org.springframework.aop.framework.CglibAopProxy$CglibMethodInvocation.proceed(CglibAopProxy.java:763)
	at org.springframework.dao.support.PersistenceExceptionTranslationInterceptor.invoke(PersistenceExceptionTranslationInterceptor.java:137)
	at org.springframework.aop.framework.ReflectiveMethodInvocation.proceed(ReflectiveMethodInvocation.java:186)
	at org.springframework.aop.framework.CglibAopProxy$CglibMethodInvocation.proceed(CglibAopProxy.java:763)
	at org.springframework.aop.framework.CglibAopProxy$DynamicAdvisedInterceptor.intercept(CglibAopProxy.java:708)
	at cn.good.infrastructure.persistent.repository.TaskRepository$$EnhancerBySpringCGLIB$$c784bfba.sendMessage(<generated>)
	at cn.good.domain.task.service.TaskService.sendMessage(TaskService.java:29)
	at cn.good.trigger.job.SendMessageTaskJob.exec_db01(SendMessageTaskJob.java:42)
	at sun.reflect.NativeMethodAccessorImpl.invoke0(Native Method)
	at sun.reflect.NativeMethodAccessorImpl.invoke(NativeMethodAccessorImpl.java:62)
	at sun.reflect.DelegatingMethodAccessorImpl.invoke(DelegatingMethodAccessorImpl.java:43)
	at java.lang.reflect.Method.invoke(Method.java:498)
	at org.springframework.scheduling.support.ScheduledMethodRunnable.run(ScheduledMethodRunnable.java:84)
	at org.springframework.scheduling.support.DelegatingErrorHandlingRunnable.run(DelegatingErrorHandlingRunnable.java:54)
	at org.springframework.scheduling.concurrent.ReschedulingRunnable.run(ReschedulingRunnable.java:95)
	at java.util.concurrent.Executors$RunnableAdapter.call(Executors.java:511)
	at java.util.concurrent.FutureTask.run(FutureTask.java:266)
	at java.util.concurrent.ScheduledThreadPoolExecutor$ScheduledFutureTask.access$201(ScheduledThreadPoolExecutor.java:180)
	at java.util.concurrent.ScheduledThreadPoolExecutor$ScheduledFutureTask.run(ScheduledThreadPoolExecutor.java:293)
	at java.util.concurrent.ThreadPoolExecutor.runWorker(ThreadPoolExecutor.java:1149)
	at java.util.concurrent.ThreadPoolExecutor$Worker.run(ThreadPoolExecutor.java:624)
	at java.lang.Thread.run(Thread.java:750)
25-03-31.22:10:05.017 [scheduling-1    ] ERROR SendMessageTaskJob     - 定时任务，发送MQ消息失败 userId: wkm topic: null
25-03-31.22:10:05.019 [scheduling-1    ] ERROR EventPublisher         - 发送MQ消息失败 topic:null message :null
java.lang.NullPointerException: null
	at org.springframework.amqp.support.converter.SimpleMessageConverter.createMessage(SimpleMessageConverter.java:164)
	at org.springframework.amqp.support.converter.AbstractMessageConverter.createMessage(AbstractMessageConverter.java:88)
	at org.springframework.amqp.support.converter.AbstractMessageConverter.toMessage(AbstractMessageConverter.java:70)
	at org.springframework.amqp.support.converter.AbstractMessageConverter.toMessage(AbstractMessageConverter.java:58)
	at org.springframework.amqp.rabbit.core.RabbitTemplate.convertMessageIfNecessary(RabbitTemplate.java:1861)
	at org.springframework.amqp.rabbit.core.RabbitTemplate.convertAndSend(RabbitTemplate.java:1167)
	at org.springframework.amqp.rabbit.core.RabbitTemplate.convertAndSend(RabbitTemplate.java:1149)
	at cn.good.infrastructure.event.EventPublisher.publish(EventPublisher.java:35)
	at cn.good.infrastructure.persistent.repository.TaskRepository.sendMessage(TaskRepository.java:45)
	at cn.good.infrastructure.persistent.repository.TaskRepository$$FastClassBySpringCGLIB$$10d01039.invoke(<generated>)
	at org.springframework.cglib.proxy.MethodProxy.invoke(MethodProxy.java:218)
	at org.springframework.aop.framework.CglibAopProxy$CglibMethodInvocation.invokeJoinpoint(CglibAopProxy.java:793)
	at org.springframework.aop.framework.ReflectiveMethodInvocation.proceed(ReflectiveMethodInvocation.java:163)
	at org.springframework.aop.framework.CglibAopProxy$CglibMethodInvocation.proceed(CglibAopProxy.java:763)
	at org.springframework.dao.support.PersistenceExceptionTranslationInterceptor.invoke(PersistenceExceptionTranslationInterceptor.java:137)
	at org.springframework.aop.framework.ReflectiveMethodInvocation.proceed(ReflectiveMethodInvocation.java:186)
	at org.springframework.aop.framework.CglibAopProxy$CglibMethodInvocation.proceed(CglibAopProxy.java:763)
	at org.springframework.aop.framework.CglibAopProxy$DynamicAdvisedInterceptor.intercept(CglibAopProxy.java:708)
	at cn.good.infrastructure.persistent.repository.TaskRepository$$EnhancerBySpringCGLIB$$c784bfba.sendMessage(<generated>)
	at cn.good.domain.task.service.TaskService.sendMessage(TaskService.java:29)
	at cn.good.trigger.job.SendMessageTaskJob.exec_db01(SendMessageTaskJob.java:42)
	at sun.reflect.NativeMethodAccessorImpl.invoke0(Native Method)
	at sun.reflect.NativeMethodAccessorImpl.invoke(NativeMethodAccessorImpl.java:62)
	at sun.reflect.DelegatingMethodAccessorImpl.invoke(DelegatingMethodAccessorImpl.java:43)
	at java.lang.reflect.Method.invoke(Method.java:498)
	at org.springframework.scheduling.support.ScheduledMethodRunnable.run(ScheduledMethodRunnable.java:84)
	at org.springframework.scheduling.support.DelegatingErrorHandlingRunnable.run(DelegatingErrorHandlingRunnable.java:54)
	at org.springframework.scheduling.concurrent.ReschedulingRunnable.run(ReschedulingRunnable.java:95)
	at java.util.concurrent.Executors$RunnableAdapter.call(Executors.java:511)
	at java.util.concurrent.FutureTask.run(FutureTask.java:266)
	at java.util.concurrent.ScheduledThreadPoolExecutor$ScheduledFutureTask.access$201(ScheduledThreadPoolExecutor.java:180)
	at java.util.concurrent.ScheduledThreadPoolExecutor$ScheduledFutureTask.run(ScheduledThreadPoolExecutor.java:293)
	at java.util.concurrent.ThreadPoolExecutor.runWorker(ThreadPoolExecutor.java:1149)
	at java.util.concurrent.ThreadPoolExecutor$Worker.run(ThreadPoolExecutor.java:624)
	at java.lang.Thread.run(Thread.java:750)
25-03-31.22:10:05.019 [scheduling-1    ] ERROR SendMessageTaskJob     - 定时任务，发送MQ消息失败 userId: wkm topic: null
25-03-31.22:10:10.018 [scheduling-1    ] ERROR EventPublisher         - 发送MQ消息失败 topic:null message :null
java.lang.NullPointerException: null
	at org.springframework.amqp.support.converter.SimpleMessageConverter.createMessage(SimpleMessageConverter.java:164)
	at org.springframework.amqp.support.converter.AbstractMessageConverter.createMessage(AbstractMessageConverter.java:88)
	at org.springframework.amqp.support.converter.AbstractMessageConverter.toMessage(AbstractMessageConverter.java:70)
	at org.springframework.amqp.support.converter.AbstractMessageConverter.toMessage(AbstractMessageConverter.java:58)
	at org.springframework.amqp.rabbit.core.RabbitTemplate.convertMessageIfNecessary(RabbitTemplate.java:1861)
	at org.springframework.amqp.rabbit.core.RabbitTemplate.convertAndSend(RabbitTemplate.java:1167)
	at org.springframework.amqp.rabbit.core.RabbitTemplate.convertAndSend(RabbitTemplate.java:1149)
	at cn.good.infrastructure.event.EventPublisher.publish(EventPublisher.java:35)
	at cn.good.infrastructure.persistent.repository.TaskRepository.sendMessage(TaskRepository.java:45)
	at cn.good.infrastructure.persistent.repository.TaskRepository$$FastClassBySpringCGLIB$$10d01039.invoke(<generated>)
	at org.springframework.cglib.proxy.MethodProxy.invoke(MethodProxy.java:218)
	at org.springframework.aop.framework.CglibAopProxy$CglibMethodInvocation.invokeJoinpoint(CglibAopProxy.java:793)
	at org.springframework.aop.framework.ReflectiveMethodInvocation.proceed(ReflectiveMethodInvocation.java:163)
	at org.springframework.aop.framework.CglibAopProxy$CglibMethodInvocation.proceed(CglibAopProxy.java:763)
	at org.springframework.dao.support.PersistenceExceptionTranslationInterceptor.invoke(PersistenceExceptionTranslationInterceptor.java:137)
	at org.springframework.aop.framework.ReflectiveMethodInvocation.proceed(ReflectiveMethodInvocation.java:186)
	at org.springframework.aop.framework.CglibAopProxy$CglibMethodInvocation.proceed(CglibAopProxy.java:763)
	at org.springframework.aop.framework.CglibAopProxy$DynamicAdvisedInterceptor.intercept(CglibAopProxy.java:708)
	at cn.good.infrastructure.persistent.repository.TaskRepository$$EnhancerBySpringCGLIB$$c784bfba.sendMessage(<generated>)
	at cn.good.domain.task.service.TaskService.sendMessage(TaskService.java:29)
	at cn.good.trigger.job.SendMessageTaskJob.exec_db01(SendMessageTaskJob.java:42)
	at sun.reflect.NativeMethodAccessorImpl.invoke0(Native Method)
	at sun.reflect.NativeMethodAccessorImpl.invoke(NativeMethodAccessorImpl.java:62)
	at sun.reflect.DelegatingMethodAccessorImpl.invoke(DelegatingMethodAccessorImpl.java:43)
	at java.lang.reflect.Method.invoke(Method.java:498)
	at org.springframework.scheduling.support.ScheduledMethodRunnable.run(ScheduledMethodRunnable.java:84)
	at org.springframework.scheduling.support.DelegatingErrorHandlingRunnable.run(DelegatingErrorHandlingRunnable.java:54)
	at org.springframework.scheduling.concurrent.ReschedulingRunnable.run(ReschedulingRunnable.java:95)
	at java.util.concurrent.Executors$RunnableAdapter.call(Executors.java:511)
	at java.util.concurrent.FutureTask.run(FutureTask.java:266)
	at java.util.concurrent.ScheduledThreadPoolExecutor$ScheduledFutureTask.access$201(ScheduledThreadPoolExecutor.java:180)
	at java.util.concurrent.ScheduledThreadPoolExecutor$ScheduledFutureTask.run(ScheduledThreadPoolExecutor.java:293)
	at java.util.concurrent.ThreadPoolExecutor.runWorker(ThreadPoolExecutor.java:1149)
	at java.util.concurrent.ThreadPoolExecutor$Worker.run(ThreadPoolExecutor.java:624)
	at java.lang.Thread.run(Thread.java:750)
25-03-31.22:10:10.018 [scheduling-1    ] ERROR SendMessageTaskJob     - 定时任务，发送MQ消息失败 userId: wkm topic: null
25-03-31.22:10:10.020 [scheduling-1    ] ERROR EventPublisher         - 发送MQ消息失败 topic:null message :null
java.lang.NullPointerException: null
	at org.springframework.amqp.support.converter.SimpleMessageConverter.createMessage(SimpleMessageConverter.java:164)
	at org.springframework.amqp.support.converter.AbstractMessageConverter.createMessage(AbstractMessageConverter.java:88)
	at org.springframework.amqp.support.converter.AbstractMessageConverter.toMessage(AbstractMessageConverter.java:70)
	at org.springframework.amqp.support.converter.AbstractMessageConverter.toMessage(AbstractMessageConverter.java:58)
	at org.springframework.amqp.rabbit.core.RabbitTemplate.convertMessageIfNecessary(RabbitTemplate.java:1861)
	at org.springframework.amqp.rabbit.core.RabbitTemplate.convertAndSend(RabbitTemplate.java:1167)
	at org.springframework.amqp.rabbit.core.RabbitTemplate.convertAndSend(RabbitTemplate.java:1149)
	at cn.good.infrastructure.event.EventPublisher.publish(EventPublisher.java:35)
	at cn.good.infrastructure.persistent.repository.TaskRepository.sendMessage(TaskRepository.java:45)
	at cn.good.infrastructure.persistent.repository.TaskRepository$$FastClassBySpringCGLIB$$10d01039.invoke(<generated>)
	at org.springframework.cglib.proxy.MethodProxy.invoke(MethodProxy.java:218)
	at org.springframework.aop.framework.CglibAopProxy$CglibMethodInvocation.invokeJoinpoint(CglibAopProxy.java:793)
	at org.springframework.aop.framework.ReflectiveMethodInvocation.proceed(ReflectiveMethodInvocation.java:163)
	at org.springframework.aop.framework.CglibAopProxy$CglibMethodInvocation.proceed(CglibAopProxy.java:763)
	at org.springframework.dao.support.PersistenceExceptionTranslationInterceptor.invoke(PersistenceExceptionTranslationInterceptor.java:137)
	at org.springframework.aop.framework.ReflectiveMethodInvocation.proceed(ReflectiveMethodInvocation.java:186)
	at org.springframework.aop.framework.CglibAopProxy$CglibMethodInvocation.proceed(CglibAopProxy.java:763)
	at org.springframework.aop.framework.CglibAopProxy$DynamicAdvisedInterceptor.intercept(CglibAopProxy.java:708)
	at cn.good.infrastructure.persistent.repository.TaskRepository$$EnhancerBySpringCGLIB$$c784bfba.sendMessage(<generated>)
	at cn.good.domain.task.service.TaskService.sendMessage(TaskService.java:29)
	at cn.good.trigger.job.SendMessageTaskJob.exec_db01(SendMessageTaskJob.java:42)
	at sun.reflect.NativeMethodAccessorImpl.invoke0(Native Method)
	at sun.reflect.NativeMethodAccessorImpl.invoke(NativeMethodAccessorImpl.java:62)
	at sun.reflect.DelegatingMethodAccessorImpl.invoke(DelegatingMethodAccessorImpl.java:43)
	at java.lang.reflect.Method.invoke(Method.java:498)
	at org.springframework.scheduling.support.ScheduledMethodRunnable.run(ScheduledMethodRunnable.java:84)
	at org.springframework.scheduling.support.DelegatingErrorHandlingRunnable.run(DelegatingErrorHandlingRunnable.java:54)
	at org.springframework.scheduling.concurrent.ReschedulingRunnable.run(ReschedulingRunnable.java:95)
	at java.util.concurrent.Executors$RunnableAdapter.call(Executors.java:511)
	at java.util.concurrent.FutureTask.run(FutureTask.java:266)
	at java.util.concurrent.ScheduledThreadPoolExecutor$ScheduledFutureTask.access$201(ScheduledThreadPoolExecutor.java:180)
	at java.util.concurrent.ScheduledThreadPoolExecutor$ScheduledFutureTask.run(ScheduledThreadPoolExecutor.java:293)
	at java.util.concurrent.ThreadPoolExecutor.runWorker(ThreadPoolExecutor.java:1149)
	at java.util.concurrent.ThreadPoolExecutor$Worker.run(ThreadPoolExecutor.java:624)
	at java.lang.Thread.run(Thread.java:750)
25-03-31.22:10:10.020 [scheduling-1    ] ERROR SendMessageTaskJob     - 定时任务，发送MQ消息失败 userId: wkm topic: null
25-03-31.22:10:10.023 [scheduling-1    ] ERROR EventPublisher         - 发送MQ消息失败 topic:null message :null
java.lang.NullPointerException: null
	at org.springframework.amqp.support.converter.SimpleMessageConverter.createMessage(SimpleMessageConverter.java:164)
	at org.springframework.amqp.support.converter.AbstractMessageConverter.createMessage(AbstractMessageConverter.java:88)
	at org.springframework.amqp.support.converter.AbstractMessageConverter.toMessage(AbstractMessageConverter.java:70)
	at org.springframework.amqp.support.converter.AbstractMessageConverter.toMessage(AbstractMessageConverter.java:58)
	at org.springframework.amqp.rabbit.core.RabbitTemplate.convertMessageIfNecessary(RabbitTemplate.java:1861)
	at org.springframework.amqp.rabbit.core.RabbitTemplate.convertAndSend(RabbitTemplate.java:1167)
	at org.springframework.amqp.rabbit.core.RabbitTemplate.convertAndSend(RabbitTemplate.java:1149)
	at cn.good.infrastructure.event.EventPublisher.publish(EventPublisher.java:35)
	at cn.good.infrastructure.persistent.repository.TaskRepository.sendMessage(TaskRepository.java:45)
	at cn.good.infrastructure.persistent.repository.TaskRepository$$FastClassBySpringCGLIB$$10d01039.invoke(<generated>)
	at org.springframework.cglib.proxy.MethodProxy.invoke(MethodProxy.java:218)
	at org.springframework.aop.framework.CglibAopProxy$CglibMethodInvocation.invokeJoinpoint(CglibAopProxy.java:793)
	at org.springframework.aop.framework.ReflectiveMethodInvocation.proceed(ReflectiveMethodInvocation.java:163)
	at org.springframework.aop.framework.CglibAopProxy$CglibMethodInvocation.proceed(CglibAopProxy.java:763)
	at org.springframework.dao.support.PersistenceExceptionTranslationInterceptor.invoke(PersistenceExceptionTranslationInterceptor.java:137)
	at org.springframework.aop.framework.ReflectiveMethodInvocation.proceed(ReflectiveMethodInvocation.java:186)
	at org.springframework.aop.framework.CglibAopProxy$CglibMethodInvocation.proceed(CglibAopProxy.java:763)
	at org.springframework.aop.framework.CglibAopProxy$DynamicAdvisedInterceptor.intercept(CglibAopProxy.java:708)
	at cn.good.infrastructure.persistent.repository.TaskRepository$$EnhancerBySpringCGLIB$$c784bfba.sendMessage(<generated>)
	at cn.good.domain.task.service.TaskService.sendMessage(TaskService.java:29)
	at cn.good.trigger.job.SendMessageTaskJob.exec_db01(SendMessageTaskJob.java:42)
	at sun.reflect.NativeMethodAccessorImpl.invoke0(Native Method)
	at sun.reflect.NativeMethodAccessorImpl.invoke(NativeMethodAccessorImpl.java:62)
	at sun.reflect.DelegatingMethodAccessorImpl.invoke(DelegatingMethodAccessorImpl.java:43)
	at java.lang.reflect.Method.invoke(Method.java:498)
	at org.springframework.scheduling.support.ScheduledMethodRunnable.run(ScheduledMethodRunnable.java:84)
	at org.springframework.scheduling.support.DelegatingErrorHandlingRunnable.run(DelegatingErrorHandlingRunnable.java:54)
	at org.springframework.scheduling.concurrent.ReschedulingRunnable.run(ReschedulingRunnable.java:95)
	at java.util.concurrent.Executors$RunnableAdapter.call(Executors.java:511)
	at java.util.concurrent.FutureTask.run(FutureTask.java:266)
	at java.util.concurrent.ScheduledThreadPoolExecutor$ScheduledFutureTask.access$201(ScheduledThreadPoolExecutor.java:180)
	at java.util.concurrent.ScheduledThreadPoolExecutor$ScheduledFutureTask.run(ScheduledThreadPoolExecutor.java:293)
	at java.util.concurrent.ThreadPoolExecutor.runWorker(ThreadPoolExecutor.java:1149)
	at java.util.concurrent.ThreadPoolExecutor$Worker.run(ThreadPoolExecutor.java:624)
	at java.lang.Thread.run(Thread.java:750)
25-03-31.22:10:10.023 [scheduling-1    ] ERROR SendMessageTaskJob     - 定时任务，发送MQ消息失败 userId: wkm topic: null
25-03-31.22:10:15.018 [scheduling-1    ] ERROR EventPublisher         - 发送MQ消息失败 topic:null message :null
java.lang.NullPointerException: null
	at org.springframework.amqp.support.converter.SimpleMessageConverter.createMessage(SimpleMessageConverter.java:164)
	at org.springframework.amqp.support.converter.AbstractMessageConverter.createMessage(AbstractMessageConverter.java:88)
	at org.springframework.amqp.support.converter.AbstractMessageConverter.toMessage(AbstractMessageConverter.java:70)
	at org.springframework.amqp.support.converter.AbstractMessageConverter.toMessage(AbstractMessageConverter.java:58)
	at org.springframework.amqp.rabbit.core.RabbitTemplate.convertMessageIfNecessary(RabbitTemplate.java:1861)
	at org.springframework.amqp.rabbit.core.RabbitTemplate.convertAndSend(RabbitTemplate.java:1167)
	at org.springframework.amqp.rabbit.core.RabbitTemplate.convertAndSend(RabbitTemplate.java:1149)
	at cn.good.infrastructure.event.EventPublisher.publish(EventPublisher.java:35)
	at cn.good.infrastructure.persistent.repository.TaskRepository.sendMessage(TaskRepository.java:45)
	at cn.good.infrastructure.persistent.repository.TaskRepository$$FastClassBySpringCGLIB$$10d01039.invoke(<generated>)
	at org.springframework.cglib.proxy.MethodProxy.invoke(MethodProxy.java:218)
	at org.springframework.aop.framework.CglibAopProxy$CglibMethodInvocation.invokeJoinpoint(CglibAopProxy.java:793)
	at org.springframework.aop.framework.ReflectiveMethodInvocation.proceed(ReflectiveMethodInvocation.java:163)
	at org.springframework.aop.framework.CglibAopProxy$CglibMethodInvocation.proceed(CglibAopProxy.java:763)
	at org.springframework.dao.support.PersistenceExceptionTranslationInterceptor.invoke(PersistenceExceptionTranslationInterceptor.java:137)
	at org.springframework.aop.framework.ReflectiveMethodInvocation.proceed(ReflectiveMethodInvocation.java:186)
	at org.springframework.aop.framework.CglibAopProxy$CglibMethodInvocation.proceed(CglibAopProxy.java:763)
	at org.springframework.aop.framework.CglibAopProxy$DynamicAdvisedInterceptor.intercept(CglibAopProxy.java:708)
	at cn.good.infrastructure.persistent.repository.TaskRepository$$EnhancerBySpringCGLIB$$c784bfba.sendMessage(<generated>)
	at cn.good.domain.task.service.TaskService.sendMessage(TaskService.java:29)
	at cn.good.trigger.job.SendMessageTaskJob.exec_db01(SendMessageTaskJob.java:42)
	at sun.reflect.NativeMethodAccessorImpl.invoke0(Native Method)
	at sun.reflect.NativeMethodAccessorImpl.invoke(NativeMethodAccessorImpl.java:62)
	at sun.reflect.DelegatingMethodAccessorImpl.invoke(DelegatingMethodAccessorImpl.java:43)
	at java.lang.reflect.Method.invoke(Method.java:498)
	at org.springframework.scheduling.support.ScheduledMethodRunnable.run(ScheduledMethodRunnable.java:84)
	at org.springframework.scheduling.support.DelegatingErrorHandlingRunnable.run(DelegatingErrorHandlingRunnable.java:54)
	at org.springframework.scheduling.concurrent.ReschedulingRunnable.run(ReschedulingRunnable.java:95)
	at java.util.concurrent.Executors$RunnableAdapter.call(Executors.java:511)
	at java.util.concurrent.FutureTask.run(FutureTask.java:266)
	at java.util.concurrent.ScheduledThreadPoolExecutor$ScheduledFutureTask.access$201(ScheduledThreadPoolExecutor.java:180)
	at java.util.concurrent.ScheduledThreadPoolExecutor$ScheduledFutureTask.run(ScheduledThreadPoolExecutor.java:293)
	at java.util.concurrent.ThreadPoolExecutor.runWorker(ThreadPoolExecutor.java:1149)
	at java.util.concurrent.ThreadPoolExecutor$Worker.run(ThreadPoolExecutor.java:624)
	at java.lang.Thread.run(Thread.java:750)
25-03-31.22:10:15.018 [scheduling-1    ] ERROR SendMessageTaskJob     - 定时任务，发送MQ消息失败 userId: wkm topic: null
25-03-31.22:10:15.020 [scheduling-1    ] ERROR EventPublisher         - 发送MQ消息失败 topic:null message :null
java.lang.NullPointerException: null
	at org.springframework.amqp.support.converter.SimpleMessageConverter.createMessage(SimpleMessageConverter.java:164)
	at org.springframework.amqp.support.converter.AbstractMessageConverter.createMessage(AbstractMessageConverter.java:88)
	at org.springframework.amqp.support.converter.AbstractMessageConverter.toMessage(AbstractMessageConverter.java:70)
	at org.springframework.amqp.support.converter.AbstractMessageConverter.toMessage(AbstractMessageConverter.java:58)
	at org.springframework.amqp.rabbit.core.RabbitTemplate.convertMessageIfNecessary(RabbitTemplate.java:1861)
	at org.springframework.amqp.rabbit.core.RabbitTemplate.convertAndSend(RabbitTemplate.java:1167)
	at org.springframework.amqp.rabbit.core.RabbitTemplate.convertAndSend(RabbitTemplate.java:1149)
	at cn.good.infrastructure.event.EventPublisher.publish(EventPublisher.java:35)
	at cn.good.infrastructure.persistent.repository.TaskRepository.sendMessage(TaskRepository.java:45)
	at cn.good.infrastructure.persistent.repository.TaskRepository$$FastClassBySpringCGLIB$$10d01039.invoke(<generated>)
	at org.springframework.cglib.proxy.MethodProxy.invoke(MethodProxy.java:218)
	at org.springframework.aop.framework.CglibAopProxy$CglibMethodInvocation.invokeJoinpoint(CglibAopProxy.java:793)
	at org.springframework.aop.framework.ReflectiveMethodInvocation.proceed(ReflectiveMethodInvocation.java:163)
	at org.springframework.aop.framework.CglibAopProxy$CglibMethodInvocation.proceed(CglibAopProxy.java:763)
	at org.springframework.dao.support.PersistenceExceptionTranslationInterceptor.invoke(PersistenceExceptionTranslationInterceptor.java:137)
	at org.springframework.aop.framework.ReflectiveMethodInvocation.proceed(ReflectiveMethodInvocation.java:186)
	at org.springframework.aop.framework.CglibAopProxy$CglibMethodInvocation.proceed(CglibAopProxy.java:763)
	at org.springframework.aop.framework.CglibAopProxy$DynamicAdvisedInterceptor.intercept(CglibAopProxy.java:708)
	at cn.good.infrastructure.persistent.repository.TaskRepository$$EnhancerBySpringCGLIB$$c784bfba.sendMessage(<generated>)
	at cn.good.domain.task.service.TaskService.sendMessage(TaskService.java:29)
	at cn.good.trigger.job.SendMessageTaskJob.exec_db01(SendMessageTaskJob.java:42)
	at sun.reflect.NativeMethodAccessorImpl.invoke0(Native Method)
	at sun.reflect.NativeMethodAccessorImpl.invoke(NativeMethodAccessorImpl.java:62)
	at sun.reflect.DelegatingMethodAccessorImpl.invoke(DelegatingMethodAccessorImpl.java:43)
	at java.lang.reflect.Method.invoke(Method.java:498)
	at org.springframework.scheduling.support.ScheduledMethodRunnable.run(ScheduledMethodRunnable.java:84)
	at org.springframework.scheduling.support.DelegatingErrorHandlingRunnable.run(DelegatingErrorHandlingRunnable.java:54)
	at org.springframework.scheduling.concurrent.ReschedulingRunnable.run(ReschedulingRunnable.java:95)
	at java.util.concurrent.Executors$RunnableAdapter.call(Executors.java:511)
	at java.util.concurrent.FutureTask.run(FutureTask.java:266)
	at java.util.concurrent.ScheduledThreadPoolExecutor$ScheduledFutureTask.access$201(ScheduledThreadPoolExecutor.java:180)
	at java.util.concurrent.ScheduledThreadPoolExecutor$ScheduledFutureTask.run(ScheduledThreadPoolExecutor.java:293)
	at java.util.concurrent.ThreadPoolExecutor.runWorker(ThreadPoolExecutor.java:1149)
	at java.util.concurrent.ThreadPoolExecutor$Worker.run(ThreadPoolExecutor.java:624)
	at java.lang.Thread.run(Thread.java:750)
25-03-31.22:10:15.020 [scheduling-1    ] ERROR SendMessageTaskJob     - 定时任务，发送MQ消息失败 userId: wkm topic: null
25-03-31.22:10:15.023 [scheduling-1    ] ERROR EventPublisher         - 发送MQ消息失败 topic:null message :null
java.lang.NullPointerException: null
	at org.springframework.amqp.support.converter.SimpleMessageConverter.createMessage(SimpleMessageConverter.java:164)
	at org.springframework.amqp.support.converter.AbstractMessageConverter.createMessage(AbstractMessageConverter.java:88)
	at org.springframework.amqp.support.converter.AbstractMessageConverter.toMessage(AbstractMessageConverter.java:70)
	at org.springframework.amqp.support.converter.AbstractMessageConverter.toMessage(AbstractMessageConverter.java:58)
	at org.springframework.amqp.rabbit.core.RabbitTemplate.convertMessageIfNecessary(RabbitTemplate.java:1861)
	at org.springframework.amqp.rabbit.core.RabbitTemplate.convertAndSend(RabbitTemplate.java:1167)
	at org.springframework.amqp.rabbit.core.RabbitTemplate.convertAndSend(RabbitTemplate.java:1149)
	at cn.good.infrastructure.event.EventPublisher.publish(EventPublisher.java:35)
	at cn.good.infrastructure.persistent.repository.TaskRepository.sendMessage(TaskRepository.java:45)
	at cn.good.infrastructure.persistent.repository.TaskRepository$$FastClassBySpringCGLIB$$10d01039.invoke(<generated>)
	at org.springframework.cglib.proxy.MethodProxy.invoke(MethodProxy.java:218)
	at org.springframework.aop.framework.CglibAopProxy$CglibMethodInvocation.invokeJoinpoint(CglibAopProxy.java:793)
	at org.springframework.aop.framework.ReflectiveMethodInvocation.proceed(ReflectiveMethodInvocation.java:163)
	at org.springframework.aop.framework.CglibAopProxy$CglibMethodInvocation.proceed(CglibAopProxy.java:763)
	at org.springframework.dao.support.PersistenceExceptionTranslationInterceptor.invoke(PersistenceExceptionTranslationInterceptor.java:137)
	at org.springframework.aop.framework.ReflectiveMethodInvocation.proceed(ReflectiveMethodInvocation.java:186)
	at org.springframework.aop.framework.CglibAopProxy$CglibMethodInvocation.proceed(CglibAopProxy.java:763)
	at org.springframework.aop.framework.CglibAopProxy$DynamicAdvisedInterceptor.intercept(CglibAopProxy.java:708)
	at cn.good.infrastructure.persistent.repository.TaskRepository$$EnhancerBySpringCGLIB$$c784bfba.sendMessage(<generated>)
	at cn.good.domain.task.service.TaskService.sendMessage(TaskService.java:29)
	at cn.good.trigger.job.SendMessageTaskJob.exec_db01(SendMessageTaskJob.java:42)
	at sun.reflect.NativeMethodAccessorImpl.invoke0(Native Method)
	at sun.reflect.NativeMethodAccessorImpl.invoke(NativeMethodAccessorImpl.java:62)
	at sun.reflect.DelegatingMethodAccessorImpl.invoke(DelegatingMethodAccessorImpl.java:43)
	at java.lang.reflect.Method.invoke(Method.java:498)
	at org.springframework.scheduling.support.ScheduledMethodRunnable.run(ScheduledMethodRunnable.java:84)
	at org.springframework.scheduling.support.DelegatingErrorHandlingRunnable.run(DelegatingErrorHandlingRunnable.java:54)
	at org.springframework.scheduling.concurrent.ReschedulingRunnable.run(ReschedulingRunnable.java:95)
	at java.util.concurrent.Executors$RunnableAdapter.call(Executors.java:511)
	at java.util.concurrent.FutureTask.run(FutureTask.java:266)
	at java.util.concurrent.ScheduledThreadPoolExecutor$ScheduledFutureTask.access$201(ScheduledThreadPoolExecutor.java:180)
	at java.util.concurrent.ScheduledThreadPoolExecutor$ScheduledFutureTask.run(ScheduledThreadPoolExecutor.java:293)
	at java.util.concurrent.ThreadPoolExecutor.runWorker(ThreadPoolExecutor.java:1149)
	at java.util.concurrent.ThreadPoolExecutor$Worker.run(ThreadPoolExecutor.java:624)
	at java.lang.Thread.run(Thread.java:750)
25-03-31.22:10:15.023 [scheduling-1    ] ERROR SendMessageTaskJob     - 定时任务，发送MQ消息失败 userId: wkm topic: null
25-03-31.22:10:20.018 [scheduling-1    ] ERROR EventPublisher         - 发送MQ消息失败 topic:null message :null
java.lang.NullPointerException: null
	at org.springframework.amqp.support.converter.SimpleMessageConverter.createMessage(SimpleMessageConverter.java:164)
	at org.springframework.amqp.support.converter.AbstractMessageConverter.createMessage(AbstractMessageConverter.java:88)
	at org.springframework.amqp.support.converter.AbstractMessageConverter.toMessage(AbstractMessageConverter.java:70)
	at org.springframework.amqp.support.converter.AbstractMessageConverter.toMessage(AbstractMessageConverter.java:58)
	at org.springframework.amqp.rabbit.core.RabbitTemplate.convertMessageIfNecessary(RabbitTemplate.java:1861)
	at org.springframework.amqp.rabbit.core.RabbitTemplate.convertAndSend(RabbitTemplate.java:1167)
	at org.springframework.amqp.rabbit.core.RabbitTemplate.convertAndSend(RabbitTemplate.java:1149)
	at cn.good.infrastructure.event.EventPublisher.publish(EventPublisher.java:35)
	at cn.good.infrastructure.persistent.repository.TaskRepository.sendMessage(TaskRepository.java:45)
	at cn.good.infrastructure.persistent.repository.TaskRepository$$FastClassBySpringCGLIB$$10d01039.invoke(<generated>)
	at org.springframework.cglib.proxy.MethodProxy.invoke(MethodProxy.java:218)
	at org.springframework.aop.framework.CglibAopProxy$CglibMethodInvocation.invokeJoinpoint(CglibAopProxy.java:793)
	at org.springframework.aop.framework.ReflectiveMethodInvocation.proceed(ReflectiveMethodInvocation.java:163)
	at org.springframework.aop.framework.CglibAopProxy$CglibMethodInvocation.proceed(CglibAopProxy.java:763)
	at org.springframework.dao.support.PersistenceExceptionTranslationInterceptor.invoke(PersistenceExceptionTranslationInterceptor.java:137)
	at org.springframework.aop.framework.ReflectiveMethodInvocation.proceed(ReflectiveMethodInvocation.java:186)
	at org.springframework.aop.framework.CglibAopProxy$CglibMethodInvocation.proceed(CglibAopProxy.java:763)
	at org.springframework.aop.framework.CglibAopProxy$DynamicAdvisedInterceptor.intercept(CglibAopProxy.java:708)
	at cn.good.infrastructure.persistent.repository.TaskRepository$$EnhancerBySpringCGLIB$$c784bfba.sendMessage(<generated>)
	at cn.good.domain.task.service.TaskService.sendMessage(TaskService.java:29)
	at cn.good.trigger.job.SendMessageTaskJob.exec_db01(SendMessageTaskJob.java:42)
	at sun.reflect.NativeMethodAccessorImpl.invoke0(Native Method)
	at sun.reflect.NativeMethodAccessorImpl.invoke(NativeMethodAccessorImpl.java:62)
	at sun.reflect.DelegatingMethodAccessorImpl.invoke(DelegatingMethodAccessorImpl.java:43)
	at java.lang.reflect.Method.invoke(Method.java:498)
	at org.springframework.scheduling.support.ScheduledMethodRunnable.run(ScheduledMethodRunnable.java:84)
	at org.springframework.scheduling.support.DelegatingErrorHandlingRunnable.run(DelegatingErrorHandlingRunnable.java:54)
	at org.springframework.scheduling.concurrent.ReschedulingRunnable.run(ReschedulingRunnable.java:95)
	at java.util.concurrent.Executors$RunnableAdapter.call(Executors.java:511)
	at java.util.concurrent.FutureTask.run(FutureTask.java:266)
	at java.util.concurrent.ScheduledThreadPoolExecutor$ScheduledFutureTask.access$201(ScheduledThreadPoolExecutor.java:180)
	at java.util.concurrent.ScheduledThreadPoolExecutor$ScheduledFutureTask.run(ScheduledThreadPoolExecutor.java:293)
	at java.util.concurrent.ThreadPoolExecutor.runWorker(ThreadPoolExecutor.java:1149)
	at java.util.concurrent.ThreadPoolExecutor$Worker.run(ThreadPoolExecutor.java:624)
	at java.lang.Thread.run(Thread.java:750)
25-03-31.22:10:20.020 [scheduling-1    ] ERROR SendMessageTaskJob     - 定时任务，发送MQ消息失败 userId: wkm topic: null
25-03-31.22:10:20.020 [scheduling-1    ] ERROR EventPublisher         - 发送MQ消息失败 topic:null message :null
java.lang.NullPointerException: null
	at org.springframework.amqp.support.converter.SimpleMessageConverter.createMessage(SimpleMessageConverter.java:164)
	at org.springframework.amqp.support.converter.AbstractMessageConverter.createMessage(AbstractMessageConverter.java:88)
	at org.springframework.amqp.support.converter.AbstractMessageConverter.toMessage(AbstractMessageConverter.java:70)
	at org.springframework.amqp.support.converter.AbstractMessageConverter.toMessage(AbstractMessageConverter.java:58)
	at org.springframework.amqp.rabbit.core.RabbitTemplate.convertMessageIfNecessary(RabbitTemplate.java:1861)
	at org.springframework.amqp.rabbit.core.RabbitTemplate.convertAndSend(RabbitTemplate.java:1167)
	at org.springframework.amqp.rabbit.core.RabbitTemplate.convertAndSend(RabbitTemplate.java:1149)
	at cn.good.infrastructure.event.EventPublisher.publish(EventPublisher.java:35)
	at cn.good.infrastructure.persistent.repository.TaskRepository.sendMessage(TaskRepository.java:45)
	at cn.good.infrastructure.persistent.repository.TaskRepository$$FastClassBySpringCGLIB$$10d01039.invoke(<generated>)
	at org.springframework.cglib.proxy.MethodProxy.invoke(MethodProxy.java:218)
	at org.springframework.aop.framework.CglibAopProxy$CglibMethodInvocation.invokeJoinpoint(CglibAopProxy.java:793)
	at org.springframework.aop.framework.ReflectiveMethodInvocation.proceed(ReflectiveMethodInvocation.java:163)
	at org.springframework.aop.framework.CglibAopProxy$CglibMethodInvocation.proceed(CglibAopProxy.java:763)
	at org.springframework.dao.support.PersistenceExceptionTranslationInterceptor.invoke(PersistenceExceptionTranslationInterceptor.java:137)
	at org.springframework.aop.framework.ReflectiveMethodInvocation.proceed(ReflectiveMethodInvocation.java:186)
	at org.springframework.aop.framework.CglibAopProxy$CglibMethodInvocation.proceed(CglibAopProxy.java:763)
	at org.springframework.aop.framework.CglibAopProxy$DynamicAdvisedInterceptor.intercept(CglibAopProxy.java:708)
	at cn.good.infrastructure.persistent.repository.TaskRepository$$EnhancerBySpringCGLIB$$c784bfba.sendMessage(<generated>)
	at cn.good.domain.task.service.TaskService.sendMessage(TaskService.java:29)
	at cn.good.trigger.job.SendMessageTaskJob.exec_db01(SendMessageTaskJob.java:42)
	at sun.reflect.NativeMethodAccessorImpl.invoke0(Native Method)
	at sun.reflect.NativeMethodAccessorImpl.invoke(NativeMethodAccessorImpl.java:62)
	at sun.reflect.DelegatingMethodAccessorImpl.invoke(DelegatingMethodAccessorImpl.java:43)
	at java.lang.reflect.Method.invoke(Method.java:498)
	at org.springframework.scheduling.support.ScheduledMethodRunnable.run(ScheduledMethodRunnable.java:84)
	at org.springframework.scheduling.support.DelegatingErrorHandlingRunnable.run(DelegatingErrorHandlingRunnable.java:54)
	at org.springframework.scheduling.concurrent.ReschedulingRunnable.run(ReschedulingRunnable.java:95)
	at java.util.concurrent.Executors$RunnableAdapter.call(Executors.java:511)
	at java.util.concurrent.FutureTask.run(FutureTask.java:266)
	at java.util.concurrent.ScheduledThreadPoolExecutor$ScheduledFutureTask.access$201(ScheduledThreadPoolExecutor.java:180)
	at java.util.concurrent.ScheduledThreadPoolExecutor$ScheduledFutureTask.run(ScheduledThreadPoolExecutor.java:293)
	at java.util.concurrent.ThreadPoolExecutor.runWorker(ThreadPoolExecutor.java:1149)
	at java.util.concurrent.ThreadPoolExecutor$Worker.run(ThreadPoolExecutor.java:624)
	at java.lang.Thread.run(Thread.java:750)
25-03-31.22:10:20.020 [scheduling-1    ] ERROR SendMessageTaskJob     - 定时任务，发送MQ消息失败 userId: wkm topic: null
25-03-31.22:10:20.021 [scheduling-1    ] ERROR EventPublisher         - 发送MQ消息失败 topic:null message :null
java.lang.NullPointerException: null
	at org.springframework.amqp.support.converter.SimpleMessageConverter.createMessage(SimpleMessageConverter.java:164)
	at org.springframework.amqp.support.converter.AbstractMessageConverter.createMessage(AbstractMessageConverter.java:88)
	at org.springframework.amqp.support.converter.AbstractMessageConverter.toMessage(AbstractMessageConverter.java:70)
	at org.springframework.amqp.support.converter.AbstractMessageConverter.toMessage(AbstractMessageConverter.java:58)
	at org.springframework.amqp.rabbit.core.RabbitTemplate.convertMessageIfNecessary(RabbitTemplate.java:1861)
	at org.springframework.amqp.rabbit.core.RabbitTemplate.convertAndSend(RabbitTemplate.java:1167)
	at org.springframework.amqp.rabbit.core.RabbitTemplate.convertAndSend(RabbitTemplate.java:1149)
	at cn.good.infrastructure.event.EventPublisher.publish(EventPublisher.java:35)
	at cn.good.infrastructure.persistent.repository.TaskRepository.sendMessage(TaskRepository.java:45)
	at cn.good.infrastructure.persistent.repository.TaskRepository$$FastClassBySpringCGLIB$$10d01039.invoke(<generated>)
	at org.springframework.cglib.proxy.MethodProxy.invoke(MethodProxy.java:218)
	at org.springframework.aop.framework.CglibAopProxy$CglibMethodInvocation.invokeJoinpoint(CglibAopProxy.java:793)
	at org.springframework.aop.framework.ReflectiveMethodInvocation.proceed(ReflectiveMethodInvocation.java:163)
	at org.springframework.aop.framework.CglibAopProxy$CglibMethodInvocation.proceed(CglibAopProxy.java:763)
	at org.springframework.dao.support.PersistenceExceptionTranslationInterceptor.invoke(PersistenceExceptionTranslationInterceptor.java:137)
	at org.springframework.aop.framework.ReflectiveMethodInvocation.proceed(ReflectiveMethodInvocation.java:186)
	at org.springframework.aop.framework.CglibAopProxy$CglibMethodInvocation.proceed(CglibAopProxy.java:763)
	at org.springframework.aop.framework.CglibAopProxy$DynamicAdvisedInterceptor.intercept(CglibAopProxy.java:708)
	at cn.good.infrastructure.persistent.repository.TaskRepository$$EnhancerBySpringCGLIB$$c784bfba.sendMessage(<generated>)
	at cn.good.domain.task.service.TaskService.sendMessage(TaskService.java:29)
	at cn.good.trigger.job.SendMessageTaskJob.exec_db01(SendMessageTaskJob.java:42)
	at sun.reflect.NativeMethodAccessorImpl.invoke0(Native Method)
	at sun.reflect.NativeMethodAccessorImpl.invoke(NativeMethodAccessorImpl.java:62)
	at sun.reflect.DelegatingMethodAccessorImpl.invoke(DelegatingMethodAccessorImpl.java:43)
	at java.lang.reflect.Method.invoke(Method.java:498)
	at org.springframework.scheduling.support.ScheduledMethodRunnable.run(ScheduledMethodRunnable.java:84)
	at org.springframework.scheduling.support.DelegatingErrorHandlingRunnable.run(DelegatingErrorHandlingRunnable.java:54)
	at org.springframework.scheduling.concurrent.ReschedulingRunnable.run(ReschedulingRunnable.java:95)
	at java.util.concurrent.Executors$RunnableAdapter.call(Executors.java:511)
	at java.util.concurrent.FutureTask.run(FutureTask.java:266)
	at java.util.concurrent.ScheduledThreadPoolExecutor$ScheduledFutureTask.access$201(ScheduledThreadPoolExecutor.java:180)
	at java.util.concurrent.ScheduledThreadPoolExecutor$ScheduledFutureTask.run(ScheduledThreadPoolExecutor.java:293)
	at java.util.concurrent.ThreadPoolExecutor.runWorker(ThreadPoolExecutor.java:1149)
	at java.util.concurrent.ThreadPoolExecutor$Worker.run(ThreadPoolExecutor.java:624)
	at java.lang.Thread.run(Thread.java:750)
25-03-31.22:10:20.021 [scheduling-1    ] ERROR SendMessageTaskJob     - 定时任务，发送MQ消息失败 userId: wkm topic: null
25-03-31.22:10:25.009 [scheduling-1    ] ERROR EventPublisher         - 发送MQ消息失败 topic:null message :null
java.lang.NullPointerException: null
	at org.springframework.amqp.support.converter.SimpleMessageConverter.createMessage(SimpleMessageConverter.java:164)
	at org.springframework.amqp.support.converter.AbstractMessageConverter.createMessage(AbstractMessageConverter.java:88)
	at org.springframework.amqp.support.converter.AbstractMessageConverter.toMessage(AbstractMessageConverter.java:70)
	at org.springframework.amqp.support.converter.AbstractMessageConverter.toMessage(AbstractMessageConverter.java:58)
	at org.springframework.amqp.rabbit.core.RabbitTemplate.convertMessageIfNecessary(RabbitTemplate.java:1861)
	at org.springframework.amqp.rabbit.core.RabbitTemplate.convertAndSend(RabbitTemplate.java:1167)
	at org.springframework.amqp.rabbit.core.RabbitTemplate.convertAndSend(RabbitTemplate.java:1149)
	at cn.good.infrastructure.event.EventPublisher.publish(EventPublisher.java:35)
	at cn.good.infrastructure.persistent.repository.TaskRepository.sendMessage(TaskRepository.java:45)
	at cn.good.infrastructure.persistent.repository.TaskRepository$$FastClassBySpringCGLIB$$10d01039.invoke(<generated>)
	at org.springframework.cglib.proxy.MethodProxy.invoke(MethodProxy.java:218)
	at org.springframework.aop.framework.CglibAopProxy$CglibMethodInvocation.invokeJoinpoint(CglibAopProxy.java:793)
	at org.springframework.aop.framework.ReflectiveMethodInvocation.proceed(ReflectiveMethodInvocation.java:163)
	at org.springframework.aop.framework.CglibAopProxy$CglibMethodInvocation.proceed(CglibAopProxy.java:763)
	at org.springframework.dao.support.PersistenceExceptionTranslationInterceptor.invoke(PersistenceExceptionTranslationInterceptor.java:137)
	at org.springframework.aop.framework.ReflectiveMethodInvocation.proceed(ReflectiveMethodInvocation.java:186)
	at org.springframework.aop.framework.CglibAopProxy$CglibMethodInvocation.proceed(CglibAopProxy.java:763)
	at org.springframework.aop.framework.CglibAopProxy$DynamicAdvisedInterceptor.intercept(CglibAopProxy.java:708)
	at cn.good.infrastructure.persistent.repository.TaskRepository$$EnhancerBySpringCGLIB$$c784bfba.sendMessage(<generated>)
	at cn.good.domain.task.service.TaskService.sendMessage(TaskService.java:29)
	at cn.good.trigger.job.SendMessageTaskJob.exec_db01(SendMessageTaskJob.java:42)
	at sun.reflect.GeneratedMethodAccessor144.invoke(Unknown Source)
	at sun.reflect.DelegatingMethodAccessorImpl.invoke(DelegatingMethodAccessorImpl.java:43)
	at java.lang.reflect.Method.invoke(Method.java:498)
	at org.springframework.scheduling.support.ScheduledMethodRunnable.run(ScheduledMethodRunnable.java:84)
	at org.springframework.scheduling.support.DelegatingErrorHandlingRunnable.run(DelegatingErrorHandlingRunnable.java:54)
	at org.springframework.scheduling.concurrent.ReschedulingRunnable.run(ReschedulingRunnable.java:95)
	at java.util.concurrent.Executors$RunnableAdapter.call(Executors.java:511)
	at java.util.concurrent.FutureTask.run(FutureTask.java:266)
	at java.util.concurrent.ScheduledThreadPoolExecutor$ScheduledFutureTask.access$201(ScheduledThreadPoolExecutor.java:180)
	at java.util.concurrent.ScheduledThreadPoolExecutor$ScheduledFutureTask.run(ScheduledThreadPoolExecutor.java:293)
	at java.util.concurrent.ThreadPoolExecutor.runWorker(ThreadPoolExecutor.java:1149)
	at java.util.concurrent.ThreadPoolExecutor$Worker.run(ThreadPoolExecutor.java:624)
	at java.lang.Thread.run(Thread.java:750)
25-03-31.22:10:25.010 [scheduling-1    ] ERROR SendMessageTaskJob     - 定时任务，发送MQ消息失败 userId: wkm topic: null
25-03-31.22:10:25.011 [scheduling-1    ] ERROR EventPublisher         - 发送MQ消息失败 topic:null message :null
java.lang.NullPointerException: null
	at org.springframework.amqp.support.converter.SimpleMessageConverter.createMessage(SimpleMessageConverter.java:164)
	at org.springframework.amqp.support.converter.AbstractMessageConverter.createMessage(AbstractMessageConverter.java:88)
	at org.springframework.amqp.support.converter.AbstractMessageConverter.toMessage(AbstractMessageConverter.java:70)
	at org.springframework.amqp.support.converter.AbstractMessageConverter.toMessage(AbstractMessageConverter.java:58)
	at org.springframework.amqp.rabbit.core.RabbitTemplate.convertMessageIfNecessary(RabbitTemplate.java:1861)
	at org.springframework.amqp.rabbit.core.RabbitTemplate.convertAndSend(RabbitTemplate.java:1167)
	at org.springframework.amqp.rabbit.core.RabbitTemplate.convertAndSend(RabbitTemplate.java:1149)
	at cn.good.infrastructure.event.EventPublisher.publish(EventPublisher.java:35)
	at cn.good.infrastructure.persistent.repository.TaskRepository.sendMessage(TaskRepository.java:45)
	at cn.good.infrastructure.persistent.repository.TaskRepository$$FastClassBySpringCGLIB$$10d01039.invoke(<generated>)
	at org.springframework.cglib.proxy.MethodProxy.invoke(MethodProxy.java:218)
	at org.springframework.aop.framework.CglibAopProxy$CglibMethodInvocation.invokeJoinpoint(CglibAopProxy.java:793)
	at org.springframework.aop.framework.ReflectiveMethodInvocation.proceed(ReflectiveMethodInvocation.java:163)
	at org.springframework.aop.framework.CglibAopProxy$CglibMethodInvocation.proceed(CglibAopProxy.java:763)
	at org.springframework.dao.support.PersistenceExceptionTranslationInterceptor.invoke(PersistenceExceptionTranslationInterceptor.java:137)
	at org.springframework.aop.framework.ReflectiveMethodInvocation.proceed(ReflectiveMethodInvocation.java:186)
	at org.springframework.aop.framework.CglibAopProxy$CglibMethodInvocation.proceed(CglibAopProxy.java:763)
	at org.springframework.aop.framework.CglibAopProxy$DynamicAdvisedInterceptor.intercept(CglibAopProxy.java:708)
	at cn.good.infrastructure.persistent.repository.TaskRepository$$EnhancerBySpringCGLIB$$c784bfba.sendMessage(<generated>)
	at cn.good.domain.task.service.TaskService.sendMessage(TaskService.java:29)
	at cn.good.trigger.job.SendMessageTaskJob.exec_db01(SendMessageTaskJob.java:42)
	at sun.reflect.GeneratedMethodAccessor144.invoke(Unknown Source)
	at sun.reflect.DelegatingMethodAccessorImpl.invoke(DelegatingMethodAccessorImpl.java:43)
	at java.lang.reflect.Method.invoke(Method.java:498)
	at org.springframework.scheduling.support.ScheduledMethodRunnable.run(ScheduledMethodRunnable.java:84)
	at org.springframework.scheduling.support.DelegatingErrorHandlingRunnable.run(DelegatingErrorHandlingRunnable.java:54)
	at org.springframework.scheduling.concurrent.ReschedulingRunnable.run(ReschedulingRunnable.java:95)
	at java.util.concurrent.Executors$RunnableAdapter.call(Executors.java:511)
	at java.util.concurrent.FutureTask.run(FutureTask.java:266)
	at java.util.concurrent.ScheduledThreadPoolExecutor$ScheduledFutureTask.access$201(ScheduledThreadPoolExecutor.java:180)
	at java.util.concurrent.ScheduledThreadPoolExecutor$ScheduledFutureTask.run(ScheduledThreadPoolExecutor.java:293)
	at java.util.concurrent.ThreadPoolExecutor.runWorker(ThreadPoolExecutor.java:1149)
	at java.util.concurrent.ThreadPoolExecutor$Worker.run(ThreadPoolExecutor.java:624)
	at java.lang.Thread.run(Thread.java:750)
25-03-31.22:10:25.011 [scheduling-1    ] ERROR SendMessageTaskJob     - 定时任务，发送MQ消息失败 userId: wkm topic: null
25-03-31.22:10:25.013 [scheduling-1    ] ERROR EventPublisher         - 发送MQ消息失败 topic:null message :null
java.lang.NullPointerException: null
	at org.springframework.amqp.support.converter.SimpleMessageConverter.createMessage(SimpleMessageConverter.java:164)
	at org.springframework.amqp.support.converter.AbstractMessageConverter.createMessage(AbstractMessageConverter.java:88)
	at org.springframework.amqp.support.converter.AbstractMessageConverter.toMessage(AbstractMessageConverter.java:70)
	at org.springframework.amqp.support.converter.AbstractMessageConverter.toMessage(AbstractMessageConverter.java:58)
	at org.springframework.amqp.rabbit.core.RabbitTemplate.convertMessageIfNecessary(RabbitTemplate.java:1861)
	at org.springframework.amqp.rabbit.core.RabbitTemplate.convertAndSend(RabbitTemplate.java:1167)
	at org.springframework.amqp.rabbit.core.RabbitTemplate.convertAndSend(RabbitTemplate.java:1149)
	at cn.good.infrastructure.event.EventPublisher.publish(EventPublisher.java:35)
	at cn.good.infrastructure.persistent.repository.TaskRepository.sendMessage(TaskRepository.java:45)
	at cn.good.infrastructure.persistent.repository.TaskRepository$$FastClassBySpringCGLIB$$10d01039.invoke(<generated>)
	at org.springframework.cglib.proxy.MethodProxy.invoke(MethodProxy.java:218)
	at org.springframework.aop.framework.CglibAopProxy$CglibMethodInvocation.invokeJoinpoint(CglibAopProxy.java:793)
	at org.springframework.aop.framework.ReflectiveMethodInvocation.proceed(ReflectiveMethodInvocation.java:163)
	at org.springframework.aop.framework.CglibAopProxy$CglibMethodInvocation.proceed(CglibAopProxy.java:763)
	at org.springframework.dao.support.PersistenceExceptionTranslationInterceptor.invoke(PersistenceExceptionTranslationInterceptor.java:137)
	at org.springframework.aop.framework.ReflectiveMethodInvocation.proceed(ReflectiveMethodInvocation.java:186)
	at org.springframework.aop.framework.CglibAopProxy$CglibMethodInvocation.proceed(CglibAopProxy.java:763)
	at org.springframework.aop.framework.CglibAopProxy$DynamicAdvisedInterceptor.intercept(CglibAopProxy.java:708)
	at cn.good.infrastructure.persistent.repository.TaskRepository$$EnhancerBySpringCGLIB$$c784bfba.sendMessage(<generated>)
	at cn.good.domain.task.service.TaskService.sendMessage(TaskService.java:29)
	at cn.good.trigger.job.SendMessageTaskJob.exec_db01(SendMessageTaskJob.java:42)
	at sun.reflect.GeneratedMethodAccessor144.invoke(Unknown Source)
	at sun.reflect.DelegatingMethodAccessorImpl.invoke(DelegatingMethodAccessorImpl.java:43)
	at java.lang.reflect.Method.invoke(Method.java:498)
	at org.springframework.scheduling.support.ScheduledMethodRunnable.run(ScheduledMethodRunnable.java:84)
	at org.springframework.scheduling.support.DelegatingErrorHandlingRunnable.run(DelegatingErrorHandlingRunnable.java:54)
	at org.springframework.scheduling.concurrent.ReschedulingRunnable.run(ReschedulingRunnable.java:95)
	at java.util.concurrent.Executors$RunnableAdapter.call(Executors.java:511)
	at java.util.concurrent.FutureTask.run(FutureTask.java:266)
	at java.util.concurrent.ScheduledThreadPoolExecutor$ScheduledFutureTask.access$201(ScheduledThreadPoolExecutor.java:180)
	at java.util.concurrent.ScheduledThreadPoolExecutor$ScheduledFutureTask.run(ScheduledThreadPoolExecutor.java:293)
	at java.util.concurrent.ThreadPoolExecutor.runWorker(ThreadPoolExecutor.java:1149)
	at java.util.concurrent.ThreadPoolExecutor$Worker.run(ThreadPoolExecutor.java:624)
	at java.lang.Thread.run(Thread.java:750)
25-03-31.22:10:25.013 [scheduling-1    ] ERROR SendMessageTaskJob     - 定时任务，发送MQ消息失败 userId: wkm topic: null
25-03-31.22:10:30.011 [scheduling-1    ] ERROR EventPublisher         - 发送MQ消息失败 topic:null message :null
java.lang.NullPointerException: null
	at org.springframework.amqp.support.converter.SimpleMessageConverter.createMessage(SimpleMessageConverter.java:164)
	at org.springframework.amqp.support.converter.AbstractMessageConverter.createMessage(AbstractMessageConverter.java:88)
	at org.springframework.amqp.support.converter.AbstractMessageConverter.toMessage(AbstractMessageConverter.java:70)
	at org.springframework.amqp.support.converter.AbstractMessageConverter.toMessage(AbstractMessageConverter.java:58)
	at org.springframework.amqp.rabbit.core.RabbitTemplate.convertMessageIfNecessary(RabbitTemplate.java:1861)
	at org.springframework.amqp.rabbit.core.RabbitTemplate.convertAndSend(RabbitTemplate.java:1167)
	at org.springframework.amqp.rabbit.core.RabbitTemplate.convertAndSend(RabbitTemplate.java:1149)
	at cn.good.infrastructure.event.EventPublisher.publish(EventPublisher.java:35)
	at cn.good.infrastructure.persistent.repository.TaskRepository.sendMessage(TaskRepository.java:45)
	at cn.good.infrastructure.persistent.repository.TaskRepository$$FastClassBySpringCGLIB$$10d01039.invoke(<generated>)
	at org.springframework.cglib.proxy.MethodProxy.invoke(MethodProxy.java:218)
	at org.springframework.aop.framework.CglibAopProxy$CglibMethodInvocation.invokeJoinpoint(CglibAopProxy.java:793)
	at org.springframework.aop.framework.ReflectiveMethodInvocation.proceed(ReflectiveMethodInvocation.java:163)
	at org.springframework.aop.framework.CglibAopProxy$CglibMethodInvocation.proceed(CglibAopProxy.java:763)
	at org.springframework.dao.support.PersistenceExceptionTranslationInterceptor.invoke(PersistenceExceptionTranslationInterceptor.java:137)
	at org.springframework.aop.framework.ReflectiveMethodInvocation.proceed(ReflectiveMethodInvocation.java:186)
	at org.springframework.aop.framework.CglibAopProxy$CglibMethodInvocation.proceed(CglibAopProxy.java:763)
	at org.springframework.aop.framework.CglibAopProxy$DynamicAdvisedInterceptor.intercept(CglibAopProxy.java:708)
	at cn.good.infrastructure.persistent.repository.TaskRepository$$EnhancerBySpringCGLIB$$c784bfba.sendMessage(<generated>)
	at cn.good.domain.task.service.TaskService.sendMessage(TaskService.java:29)
	at cn.good.trigger.job.SendMessageTaskJob.exec_db01(SendMessageTaskJob.java:42)
	at sun.reflect.GeneratedMethodAccessor144.invoke(Unknown Source)
	at sun.reflect.DelegatingMethodAccessorImpl.invoke(DelegatingMethodAccessorImpl.java:43)
	at java.lang.reflect.Method.invoke(Method.java:498)
	at org.springframework.scheduling.support.ScheduledMethodRunnable.run(ScheduledMethodRunnable.java:84)
	at org.springframework.scheduling.support.DelegatingErrorHandlingRunnable.run(DelegatingErrorHandlingRunnable.java:54)
	at org.springframework.scheduling.concurrent.ReschedulingRunnable.run(ReschedulingRunnable.java:95)
	at java.util.concurrent.Executors$RunnableAdapter.call(Executors.java:511)
	at java.util.concurrent.FutureTask.run(FutureTask.java:266)
	at java.util.concurrent.ScheduledThreadPoolExecutor$ScheduledFutureTask.access$201(ScheduledThreadPoolExecutor.java:180)
	at java.util.concurrent.ScheduledThreadPoolExecutor$ScheduledFutureTask.run(ScheduledThreadPoolExecutor.java:293)
	at java.util.concurrent.ThreadPoolExecutor.runWorker(ThreadPoolExecutor.java:1149)
	at java.util.concurrent.ThreadPoolExecutor$Worker.run(ThreadPoolExecutor.java:624)
	at java.lang.Thread.run(Thread.java:750)
25-03-31.22:10:30.011 [scheduling-1    ] ERROR SendMessageTaskJob     - 定时任务，发送MQ消息失败 userId: wkm topic: null
25-03-31.22:10:30.020 [scheduling-1    ] ERROR EventPublisher         - 发送MQ消息失败 topic:null message :null
java.lang.NullPointerException: null
	at org.springframework.amqp.support.converter.SimpleMessageConverter.createMessage(SimpleMessageConverter.java:164)
	at org.springframework.amqp.support.converter.AbstractMessageConverter.createMessage(AbstractMessageConverter.java:88)
	at org.springframework.amqp.support.converter.AbstractMessageConverter.toMessage(AbstractMessageConverter.java:70)
	at org.springframework.amqp.support.converter.AbstractMessageConverter.toMessage(AbstractMessageConverter.java:58)
	at org.springframework.amqp.rabbit.core.RabbitTemplate.convertMessageIfNecessary(RabbitTemplate.java:1861)
	at org.springframework.amqp.rabbit.core.RabbitTemplate.convertAndSend(RabbitTemplate.java:1167)
	at org.springframework.amqp.rabbit.core.RabbitTemplate.convertAndSend(RabbitTemplate.java:1149)
	at cn.good.infrastructure.event.EventPublisher.publish(EventPublisher.java:35)
	at cn.good.infrastructure.persistent.repository.TaskRepository.sendMessage(TaskRepository.java:45)
	at cn.good.infrastructure.persistent.repository.TaskRepository$$FastClassBySpringCGLIB$$10d01039.invoke(<generated>)
	at org.springframework.cglib.proxy.MethodProxy.invoke(MethodProxy.java:218)
	at org.springframework.aop.framework.CglibAopProxy$CglibMethodInvocation.invokeJoinpoint(CglibAopProxy.java:793)
	at org.springframework.aop.framework.ReflectiveMethodInvocation.proceed(ReflectiveMethodInvocation.java:163)
	at org.springframework.aop.framework.CglibAopProxy$CglibMethodInvocation.proceed(CglibAopProxy.java:763)
	at org.springframework.dao.support.PersistenceExceptionTranslationInterceptor.invoke(PersistenceExceptionTranslationInterceptor.java:137)
	at org.springframework.aop.framework.ReflectiveMethodInvocation.proceed(ReflectiveMethodInvocation.java:186)
	at org.springframework.aop.framework.CglibAopProxy$CglibMethodInvocation.proceed(CglibAopProxy.java:763)
	at org.springframework.aop.framework.CglibAopProxy$DynamicAdvisedInterceptor.intercept(CglibAopProxy.java:708)
	at cn.good.infrastructure.persistent.repository.TaskRepository$$EnhancerBySpringCGLIB$$c784bfba.sendMessage(<generated>)
	at cn.good.domain.task.service.TaskService.sendMessage(TaskService.java:29)
	at cn.good.trigger.job.SendMessageTaskJob.exec_db01(SendMessageTaskJob.java:42)
	at sun.reflect.GeneratedMethodAccessor144.invoke(Unknown Source)
	at sun.reflect.DelegatingMethodAccessorImpl.invoke(DelegatingMethodAccessorImpl.java:43)
	at java.lang.reflect.Method.invoke(Method.java:498)
	at org.springframework.scheduling.support.ScheduledMethodRunnable.run(ScheduledMethodRunnable.java:84)
	at org.springframework.scheduling.support.DelegatingErrorHandlingRunnable.run(DelegatingErrorHandlingRunnable.java:54)
	at org.springframework.scheduling.concurrent.ReschedulingRunnable.run(ReschedulingRunnable.java:95)
	at java.util.concurrent.Executors$RunnableAdapter.call(Executors.java:511)
	at java.util.concurrent.FutureTask.run(FutureTask.java:266)
	at java.util.concurrent.ScheduledThreadPoolExecutor$ScheduledFutureTask.access$201(ScheduledThreadPoolExecutor.java:180)
	at java.util.concurrent.ScheduledThreadPoolExecutor$ScheduledFutureTask.run(ScheduledThreadPoolExecutor.java:293)
	at java.util.concurrent.ThreadPoolExecutor.runWorker(ThreadPoolExecutor.java:1149)
	at java.util.concurrent.ThreadPoolExecutor$Worker.run(ThreadPoolExecutor.java:624)
	at java.lang.Thread.run(Thread.java:750)
25-03-31.22:10:30.023 [scheduling-1    ] ERROR SendMessageTaskJob     - 定时任务，发送MQ消息失败 userId: wkm topic: null
25-03-31.22:10:30.028 [scheduling-1    ] ERROR EventPublisher         - 发送MQ消息失败 topic:null message :null
java.lang.NullPointerException: null
	at org.springframework.amqp.support.converter.SimpleMessageConverter.createMessage(SimpleMessageConverter.java:164)
	at org.springframework.amqp.support.converter.AbstractMessageConverter.createMessage(AbstractMessageConverter.java:88)
	at org.springframework.amqp.support.converter.AbstractMessageConverter.toMessage(AbstractMessageConverter.java:70)
	at org.springframework.amqp.support.converter.AbstractMessageConverter.toMessage(AbstractMessageConverter.java:58)
	at org.springframework.amqp.rabbit.core.RabbitTemplate.convertMessageIfNecessary(RabbitTemplate.java:1861)
	at org.springframework.amqp.rabbit.core.RabbitTemplate.convertAndSend(RabbitTemplate.java:1167)
	at org.springframework.amqp.rabbit.core.RabbitTemplate.convertAndSend(RabbitTemplate.java:1149)
	at cn.good.infrastructure.event.EventPublisher.publish(EventPublisher.java:35)
	at cn.good.infrastructure.persistent.repository.TaskRepository.sendMessage(TaskRepository.java:45)
	at cn.good.infrastructure.persistent.repository.TaskRepository$$FastClassBySpringCGLIB$$10d01039.invoke(<generated>)
	at org.springframework.cglib.proxy.MethodProxy.invoke(MethodProxy.java:218)
	at org.springframework.aop.framework.CglibAopProxy$CglibMethodInvocation.invokeJoinpoint(CglibAopProxy.java:793)
	at org.springframework.aop.framework.ReflectiveMethodInvocation.proceed(ReflectiveMethodInvocation.java:163)
	at org.springframework.aop.framework.CglibAopProxy$CglibMethodInvocation.proceed(CglibAopProxy.java:763)
	at org.springframework.dao.support.PersistenceExceptionTranslationInterceptor.invoke(PersistenceExceptionTranslationInterceptor.java:137)
	at org.springframework.aop.framework.ReflectiveMethodInvocation.proceed(ReflectiveMethodInvocation.java:186)
	at org.springframework.aop.framework.CglibAopProxy$CglibMethodInvocation.proceed(CglibAopProxy.java:763)
	at org.springframework.aop.framework.CglibAopProxy$DynamicAdvisedInterceptor.intercept(CglibAopProxy.java:708)
	at cn.good.infrastructure.persistent.repository.TaskRepository$$EnhancerBySpringCGLIB$$c784bfba.sendMessage(<generated>)
	at cn.good.domain.task.service.TaskService.sendMessage(TaskService.java:29)
	at cn.good.trigger.job.SendMessageTaskJob.exec_db01(SendMessageTaskJob.java:42)
	at sun.reflect.GeneratedMethodAccessor144.invoke(Unknown Source)
	at sun.reflect.DelegatingMethodAccessorImpl.invoke(DelegatingMethodAccessorImpl.java:43)
	at java.lang.reflect.Method.invoke(Method.java:498)
	at org.springframework.scheduling.support.ScheduledMethodRunnable.run(ScheduledMethodRunnable.java:84)
	at org.springframework.scheduling.support.DelegatingErrorHandlingRunnable.run(DelegatingErrorHandlingRunnable.java:54)
	at org.springframework.scheduling.concurrent.ReschedulingRunnable.run(ReschedulingRunnable.java:95)
	at java.util.concurrent.Executors$RunnableAdapter.call(Executors.java:511)
	at java.util.concurrent.FutureTask.run(FutureTask.java:266)
	at java.util.concurrent.ScheduledThreadPoolExecutor$ScheduledFutureTask.access$201(ScheduledThreadPoolExecutor.java:180)
	at java.util.concurrent.ScheduledThreadPoolExecutor$ScheduledFutureTask.run(ScheduledThreadPoolExecutor.java:293)
	at java.util.concurrent.ThreadPoolExecutor.runWorker(ThreadPoolExecutor.java:1149)
	at java.util.concurrent.ThreadPoolExecutor$Worker.run(ThreadPoolExecutor.java:624)
	at java.lang.Thread.run(Thread.java:750)
25-03-31.22:10:30.028 [scheduling-1    ] ERROR SendMessageTaskJob     - 定时任务，发送MQ消息失败 userId: wkm topic: null
25-03-31.22:10:35.038 [scheduling-1    ] ERROR EventPublisher         - 发送MQ消息失败 topic:null message :null
java.lang.NullPointerException: null
	at org.springframework.amqp.support.converter.SimpleMessageConverter.createMessage(SimpleMessageConverter.java:164)
	at org.springframework.amqp.support.converter.AbstractMessageConverter.createMessage(AbstractMessageConverter.java:88)
	at org.springframework.amqp.support.converter.AbstractMessageConverter.toMessage(AbstractMessageConverter.java:70)
	at org.springframework.amqp.support.converter.AbstractMessageConverter.toMessage(AbstractMessageConverter.java:58)
	at org.springframework.amqp.rabbit.core.RabbitTemplate.convertMessageIfNecessary(RabbitTemplate.java:1861)
	at org.springframework.amqp.rabbit.core.RabbitTemplate.convertAndSend(RabbitTemplate.java:1167)
	at org.springframework.amqp.rabbit.core.RabbitTemplate.convertAndSend(RabbitTemplate.java:1149)
	at cn.good.infrastructure.event.EventPublisher.publish(EventPublisher.java:35)
	at cn.good.infrastructure.persistent.repository.TaskRepository.sendMessage(TaskRepository.java:45)
	at cn.good.infrastructure.persistent.repository.TaskRepository$$FastClassBySpringCGLIB$$10d01039.invoke(<generated>)
	at org.springframework.cglib.proxy.MethodProxy.invoke(MethodProxy.java:218)
	at org.springframework.aop.framework.CglibAopProxy$CglibMethodInvocation.invokeJoinpoint(CglibAopProxy.java:793)
	at org.springframework.aop.framework.ReflectiveMethodInvocation.proceed(ReflectiveMethodInvocation.java:163)
	at org.springframework.aop.framework.CglibAopProxy$CglibMethodInvocation.proceed(CglibAopProxy.java:763)
	at org.springframework.dao.support.PersistenceExceptionTranslationInterceptor.invoke(PersistenceExceptionTranslationInterceptor.java:137)
	at org.springframework.aop.framework.ReflectiveMethodInvocation.proceed(ReflectiveMethodInvocation.java:186)
	at org.springframework.aop.framework.CglibAopProxy$CglibMethodInvocation.proceed(CglibAopProxy.java:763)
	at org.springframework.aop.framework.CglibAopProxy$DynamicAdvisedInterceptor.intercept(CglibAopProxy.java:708)
	at cn.good.infrastructure.persistent.repository.TaskRepository$$EnhancerBySpringCGLIB$$c784bfba.sendMessage(<generated>)
	at cn.good.domain.task.service.TaskService.sendMessage(TaskService.java:29)
	at cn.good.trigger.job.SendMessageTaskJob.exec_db01(SendMessageTaskJob.java:42)
	at sun.reflect.GeneratedMethodAccessor144.invoke(Unknown Source)
	at sun.reflect.DelegatingMethodAccessorImpl.invoke(DelegatingMethodAccessorImpl.java:43)
	at java.lang.reflect.Method.invoke(Method.java:498)
	at org.springframework.scheduling.support.ScheduledMethodRunnable.run(ScheduledMethodRunnable.java:84)
	at org.springframework.scheduling.support.DelegatingErrorHandlingRunnable.run(DelegatingErrorHandlingRunnable.java:54)
	at org.springframework.scheduling.concurrent.ReschedulingRunnable.run(ReschedulingRunnable.java:95)
	at java.util.concurrent.Executors$RunnableAdapter.call(Executors.java:511)
	at java.util.concurrent.FutureTask.run(FutureTask.java:266)
	at java.util.concurrent.ScheduledThreadPoolExecutor$ScheduledFutureTask.access$201(ScheduledThreadPoolExecutor.java:180)
	at java.util.concurrent.ScheduledThreadPoolExecutor$ScheduledFutureTask.run(ScheduledThreadPoolExecutor.java:293)
	at java.util.concurrent.ThreadPoolExecutor.runWorker(ThreadPoolExecutor.java:1149)
	at java.util.concurrent.ThreadPoolExecutor$Worker.run(ThreadPoolExecutor.java:624)
	at java.lang.Thread.run(Thread.java:750)
25-03-31.22:10:35.038 [scheduling-1    ] ERROR SendMessageTaskJob     - 定时任务，发送MQ消息失败 userId: wkm topic: null
25-03-31.22:10:35.069 [scheduling-1    ] ERROR EventPublisher         - 发送MQ消息失败 topic:null message :null
java.lang.NullPointerException: null
	at org.springframework.amqp.support.converter.SimpleMessageConverter.createMessage(SimpleMessageConverter.java:164)
	at org.springframework.amqp.support.converter.AbstractMessageConverter.createMessage(AbstractMessageConverter.java:88)
	at org.springframework.amqp.support.converter.AbstractMessageConverter.toMessage(AbstractMessageConverter.java:70)
	at org.springframework.amqp.support.converter.AbstractMessageConverter.toMessage(AbstractMessageConverter.java:58)
	at org.springframework.amqp.rabbit.core.RabbitTemplate.convertMessageIfNecessary(RabbitTemplate.java:1861)
	at org.springframework.amqp.rabbit.core.RabbitTemplate.convertAndSend(RabbitTemplate.java:1167)
	at org.springframework.amqp.rabbit.core.RabbitTemplate.convertAndSend(RabbitTemplate.java:1149)
	at cn.good.infrastructure.event.EventPublisher.publish(EventPublisher.java:35)
	at cn.good.infrastructure.persistent.repository.TaskRepository.sendMessage(TaskRepository.java:45)
	at cn.good.infrastructure.persistent.repository.TaskRepository$$FastClassBySpringCGLIB$$10d01039.invoke(<generated>)
	at org.springframework.cglib.proxy.MethodProxy.invoke(MethodProxy.java:218)
	at org.springframework.aop.framework.CglibAopProxy$CglibMethodInvocation.invokeJoinpoint(CglibAopProxy.java:793)
	at org.springframework.aop.framework.ReflectiveMethodInvocation.proceed(ReflectiveMethodInvocation.java:163)
	at org.springframework.aop.framework.CglibAopProxy$CglibMethodInvocation.proceed(CglibAopProxy.java:763)
	at org.springframework.dao.support.PersistenceExceptionTranslationInterceptor.invoke(PersistenceExceptionTranslationInterceptor.java:137)
	at org.springframework.aop.framework.ReflectiveMethodInvocation.proceed(ReflectiveMethodInvocation.java:186)
	at org.springframework.aop.framework.CglibAopProxy$CglibMethodInvocation.proceed(CglibAopProxy.java:763)
	at org.springframework.aop.framework.CglibAopProxy$DynamicAdvisedInterceptor.intercept(CglibAopProxy.java:708)
	at cn.good.infrastructure.persistent.repository.TaskRepository$$EnhancerBySpringCGLIB$$c784bfba.sendMessage(<generated>)
	at cn.good.domain.task.service.TaskService.sendMessage(TaskService.java:29)
	at cn.good.trigger.job.SendMessageTaskJob.exec_db01(SendMessageTaskJob.java:42)
	at sun.reflect.GeneratedMethodAccessor144.invoke(Unknown Source)
	at sun.reflect.DelegatingMethodAccessorImpl.invoke(DelegatingMethodAccessorImpl.java:43)
	at java.lang.reflect.Method.invoke(Method.java:498)
	at org.springframework.scheduling.support.ScheduledMethodRunnable.run(ScheduledMethodRunnable.java:84)
	at org.springframework.scheduling.support.DelegatingErrorHandlingRunnable.run(DelegatingErrorHandlingRunnable.java:54)
	at org.springframework.scheduling.concurrent.ReschedulingRunnable.run(ReschedulingRunnable.java:95)
	at java.util.concurrent.Executors$RunnableAdapter.call(Executors.java:511)
	at java.util.concurrent.FutureTask.run(FutureTask.java:266)
	at java.util.concurrent.ScheduledThreadPoolExecutor$ScheduledFutureTask.access$201(ScheduledThreadPoolExecutor.java:180)
	at java.util.concurrent.ScheduledThreadPoolExecutor$ScheduledFutureTask.run(ScheduledThreadPoolExecutor.java:293)
	at java.util.concurrent.ThreadPoolExecutor.runWorker(ThreadPoolExecutor.java:1149)
	at java.util.concurrent.ThreadPoolExecutor$Worker.run(ThreadPoolExecutor.java:624)
	at java.lang.Thread.run(Thread.java:750)
25-03-31.22:10:35.069 [scheduling-1    ] ERROR SendMessageTaskJob     - 定时任务，发送MQ消息失败 userId: wkm topic: null
25-03-31.22:10:35.069 [scheduling-1    ] ERROR EventPublisher         - 发送MQ消息失败 topic:null message :null
java.lang.NullPointerException: null
	at org.springframework.amqp.support.converter.SimpleMessageConverter.createMessage(SimpleMessageConverter.java:164)
	at org.springframework.amqp.support.converter.AbstractMessageConverter.createMessage(AbstractMessageConverter.java:88)
	at org.springframework.amqp.support.converter.AbstractMessageConverter.toMessage(AbstractMessageConverter.java:70)
	at org.springframework.amqp.support.converter.AbstractMessageConverter.toMessage(AbstractMessageConverter.java:58)
	at org.springframework.amqp.rabbit.core.RabbitTemplate.convertMessageIfNecessary(RabbitTemplate.java:1861)
	at org.springframework.amqp.rabbit.core.RabbitTemplate.convertAndSend(RabbitTemplate.java:1167)
	at org.springframework.amqp.rabbit.core.RabbitTemplate.convertAndSend(RabbitTemplate.java:1149)
	at cn.good.infrastructure.event.EventPublisher.publish(EventPublisher.java:35)
	at cn.good.infrastructure.persistent.repository.TaskRepository.sendMessage(TaskRepository.java:45)
	at cn.good.infrastructure.persistent.repository.TaskRepository$$FastClassBySpringCGLIB$$10d01039.invoke(<generated>)
	at org.springframework.cglib.proxy.MethodProxy.invoke(MethodProxy.java:218)
	at org.springframework.aop.framework.CglibAopProxy$CglibMethodInvocation.invokeJoinpoint(CglibAopProxy.java:793)
	at org.springframework.aop.framework.ReflectiveMethodInvocation.proceed(ReflectiveMethodInvocation.java:163)
	at org.springframework.aop.framework.CglibAopProxy$CglibMethodInvocation.proceed(CglibAopProxy.java:763)
	at org.springframework.dao.support.PersistenceExceptionTranslationInterceptor.invoke(PersistenceExceptionTranslationInterceptor.java:137)
	at org.springframework.aop.framework.ReflectiveMethodInvocation.proceed(ReflectiveMethodInvocation.java:186)
	at org.springframework.aop.framework.CglibAopProxy$CglibMethodInvocation.proceed(CglibAopProxy.java:763)
	at org.springframework.aop.framework.CglibAopProxy$DynamicAdvisedInterceptor.intercept(CglibAopProxy.java:708)
	at cn.good.infrastructure.persistent.repository.TaskRepository$$EnhancerBySpringCGLIB$$c784bfba.sendMessage(<generated>)
	at cn.good.domain.task.service.TaskService.sendMessage(TaskService.java:29)
	at cn.good.trigger.job.SendMessageTaskJob.exec_db01(SendMessageTaskJob.java:42)
	at sun.reflect.GeneratedMethodAccessor144.invoke(Unknown Source)
	at sun.reflect.DelegatingMethodAccessorImpl.invoke(DelegatingMethodAccessorImpl.java:43)
	at java.lang.reflect.Method.invoke(Method.java:498)
	at org.springframework.scheduling.support.ScheduledMethodRunnable.run(ScheduledMethodRunnable.java:84)
	at org.springframework.scheduling.support.DelegatingErrorHandlingRunnable.run(DelegatingErrorHandlingRunnable.java:54)
	at org.springframework.scheduling.concurrent.ReschedulingRunnable.run(ReschedulingRunnable.java:95)
	at java.util.concurrent.Executors$RunnableAdapter.call(Executors.java:511)
	at java.util.concurrent.FutureTask.run(FutureTask.java:266)
	at java.util.concurrent.ScheduledThreadPoolExecutor$ScheduledFutureTask.access$201(ScheduledThreadPoolExecutor.java:180)
	at java.util.concurrent.ScheduledThreadPoolExecutor$ScheduledFutureTask.run(ScheduledThreadPoolExecutor.java:293)
	at java.util.concurrent.ThreadPoolExecutor.runWorker(ThreadPoolExecutor.java:1149)
	at java.util.concurrent.ThreadPoolExecutor$Worker.run(ThreadPoolExecutor.java:624)
	at java.lang.Thread.run(Thread.java:750)
25-03-31.22:10:35.069 [scheduling-1    ] ERROR SendMessageTaskJob     - 定时任务，发送MQ消息失败 userId: wkm topic: null
25-03-31.22:10:40.028 [scheduling-1    ] ERROR EventPublisher         - 发送MQ消息失败 topic:null message :null
java.lang.NullPointerException: null
	at org.springframework.amqp.support.converter.SimpleMessageConverter.createMessage(SimpleMessageConverter.java:164)
	at org.springframework.amqp.support.converter.AbstractMessageConverter.createMessage(AbstractMessageConverter.java:88)
	at org.springframework.amqp.support.converter.AbstractMessageConverter.toMessage(AbstractMessageConverter.java:70)
	at org.springframework.amqp.support.converter.AbstractMessageConverter.toMessage(AbstractMessageConverter.java:58)
	at org.springframework.amqp.rabbit.core.RabbitTemplate.convertMessageIfNecessary(RabbitTemplate.java:1861)
	at org.springframework.amqp.rabbit.core.RabbitTemplate.convertAndSend(RabbitTemplate.java:1167)
	at org.springframework.amqp.rabbit.core.RabbitTemplate.convertAndSend(RabbitTemplate.java:1149)
	at cn.good.infrastructure.event.EventPublisher.publish(EventPublisher.java:35)
	at cn.good.infrastructure.persistent.repository.TaskRepository.sendMessage(TaskRepository.java:45)
	at cn.good.infrastructure.persistent.repository.TaskRepository$$FastClassBySpringCGLIB$$10d01039.invoke(<generated>)
	at org.springframework.cglib.proxy.MethodProxy.invoke(MethodProxy.java:218)
	at org.springframework.aop.framework.CglibAopProxy$CglibMethodInvocation.invokeJoinpoint(CglibAopProxy.java:793)
	at org.springframework.aop.framework.ReflectiveMethodInvocation.proceed(ReflectiveMethodInvocation.java:163)
	at org.springframework.aop.framework.CglibAopProxy$CglibMethodInvocation.proceed(CglibAopProxy.java:763)
	at org.springframework.dao.support.PersistenceExceptionTranslationInterceptor.invoke(PersistenceExceptionTranslationInterceptor.java:137)
	at org.springframework.aop.framework.ReflectiveMethodInvocation.proceed(ReflectiveMethodInvocation.java:186)
	at org.springframework.aop.framework.CglibAopProxy$CglibMethodInvocation.proceed(CglibAopProxy.java:763)
	at org.springframework.aop.framework.CglibAopProxy$DynamicAdvisedInterceptor.intercept(CglibAopProxy.java:708)
	at cn.good.infrastructure.persistent.repository.TaskRepository$$EnhancerBySpringCGLIB$$c784bfba.sendMessage(<generated>)
	at cn.good.domain.task.service.TaskService.sendMessage(TaskService.java:29)
	at cn.good.trigger.job.SendMessageTaskJob.exec_db01(SendMessageTaskJob.java:42)
	at sun.reflect.GeneratedMethodAccessor144.invoke(Unknown Source)
	at sun.reflect.DelegatingMethodAccessorImpl.invoke(DelegatingMethodAccessorImpl.java:43)
	at java.lang.reflect.Method.invoke(Method.java:498)
	at org.springframework.scheduling.support.ScheduledMethodRunnable.run(ScheduledMethodRunnable.java:84)
	at org.springframework.scheduling.support.DelegatingErrorHandlingRunnable.run(DelegatingErrorHandlingRunnable.java:54)
	at org.springframework.scheduling.concurrent.ReschedulingRunnable.run(ReschedulingRunnable.java:95)
	at java.util.concurrent.Executors$RunnableAdapter.call(Executors.java:511)
	at java.util.concurrent.FutureTask.run(FutureTask.java:266)
	at java.util.concurrent.ScheduledThreadPoolExecutor$ScheduledFutureTask.access$201(ScheduledThreadPoolExecutor.java:180)
	at java.util.concurrent.ScheduledThreadPoolExecutor$ScheduledFutureTask.run(ScheduledThreadPoolExecutor.java:293)
	at java.util.concurrent.ThreadPoolExecutor.runWorker(ThreadPoolExecutor.java:1149)
	at java.util.concurrent.ThreadPoolExecutor$Worker.run(ThreadPoolExecutor.java:624)
	at java.lang.Thread.run(Thread.java:750)
25-03-31.22:10:40.028 [scheduling-1    ] ERROR SendMessageTaskJob     - 定时任务，发送MQ消息失败 userId: wkm topic: null
25-03-31.22:10:40.034 [scheduling-1    ] ERROR EventPublisher         - 发送MQ消息失败 topic:null message :null
java.lang.NullPointerException: null
	at org.springframework.amqp.support.converter.SimpleMessageConverter.createMessage(SimpleMessageConverter.java:164)
	at org.springframework.amqp.support.converter.AbstractMessageConverter.createMessage(AbstractMessageConverter.java:88)
	at org.springframework.amqp.support.converter.AbstractMessageConverter.toMessage(AbstractMessageConverter.java:70)
	at org.springframework.amqp.support.converter.AbstractMessageConverter.toMessage(AbstractMessageConverter.java:58)
	at org.springframework.amqp.rabbit.core.RabbitTemplate.convertMessageIfNecessary(RabbitTemplate.java:1861)
	at org.springframework.amqp.rabbit.core.RabbitTemplate.convertAndSend(RabbitTemplate.java:1167)
	at org.springframework.amqp.rabbit.core.RabbitTemplate.convertAndSend(RabbitTemplate.java:1149)
	at cn.good.infrastructure.event.EventPublisher.publish(EventPublisher.java:35)
	at cn.good.infrastructure.persistent.repository.TaskRepository.sendMessage(TaskRepository.java:45)
	at cn.good.infrastructure.persistent.repository.TaskRepository$$FastClassBySpringCGLIB$$10d01039.invoke(<generated>)
	at org.springframework.cglib.proxy.MethodProxy.invoke(MethodProxy.java:218)
	at org.springframework.aop.framework.CglibAopProxy$CglibMethodInvocation.invokeJoinpoint(CglibAopProxy.java:793)
	at org.springframework.aop.framework.ReflectiveMethodInvocation.proceed(ReflectiveMethodInvocation.java:163)
	at org.springframework.aop.framework.CglibAopProxy$CglibMethodInvocation.proceed(CglibAopProxy.java:763)
	at org.springframework.dao.support.PersistenceExceptionTranslationInterceptor.invoke(PersistenceExceptionTranslationInterceptor.java:137)
	at org.springframework.aop.framework.ReflectiveMethodInvocation.proceed(ReflectiveMethodInvocation.java:186)
	at org.springframework.aop.framework.CglibAopProxy$CglibMethodInvocation.proceed(CglibAopProxy.java:763)
	at org.springframework.aop.framework.CglibAopProxy$DynamicAdvisedInterceptor.intercept(CglibAopProxy.java:708)
	at cn.good.infrastructure.persistent.repository.TaskRepository$$EnhancerBySpringCGLIB$$c784bfba.sendMessage(<generated>)
	at cn.good.domain.task.service.TaskService.sendMessage(TaskService.java:29)
	at cn.good.trigger.job.SendMessageTaskJob.exec_db01(SendMessageTaskJob.java:42)
	at sun.reflect.GeneratedMethodAccessor144.invoke(Unknown Source)
	at sun.reflect.DelegatingMethodAccessorImpl.invoke(DelegatingMethodAccessorImpl.java:43)
	at java.lang.reflect.Method.invoke(Method.java:498)
	at org.springframework.scheduling.support.ScheduledMethodRunnable.run(ScheduledMethodRunnable.java:84)
	at org.springframework.scheduling.support.DelegatingErrorHandlingRunnable.run(DelegatingErrorHandlingRunnable.java:54)
	at org.springframework.scheduling.concurrent.ReschedulingRunnable.run(ReschedulingRunnable.java:95)
	at java.util.concurrent.Executors$RunnableAdapter.call(Executors.java:511)
	at java.util.concurrent.FutureTask.run(FutureTask.java:266)
	at java.util.concurrent.ScheduledThreadPoolExecutor$ScheduledFutureTask.access$201(ScheduledThreadPoolExecutor.java:180)
	at java.util.concurrent.ScheduledThreadPoolExecutor$ScheduledFutureTask.run(ScheduledThreadPoolExecutor.java:293)
	at java.util.concurrent.ThreadPoolExecutor.runWorker(ThreadPoolExecutor.java:1149)
	at java.util.concurrent.ThreadPoolExecutor$Worker.run(ThreadPoolExecutor.java:624)
	at java.lang.Thread.run(Thread.java:750)
25-03-31.22:10:40.034 [scheduling-1    ] ERROR SendMessageTaskJob     - 定时任务，发送MQ消息失败 userId: wkm topic: null
25-03-31.22:10:40.038 [scheduling-1    ] ERROR EventPublisher         - 发送MQ消息失败 topic:null message :null
java.lang.NullPointerException: null
	at org.springframework.amqp.support.converter.SimpleMessageConverter.createMessage(SimpleMessageConverter.java:164)
	at org.springframework.amqp.support.converter.AbstractMessageConverter.createMessage(AbstractMessageConverter.java:88)
	at org.springframework.amqp.support.converter.AbstractMessageConverter.toMessage(AbstractMessageConverter.java:70)
	at org.springframework.amqp.support.converter.AbstractMessageConverter.toMessage(AbstractMessageConverter.java:58)
	at org.springframework.amqp.rabbit.core.RabbitTemplate.convertMessageIfNecessary(RabbitTemplate.java:1861)
	at org.springframework.amqp.rabbit.core.RabbitTemplate.convertAndSend(RabbitTemplate.java:1167)
	at org.springframework.amqp.rabbit.core.RabbitTemplate.convertAndSend(RabbitTemplate.java:1149)
	at cn.good.infrastructure.event.EventPublisher.publish(EventPublisher.java:35)
	at cn.good.infrastructure.persistent.repository.TaskRepository.sendMessage(TaskRepository.java:45)
	at cn.good.infrastructure.persistent.repository.TaskRepository$$FastClassBySpringCGLIB$$10d01039.invoke(<generated>)
	at org.springframework.cglib.proxy.MethodProxy.invoke(MethodProxy.java:218)
	at org.springframework.aop.framework.CglibAopProxy$CglibMethodInvocation.invokeJoinpoint(CglibAopProxy.java:793)
	at org.springframework.aop.framework.ReflectiveMethodInvocation.proceed(ReflectiveMethodInvocation.java:163)
	at org.springframework.aop.framework.CglibAopProxy$CglibMethodInvocation.proceed(CglibAopProxy.java:763)
	at org.springframework.dao.support.PersistenceExceptionTranslationInterceptor.invoke(PersistenceExceptionTranslationInterceptor.java:137)
	at org.springframework.aop.framework.ReflectiveMethodInvocation.proceed(ReflectiveMethodInvocation.java:186)
	at org.springframework.aop.framework.CglibAopProxy$CglibMethodInvocation.proceed(CglibAopProxy.java:763)
	at org.springframework.aop.framework.CglibAopProxy$DynamicAdvisedInterceptor.intercept(CglibAopProxy.java:708)
	at cn.good.infrastructure.persistent.repository.TaskRepository$$EnhancerBySpringCGLIB$$c784bfba.sendMessage(<generated>)
	at cn.good.domain.task.service.TaskService.sendMessage(TaskService.java:29)
	at cn.good.trigger.job.SendMessageTaskJob.exec_db01(SendMessageTaskJob.java:42)
	at sun.reflect.GeneratedMethodAccessor144.invoke(Unknown Source)
	at sun.reflect.DelegatingMethodAccessorImpl.invoke(DelegatingMethodAccessorImpl.java:43)
	at java.lang.reflect.Method.invoke(Method.java:498)
	at org.springframework.scheduling.support.ScheduledMethodRunnable.run(ScheduledMethodRunnable.java:84)
	at org.springframework.scheduling.support.DelegatingErrorHandlingRunnable.run(DelegatingErrorHandlingRunnable.java:54)
	at org.springframework.scheduling.concurrent.ReschedulingRunnable.run(ReschedulingRunnable.java:95)
	at java.util.concurrent.Executors$RunnableAdapter.call(Executors.java:511)
	at java.util.concurrent.FutureTask.run(FutureTask.java:266)
	at java.util.concurrent.ScheduledThreadPoolExecutor$ScheduledFutureTask.access$201(ScheduledThreadPoolExecutor.java:180)
	at java.util.concurrent.ScheduledThreadPoolExecutor$ScheduledFutureTask.run(ScheduledThreadPoolExecutor.java:293)
	at java.util.concurrent.ThreadPoolExecutor.runWorker(ThreadPoolExecutor.java:1149)
	at java.util.concurrent.ThreadPoolExecutor$Worker.run(ThreadPoolExecutor.java:624)
	at java.lang.Thread.run(Thread.java:750)
25-03-31.22:10:40.038 [scheduling-1    ] ERROR SendMessageTaskJob     - 定时任务，发送MQ消息失败 userId: wkm topic: null
25-03-31.22:10:45.012 [scheduling-1    ] ERROR EventPublisher         - 发送MQ消息失败 topic:null message :null
java.lang.NullPointerException: null
	at org.springframework.amqp.support.converter.SimpleMessageConverter.createMessage(SimpleMessageConverter.java:164)
	at org.springframework.amqp.support.converter.AbstractMessageConverter.createMessage(AbstractMessageConverter.java:88)
	at org.springframework.amqp.support.converter.AbstractMessageConverter.toMessage(AbstractMessageConverter.java:70)
	at org.springframework.amqp.support.converter.AbstractMessageConverter.toMessage(AbstractMessageConverter.java:58)
	at org.springframework.amqp.rabbit.core.RabbitTemplate.convertMessageIfNecessary(RabbitTemplate.java:1861)
	at org.springframework.amqp.rabbit.core.RabbitTemplate.convertAndSend(RabbitTemplate.java:1167)
	at org.springframework.amqp.rabbit.core.RabbitTemplate.convertAndSend(RabbitTemplate.java:1149)
	at cn.good.infrastructure.event.EventPublisher.publish(EventPublisher.java:35)
	at cn.good.infrastructure.persistent.repository.TaskRepository.sendMessage(TaskRepository.java:45)
	at cn.good.infrastructure.persistent.repository.TaskRepository$$FastClassBySpringCGLIB$$10d01039.invoke(<generated>)
	at org.springframework.cglib.proxy.MethodProxy.invoke(MethodProxy.java:218)
	at org.springframework.aop.framework.CglibAopProxy$CglibMethodInvocation.invokeJoinpoint(CglibAopProxy.java:793)
	at org.springframework.aop.framework.ReflectiveMethodInvocation.proceed(ReflectiveMethodInvocation.java:163)
	at org.springframework.aop.framework.CglibAopProxy$CglibMethodInvocation.proceed(CglibAopProxy.java:763)
	at org.springframework.dao.support.PersistenceExceptionTranslationInterceptor.invoke(PersistenceExceptionTranslationInterceptor.java:137)
	at org.springframework.aop.framework.ReflectiveMethodInvocation.proceed(ReflectiveMethodInvocation.java:186)
	at org.springframework.aop.framework.CglibAopProxy$CglibMethodInvocation.proceed(CglibAopProxy.java:763)
	at org.springframework.aop.framework.CglibAopProxy$DynamicAdvisedInterceptor.intercept(CglibAopProxy.java:708)
	at cn.good.infrastructure.persistent.repository.TaskRepository$$EnhancerBySpringCGLIB$$c784bfba.sendMessage(<generated>)
	at cn.good.domain.task.service.TaskService.sendMessage(TaskService.java:29)
	at cn.good.trigger.job.SendMessageTaskJob.exec_db01(SendMessageTaskJob.java:42)
	at sun.reflect.GeneratedMethodAccessor144.invoke(Unknown Source)
	at sun.reflect.DelegatingMethodAccessorImpl.invoke(DelegatingMethodAccessorImpl.java:43)
	at java.lang.reflect.Method.invoke(Method.java:498)
	at org.springframework.scheduling.support.ScheduledMethodRunnable.run(ScheduledMethodRunnable.java:84)
	at org.springframework.scheduling.support.DelegatingErrorHandlingRunnable.run(DelegatingErrorHandlingRunnable.java:54)
	at org.springframework.scheduling.concurrent.ReschedulingRunnable.run(ReschedulingRunnable.java:95)
	at java.util.concurrent.Executors$RunnableAdapter.call(Executors.java:511)
	at java.util.concurrent.FutureTask.run(FutureTask.java:266)
	at java.util.concurrent.ScheduledThreadPoolExecutor$ScheduledFutureTask.access$201(ScheduledThreadPoolExecutor.java:180)
	at java.util.concurrent.ScheduledThreadPoolExecutor$ScheduledFutureTask.run(ScheduledThreadPoolExecutor.java:293)
	at java.util.concurrent.ThreadPoolExecutor.runWorker(ThreadPoolExecutor.java:1149)
	at java.util.concurrent.ThreadPoolExecutor$Worker.run(ThreadPoolExecutor.java:624)
	at java.lang.Thread.run(Thread.java:750)
25-03-31.22:10:45.012 [scheduling-1    ] ERROR SendMessageTaskJob     - 定时任务，发送MQ消息失败 userId: wkm topic: null
25-03-31.22:10:45.018 [scheduling-1    ] ERROR EventPublisher         - 发送MQ消息失败 topic:null message :null
java.lang.NullPointerException: null
	at org.springframework.amqp.support.converter.SimpleMessageConverter.createMessage(SimpleMessageConverter.java:164)
	at org.springframework.amqp.support.converter.AbstractMessageConverter.createMessage(AbstractMessageConverter.java:88)
	at org.springframework.amqp.support.converter.AbstractMessageConverter.toMessage(AbstractMessageConverter.java:70)
	at org.springframework.amqp.support.converter.AbstractMessageConverter.toMessage(AbstractMessageConverter.java:58)
	at org.springframework.amqp.rabbit.core.RabbitTemplate.convertMessageIfNecessary(RabbitTemplate.java:1861)
	at org.springframework.amqp.rabbit.core.RabbitTemplate.convertAndSend(RabbitTemplate.java:1167)
	at org.springframework.amqp.rabbit.core.RabbitTemplate.convertAndSend(RabbitTemplate.java:1149)
	at cn.good.infrastructure.event.EventPublisher.publish(EventPublisher.java:35)
	at cn.good.infrastructure.persistent.repository.TaskRepository.sendMessage(TaskRepository.java:45)
	at cn.good.infrastructure.persistent.repository.TaskRepository$$FastClassBySpringCGLIB$$10d01039.invoke(<generated>)
	at org.springframework.cglib.proxy.MethodProxy.invoke(MethodProxy.java:218)
	at org.springframework.aop.framework.CglibAopProxy$CglibMethodInvocation.invokeJoinpoint(CglibAopProxy.java:793)
	at org.springframework.aop.framework.ReflectiveMethodInvocation.proceed(ReflectiveMethodInvocation.java:163)
	at org.springframework.aop.framework.CglibAopProxy$CglibMethodInvocation.proceed(CglibAopProxy.java:763)
	at org.springframework.dao.support.PersistenceExceptionTranslationInterceptor.invoke(PersistenceExceptionTranslationInterceptor.java:137)
	at org.springframework.aop.framework.ReflectiveMethodInvocation.proceed(ReflectiveMethodInvocation.java:186)
	at org.springframework.aop.framework.CglibAopProxy$CglibMethodInvocation.proceed(CglibAopProxy.java:763)
	at org.springframework.aop.framework.CglibAopProxy$DynamicAdvisedInterceptor.intercept(CglibAopProxy.java:708)
	at cn.good.infrastructure.persistent.repository.TaskRepository$$EnhancerBySpringCGLIB$$c784bfba.sendMessage(<generated>)
	at cn.good.domain.task.service.TaskService.sendMessage(TaskService.java:29)
	at cn.good.trigger.job.SendMessageTaskJob.exec_db01(SendMessageTaskJob.java:42)
	at sun.reflect.GeneratedMethodAccessor144.invoke(Unknown Source)
	at sun.reflect.DelegatingMethodAccessorImpl.invoke(DelegatingMethodAccessorImpl.java:43)
	at java.lang.reflect.Method.invoke(Method.java:498)
	at org.springframework.scheduling.support.ScheduledMethodRunnable.run(ScheduledMethodRunnable.java:84)
	at org.springframework.scheduling.support.DelegatingErrorHandlingRunnable.run(DelegatingErrorHandlingRunnable.java:54)
	at org.springframework.scheduling.concurrent.ReschedulingRunnable.run(ReschedulingRunnable.java:95)
	at java.util.concurrent.Executors$RunnableAdapter.call(Executors.java:511)
	at java.util.concurrent.FutureTask.run(FutureTask.java:266)
	at java.util.concurrent.ScheduledThreadPoolExecutor$ScheduledFutureTask.access$201(ScheduledThreadPoolExecutor.java:180)
	at java.util.concurrent.ScheduledThreadPoolExecutor$ScheduledFutureTask.run(ScheduledThreadPoolExecutor.java:293)
	at java.util.concurrent.ThreadPoolExecutor.runWorker(ThreadPoolExecutor.java:1149)
	at java.util.concurrent.ThreadPoolExecutor$Worker.run(ThreadPoolExecutor.java:624)
	at java.lang.Thread.run(Thread.java:750)
25-03-31.22:10:45.018 [scheduling-1    ] ERROR SendMessageTaskJob     - 定时任务，发送MQ消息失败 userId: wkm topic: null
25-03-31.22:10:45.031 [scheduling-1    ] ERROR EventPublisher         - 发送MQ消息失败 topic:null message :null
java.lang.NullPointerException: null
	at org.springframework.amqp.support.converter.SimpleMessageConverter.createMessage(SimpleMessageConverter.java:164)
	at org.springframework.amqp.support.converter.AbstractMessageConverter.createMessage(AbstractMessageConverter.java:88)
	at org.springframework.amqp.support.converter.AbstractMessageConverter.toMessage(AbstractMessageConverter.java:70)
	at org.springframework.amqp.support.converter.AbstractMessageConverter.toMessage(AbstractMessageConverter.java:58)
	at org.springframework.amqp.rabbit.core.RabbitTemplate.convertMessageIfNecessary(RabbitTemplate.java:1861)
	at org.springframework.amqp.rabbit.core.RabbitTemplate.convertAndSend(RabbitTemplate.java:1167)
	at org.springframework.amqp.rabbit.core.RabbitTemplate.convertAndSend(RabbitTemplate.java:1149)
	at cn.good.infrastructure.event.EventPublisher.publish(EventPublisher.java:35)
	at cn.good.infrastructure.persistent.repository.TaskRepository.sendMessage(TaskRepository.java:45)
	at cn.good.infrastructure.persistent.repository.TaskRepository$$FastClassBySpringCGLIB$$10d01039.invoke(<generated>)
	at org.springframework.cglib.proxy.MethodProxy.invoke(MethodProxy.java:218)
	at org.springframework.aop.framework.CglibAopProxy$CglibMethodInvocation.invokeJoinpoint(CglibAopProxy.java:793)
	at org.springframework.aop.framework.ReflectiveMethodInvocation.proceed(ReflectiveMethodInvocation.java:163)
	at org.springframework.aop.framework.CglibAopProxy$CglibMethodInvocation.proceed(CglibAopProxy.java:763)
	at org.springframework.dao.support.PersistenceExceptionTranslationInterceptor.invoke(PersistenceExceptionTranslationInterceptor.java:137)
	at org.springframework.aop.framework.ReflectiveMethodInvocation.proceed(ReflectiveMethodInvocation.java:186)
	at org.springframework.aop.framework.CglibAopProxy$CglibMethodInvocation.proceed(CglibAopProxy.java:763)
	at org.springframework.aop.framework.CglibAopProxy$DynamicAdvisedInterceptor.intercept(CglibAopProxy.java:708)
	at cn.good.infrastructure.persistent.repository.TaskRepository$$EnhancerBySpringCGLIB$$c784bfba.sendMessage(<generated>)
	at cn.good.domain.task.service.TaskService.sendMessage(TaskService.java:29)
	at cn.good.trigger.job.SendMessageTaskJob.exec_db01(SendMessageTaskJob.java:42)
	at sun.reflect.GeneratedMethodAccessor144.invoke(Unknown Source)
	at sun.reflect.DelegatingMethodAccessorImpl.invoke(DelegatingMethodAccessorImpl.java:43)
	at java.lang.reflect.Method.invoke(Method.java:498)
	at org.springframework.scheduling.support.ScheduledMethodRunnable.run(ScheduledMethodRunnable.java:84)
	at org.springframework.scheduling.support.DelegatingErrorHandlingRunnable.run(DelegatingErrorHandlingRunnable.java:54)
	at org.springframework.scheduling.concurrent.ReschedulingRunnable.run(ReschedulingRunnable.java:95)
	at java.util.concurrent.Executors$RunnableAdapter.call(Executors.java:511)
	at java.util.concurrent.FutureTask.run(FutureTask.java:266)
	at java.util.concurrent.ScheduledThreadPoolExecutor$ScheduledFutureTask.access$201(ScheduledThreadPoolExecutor.java:180)
	at java.util.concurrent.ScheduledThreadPoolExecutor$ScheduledFutureTask.run(ScheduledThreadPoolExecutor.java:293)
	at java.util.concurrent.ThreadPoolExecutor.runWorker(ThreadPoolExecutor.java:1149)
	at java.util.concurrent.ThreadPoolExecutor$Worker.run(ThreadPoolExecutor.java:624)
	at java.lang.Thread.run(Thread.java:750)
25-03-31.22:10:45.031 [scheduling-1    ] ERROR SendMessageTaskJob     - 定时任务，发送MQ消息失败 userId: wkm topic: null
25-03-31.22:10:50.015 [scheduling-1    ] ERROR EventPublisher         - 发送MQ消息失败 topic:null message :null
java.lang.NullPointerException: null
	at org.springframework.amqp.support.converter.SimpleMessageConverter.createMessage(SimpleMessageConverter.java:164)
	at org.springframework.amqp.support.converter.AbstractMessageConverter.createMessage(AbstractMessageConverter.java:88)
	at org.springframework.amqp.support.converter.AbstractMessageConverter.toMessage(AbstractMessageConverter.java:70)
	at org.springframework.amqp.support.converter.AbstractMessageConverter.toMessage(AbstractMessageConverter.java:58)
	at org.springframework.amqp.rabbit.core.RabbitTemplate.convertMessageIfNecessary(RabbitTemplate.java:1861)
	at org.springframework.amqp.rabbit.core.RabbitTemplate.convertAndSend(RabbitTemplate.java:1167)
	at org.springframework.amqp.rabbit.core.RabbitTemplate.convertAndSend(RabbitTemplate.java:1149)
	at cn.good.infrastructure.event.EventPublisher.publish(EventPublisher.java:35)
	at cn.good.infrastructure.persistent.repository.TaskRepository.sendMessage(TaskRepository.java:45)
	at cn.good.infrastructure.persistent.repository.TaskRepository$$FastClassBySpringCGLIB$$10d01039.invoke(<generated>)
	at org.springframework.cglib.proxy.MethodProxy.invoke(MethodProxy.java:218)
	at org.springframework.aop.framework.CglibAopProxy$CglibMethodInvocation.invokeJoinpoint(CglibAopProxy.java:793)
	at org.springframework.aop.framework.ReflectiveMethodInvocation.proceed(ReflectiveMethodInvocation.java:163)
	at org.springframework.aop.framework.CglibAopProxy$CglibMethodInvocation.proceed(CglibAopProxy.java:763)
	at org.springframework.dao.support.PersistenceExceptionTranslationInterceptor.invoke(PersistenceExceptionTranslationInterceptor.java:137)
	at org.springframework.aop.framework.ReflectiveMethodInvocation.proceed(ReflectiveMethodInvocation.java:186)
	at org.springframework.aop.framework.CglibAopProxy$CglibMethodInvocation.proceed(CglibAopProxy.java:763)
	at org.springframework.aop.framework.CglibAopProxy$DynamicAdvisedInterceptor.intercept(CglibAopProxy.java:708)
	at cn.good.infrastructure.persistent.repository.TaskRepository$$EnhancerBySpringCGLIB$$c784bfba.sendMessage(<generated>)
	at cn.good.domain.task.service.TaskService.sendMessage(TaskService.java:29)
	at cn.good.trigger.job.SendMessageTaskJob.exec_db01(SendMessageTaskJob.java:42)
	at sun.reflect.GeneratedMethodAccessor144.invoke(Unknown Source)
	at sun.reflect.DelegatingMethodAccessorImpl.invoke(DelegatingMethodAccessorImpl.java:43)
	at java.lang.reflect.Method.invoke(Method.java:498)
	at org.springframework.scheduling.support.ScheduledMethodRunnable.run(ScheduledMethodRunnable.java:84)
	at org.springframework.scheduling.support.DelegatingErrorHandlingRunnable.run(DelegatingErrorHandlingRunnable.java:54)
	at org.springframework.scheduling.concurrent.ReschedulingRunnable.run(ReschedulingRunnable.java:95)
	at java.util.concurrent.Executors$RunnableAdapter.call(Executors.java:511)
	at java.util.concurrent.FutureTask.run(FutureTask.java:266)
	at java.util.concurrent.ScheduledThreadPoolExecutor$ScheduledFutureTask.access$201(ScheduledThreadPoolExecutor.java:180)
	at java.util.concurrent.ScheduledThreadPoolExecutor$ScheduledFutureTask.run(ScheduledThreadPoolExecutor.java:293)
	at java.util.concurrent.ThreadPoolExecutor.runWorker(ThreadPoolExecutor.java:1149)
	at java.util.concurrent.ThreadPoolExecutor$Worker.run(ThreadPoolExecutor.java:624)
	at java.lang.Thread.run(Thread.java:750)
25-03-31.22:10:50.015 [scheduling-1    ] ERROR SendMessageTaskJob     - 定时任务，发送MQ消息失败 userId: wkm topic: null
25-03-31.22:10:50.016 [scheduling-1    ] ERROR EventPublisher         - 发送MQ消息失败 topic:null message :null
java.lang.NullPointerException: null
	at org.springframework.amqp.support.converter.SimpleMessageConverter.createMessage(SimpleMessageConverter.java:164)
	at org.springframework.amqp.support.converter.AbstractMessageConverter.createMessage(AbstractMessageConverter.java:88)
	at org.springframework.amqp.support.converter.AbstractMessageConverter.toMessage(AbstractMessageConverter.java:70)
	at org.springframework.amqp.support.converter.AbstractMessageConverter.toMessage(AbstractMessageConverter.java:58)
	at org.springframework.amqp.rabbit.core.RabbitTemplate.convertMessageIfNecessary(RabbitTemplate.java:1861)
	at org.springframework.amqp.rabbit.core.RabbitTemplate.convertAndSend(RabbitTemplate.java:1167)
	at org.springframework.amqp.rabbit.core.RabbitTemplate.convertAndSend(RabbitTemplate.java:1149)
	at cn.good.infrastructure.event.EventPublisher.publish(EventPublisher.java:35)
	at cn.good.infrastructure.persistent.repository.TaskRepository.sendMessage(TaskRepository.java:45)
	at cn.good.infrastructure.persistent.repository.TaskRepository$$FastClassBySpringCGLIB$$10d01039.invoke(<generated>)
	at org.springframework.cglib.proxy.MethodProxy.invoke(MethodProxy.java:218)
	at org.springframework.aop.framework.CglibAopProxy$CglibMethodInvocation.invokeJoinpoint(CglibAopProxy.java:793)
	at org.springframework.aop.framework.ReflectiveMethodInvocation.proceed(ReflectiveMethodInvocation.java:163)
	at org.springframework.aop.framework.CglibAopProxy$CglibMethodInvocation.proceed(CglibAopProxy.java:763)
	at org.springframework.dao.support.PersistenceExceptionTranslationInterceptor.invoke(PersistenceExceptionTranslationInterceptor.java:137)
	at org.springframework.aop.framework.ReflectiveMethodInvocation.proceed(ReflectiveMethodInvocation.java:186)
	at org.springframework.aop.framework.CglibAopProxy$CglibMethodInvocation.proceed(CglibAopProxy.java:763)
	at org.springframework.aop.framework.CglibAopProxy$DynamicAdvisedInterceptor.intercept(CglibAopProxy.java:708)
	at cn.good.infrastructure.persistent.repository.TaskRepository$$EnhancerBySpringCGLIB$$c784bfba.sendMessage(<generated>)
	at cn.good.domain.task.service.TaskService.sendMessage(TaskService.java:29)
	at cn.good.trigger.job.SendMessageTaskJob.exec_db01(SendMessageTaskJob.java:42)
	at sun.reflect.GeneratedMethodAccessor144.invoke(Unknown Source)
	at sun.reflect.DelegatingMethodAccessorImpl.invoke(DelegatingMethodAccessorImpl.java:43)
	at java.lang.reflect.Method.invoke(Method.java:498)
	at org.springframework.scheduling.support.ScheduledMethodRunnable.run(ScheduledMethodRunnable.java:84)
	at org.springframework.scheduling.support.DelegatingErrorHandlingRunnable.run(DelegatingErrorHandlingRunnable.java:54)
	at org.springframework.scheduling.concurrent.ReschedulingRunnable.run(ReschedulingRunnable.java:95)
	at java.util.concurrent.Executors$RunnableAdapter.call(Executors.java:511)
	at java.util.concurrent.FutureTask.run(FutureTask.java:266)
	at java.util.concurrent.ScheduledThreadPoolExecutor$ScheduledFutureTask.access$201(ScheduledThreadPoolExecutor.java:180)
	at java.util.concurrent.ScheduledThreadPoolExecutor$ScheduledFutureTask.run(ScheduledThreadPoolExecutor.java:293)
	at java.util.concurrent.ThreadPoolExecutor.runWorker(ThreadPoolExecutor.java:1149)
	at java.util.concurrent.ThreadPoolExecutor$Worker.run(ThreadPoolExecutor.java:624)
	at java.lang.Thread.run(Thread.java:750)
25-03-31.22:10:50.017 [scheduling-1    ] ERROR SendMessageTaskJob     - 定时任务，发送MQ消息失败 userId: wkm topic: null
25-03-31.22:10:50.018 [scheduling-1    ] ERROR EventPublisher         - 发送MQ消息失败 topic:null message :null
java.lang.NullPointerException: null
	at org.springframework.amqp.support.converter.SimpleMessageConverter.createMessage(SimpleMessageConverter.java:164)
	at org.springframework.amqp.support.converter.AbstractMessageConverter.createMessage(AbstractMessageConverter.java:88)
	at org.springframework.amqp.support.converter.AbstractMessageConverter.toMessage(AbstractMessageConverter.java:70)
	at org.springframework.amqp.support.converter.AbstractMessageConverter.toMessage(AbstractMessageConverter.java:58)
	at org.springframework.amqp.rabbit.core.RabbitTemplate.convertMessageIfNecessary(RabbitTemplate.java:1861)
	at org.springframework.amqp.rabbit.core.RabbitTemplate.convertAndSend(RabbitTemplate.java:1167)
	at org.springframework.amqp.rabbit.core.RabbitTemplate.convertAndSend(RabbitTemplate.java:1149)
	at cn.good.infrastructure.event.EventPublisher.publish(EventPublisher.java:35)
	at cn.good.infrastructure.persistent.repository.TaskRepository.sendMessage(TaskRepository.java:45)
	at cn.good.infrastructure.persistent.repository.TaskRepository$$FastClassBySpringCGLIB$$10d01039.invoke(<generated>)
	at org.springframework.cglib.proxy.MethodProxy.invoke(MethodProxy.java:218)
	at org.springframework.aop.framework.CglibAopProxy$CglibMethodInvocation.invokeJoinpoint(CglibAopProxy.java:793)
	at org.springframework.aop.framework.ReflectiveMethodInvocation.proceed(ReflectiveMethodInvocation.java:163)
	at org.springframework.aop.framework.CglibAopProxy$CglibMethodInvocation.proceed(CglibAopProxy.java:763)
	at org.springframework.dao.support.PersistenceExceptionTranslationInterceptor.invoke(PersistenceExceptionTranslationInterceptor.java:137)
	at org.springframework.aop.framework.ReflectiveMethodInvocation.proceed(ReflectiveMethodInvocation.java:186)
	at org.springframework.aop.framework.CglibAopProxy$CglibMethodInvocation.proceed(CglibAopProxy.java:763)
	at org.springframework.aop.framework.CglibAopProxy$DynamicAdvisedInterceptor.intercept(CglibAopProxy.java:708)
	at cn.good.infrastructure.persistent.repository.TaskRepository$$EnhancerBySpringCGLIB$$c784bfba.sendMessage(<generated>)
	at cn.good.domain.task.service.TaskService.sendMessage(TaskService.java:29)
	at cn.good.trigger.job.SendMessageTaskJob.exec_db01(SendMessageTaskJob.java:42)
	at sun.reflect.GeneratedMethodAccessor144.invoke(Unknown Source)
	at sun.reflect.DelegatingMethodAccessorImpl.invoke(DelegatingMethodAccessorImpl.java:43)
	at java.lang.reflect.Method.invoke(Method.java:498)
	at org.springframework.scheduling.support.ScheduledMethodRunnable.run(ScheduledMethodRunnable.java:84)
	at org.springframework.scheduling.support.DelegatingErrorHandlingRunnable.run(DelegatingErrorHandlingRunnable.java:54)
	at org.springframework.scheduling.concurrent.ReschedulingRunnable.run(ReschedulingRunnable.java:95)
	at java.util.concurrent.Executors$RunnableAdapter.call(Executors.java:511)
	at java.util.concurrent.FutureTask.run(FutureTask.java:266)
	at java.util.concurrent.ScheduledThreadPoolExecutor$ScheduledFutureTask.access$201(ScheduledThreadPoolExecutor.java:180)
	at java.util.concurrent.ScheduledThreadPoolExecutor$ScheduledFutureTask.run(ScheduledThreadPoolExecutor.java:293)
	at java.util.concurrent.ThreadPoolExecutor.runWorker(ThreadPoolExecutor.java:1149)
	at java.util.concurrent.ThreadPoolExecutor$Worker.run(ThreadPoolExecutor.java:624)
	at java.lang.Thread.run(Thread.java:750)
25-03-31.22:10:50.018 [scheduling-1    ] ERROR SendMessageTaskJob     - 定时任务，发送MQ消息失败 userId: wkm topic: null
25-03-31.22:10:55.020 [scheduling-1    ] ERROR EventPublisher         - 发送MQ消息失败 topic:null message :null
java.lang.NullPointerException: null
	at org.springframework.amqp.support.converter.SimpleMessageConverter.createMessage(SimpleMessageConverter.java:164)
	at org.springframework.amqp.support.converter.AbstractMessageConverter.createMessage(AbstractMessageConverter.java:88)
	at org.springframework.amqp.support.converter.AbstractMessageConverter.toMessage(AbstractMessageConverter.java:70)
	at org.springframework.amqp.support.converter.AbstractMessageConverter.toMessage(AbstractMessageConverter.java:58)
	at org.springframework.amqp.rabbit.core.RabbitTemplate.convertMessageIfNecessary(RabbitTemplate.java:1861)
	at org.springframework.amqp.rabbit.core.RabbitTemplate.convertAndSend(RabbitTemplate.java:1167)
	at org.springframework.amqp.rabbit.core.RabbitTemplate.convertAndSend(RabbitTemplate.java:1149)
	at cn.good.infrastructure.event.EventPublisher.publish(EventPublisher.java:35)
	at cn.good.infrastructure.persistent.repository.TaskRepository.sendMessage(TaskRepository.java:45)
	at cn.good.infrastructure.persistent.repository.TaskRepository$$FastClassBySpringCGLIB$$10d01039.invoke(<generated>)
	at org.springframework.cglib.proxy.MethodProxy.invoke(MethodProxy.java:218)
	at org.springframework.aop.framework.CglibAopProxy$CglibMethodInvocation.invokeJoinpoint(CglibAopProxy.java:793)
	at org.springframework.aop.framework.ReflectiveMethodInvocation.proceed(ReflectiveMethodInvocation.java:163)
	at org.springframework.aop.framework.CglibAopProxy$CglibMethodInvocation.proceed(CglibAopProxy.java:763)
	at org.springframework.dao.support.PersistenceExceptionTranslationInterceptor.invoke(PersistenceExceptionTranslationInterceptor.java:137)
	at org.springframework.aop.framework.ReflectiveMethodInvocation.proceed(ReflectiveMethodInvocation.java:186)
	at org.springframework.aop.framework.CglibAopProxy$CglibMethodInvocation.proceed(CglibAopProxy.java:763)
	at org.springframework.aop.framework.CglibAopProxy$DynamicAdvisedInterceptor.intercept(CglibAopProxy.java:708)
	at cn.good.infrastructure.persistent.repository.TaskRepository$$EnhancerBySpringCGLIB$$c784bfba.sendMessage(<generated>)
	at cn.good.domain.task.service.TaskService.sendMessage(TaskService.java:29)
	at cn.good.trigger.job.SendMessageTaskJob.exec_db01(SendMessageTaskJob.java:42)
	at sun.reflect.GeneratedMethodAccessor144.invoke(Unknown Source)
	at sun.reflect.DelegatingMethodAccessorImpl.invoke(DelegatingMethodAccessorImpl.java:43)
	at java.lang.reflect.Method.invoke(Method.java:498)
	at org.springframework.scheduling.support.ScheduledMethodRunnable.run(ScheduledMethodRunnable.java:84)
	at org.springframework.scheduling.support.DelegatingErrorHandlingRunnable.run(DelegatingErrorHandlingRunnable.java:54)
	at org.springframework.scheduling.concurrent.ReschedulingRunnable.run(ReschedulingRunnable.java:95)
	at java.util.concurrent.Executors$RunnableAdapter.call(Executors.java:511)
	at java.util.concurrent.FutureTask.run(FutureTask.java:266)
	at java.util.concurrent.ScheduledThreadPoolExecutor$ScheduledFutureTask.access$201(ScheduledThreadPoolExecutor.java:180)
	at java.util.concurrent.ScheduledThreadPoolExecutor$ScheduledFutureTask.run(ScheduledThreadPoolExecutor.java:293)
	at java.util.concurrent.ThreadPoolExecutor.runWorker(ThreadPoolExecutor.java:1149)
	at java.util.concurrent.ThreadPoolExecutor$Worker.run(ThreadPoolExecutor.java:624)
	at java.lang.Thread.run(Thread.java:750)
25-03-31.22:10:55.021 [scheduling-1    ] ERROR SendMessageTaskJob     - 定时任务，发送MQ消息失败 userId: wkm topic: null
25-03-31.22:10:55.026 [scheduling-1    ] ERROR EventPublisher         - 发送MQ消息失败 topic:null message :null
java.lang.NullPointerException: null
	at org.springframework.amqp.support.converter.SimpleMessageConverter.createMessage(SimpleMessageConverter.java:164)
	at org.springframework.amqp.support.converter.AbstractMessageConverter.createMessage(AbstractMessageConverter.java:88)
	at org.springframework.amqp.support.converter.AbstractMessageConverter.toMessage(AbstractMessageConverter.java:70)
	at org.springframework.amqp.support.converter.AbstractMessageConverter.toMessage(AbstractMessageConverter.java:58)
	at org.springframework.amqp.rabbit.core.RabbitTemplate.convertMessageIfNecessary(RabbitTemplate.java:1861)
	at org.springframework.amqp.rabbit.core.RabbitTemplate.convertAndSend(RabbitTemplate.java:1167)
	at org.springframework.amqp.rabbit.core.RabbitTemplate.convertAndSend(RabbitTemplate.java:1149)
	at cn.good.infrastructure.event.EventPublisher.publish(EventPublisher.java:35)
	at cn.good.infrastructure.persistent.repository.TaskRepository.sendMessage(TaskRepository.java:45)
	at cn.good.infrastructure.persistent.repository.TaskRepository$$FastClassBySpringCGLIB$$10d01039.invoke(<generated>)
	at org.springframework.cglib.proxy.MethodProxy.invoke(MethodProxy.java:218)
	at org.springframework.aop.framework.CglibAopProxy$CglibMethodInvocation.invokeJoinpoint(CglibAopProxy.java:793)
	at org.springframework.aop.framework.ReflectiveMethodInvocation.proceed(ReflectiveMethodInvocation.java:163)
	at org.springframework.aop.framework.CglibAopProxy$CglibMethodInvocation.proceed(CglibAopProxy.java:763)
	at org.springframework.dao.support.PersistenceExceptionTranslationInterceptor.invoke(PersistenceExceptionTranslationInterceptor.java:137)
	at org.springframework.aop.framework.ReflectiveMethodInvocation.proceed(ReflectiveMethodInvocation.java:186)
	at org.springframework.aop.framework.CglibAopProxy$CglibMethodInvocation.proceed(CglibAopProxy.java:763)
	at org.springframework.aop.framework.CglibAopProxy$DynamicAdvisedInterceptor.intercept(CglibAopProxy.java:708)
	at cn.good.infrastructure.persistent.repository.TaskRepository$$EnhancerBySpringCGLIB$$c784bfba.sendMessage(<generated>)
	at cn.good.domain.task.service.TaskService.sendMessage(TaskService.java:29)
	at cn.good.trigger.job.SendMessageTaskJob.exec_db01(SendMessageTaskJob.java:42)
	at sun.reflect.GeneratedMethodAccessor144.invoke(Unknown Source)
	at sun.reflect.DelegatingMethodAccessorImpl.invoke(DelegatingMethodAccessorImpl.java:43)
	at java.lang.reflect.Method.invoke(Method.java:498)
	at org.springframework.scheduling.support.ScheduledMethodRunnable.run(ScheduledMethodRunnable.java:84)
	at org.springframework.scheduling.support.DelegatingErrorHandlingRunnable.run(DelegatingErrorHandlingRunnable.java:54)
	at org.springframework.scheduling.concurrent.ReschedulingRunnable.run(ReschedulingRunnable.java:95)
	at java.util.concurrent.Executors$RunnableAdapter.call(Executors.java:511)
	at java.util.concurrent.FutureTask.run(FutureTask.java:266)
	at java.util.concurrent.ScheduledThreadPoolExecutor$ScheduledFutureTask.access$201(ScheduledThreadPoolExecutor.java:180)
	at java.util.concurrent.ScheduledThreadPoolExecutor$ScheduledFutureTask.run(ScheduledThreadPoolExecutor.java:293)
	at java.util.concurrent.ThreadPoolExecutor.runWorker(ThreadPoolExecutor.java:1149)
	at java.util.concurrent.ThreadPoolExecutor$Worker.run(ThreadPoolExecutor.java:624)
	at java.lang.Thread.run(Thread.java:750)
25-03-31.22:10:55.027 [scheduling-1    ] ERROR SendMessageTaskJob     - 定时任务，发送MQ消息失败 userId: wkm topic: null
25-03-31.22:10:55.033 [scheduling-1    ] ERROR EventPublisher         - 发送MQ消息失败 topic:null message :null
java.lang.NullPointerException: null
	at org.springframework.amqp.support.converter.SimpleMessageConverter.createMessage(SimpleMessageConverter.java:164)
	at org.springframework.amqp.support.converter.AbstractMessageConverter.createMessage(AbstractMessageConverter.java:88)
	at org.springframework.amqp.support.converter.AbstractMessageConverter.toMessage(AbstractMessageConverter.java:70)
	at org.springframework.amqp.support.converter.AbstractMessageConverter.toMessage(AbstractMessageConverter.java:58)
	at org.springframework.amqp.rabbit.core.RabbitTemplate.convertMessageIfNecessary(RabbitTemplate.java:1861)
	at org.springframework.amqp.rabbit.core.RabbitTemplate.convertAndSend(RabbitTemplate.java:1167)
	at org.springframework.amqp.rabbit.core.RabbitTemplate.convertAndSend(RabbitTemplate.java:1149)
	at cn.good.infrastructure.event.EventPublisher.publish(EventPublisher.java:35)
	at cn.good.infrastructure.persistent.repository.TaskRepository.sendMessage(TaskRepository.java:45)
	at cn.good.infrastructure.persistent.repository.TaskRepository$$FastClassBySpringCGLIB$$10d01039.invoke(<generated>)
	at org.springframework.cglib.proxy.MethodProxy.invoke(MethodProxy.java:218)
	at org.springframework.aop.framework.CglibAopProxy$CglibMethodInvocation.invokeJoinpoint(CglibAopProxy.java:793)
	at org.springframework.aop.framework.ReflectiveMethodInvocation.proceed(ReflectiveMethodInvocation.java:163)
	at org.springframework.aop.framework.CglibAopProxy$CglibMethodInvocation.proceed(CglibAopProxy.java:763)
	at org.springframework.dao.support.PersistenceExceptionTranslationInterceptor.invoke(PersistenceExceptionTranslationInterceptor.java:137)
	at org.springframework.aop.framework.ReflectiveMethodInvocation.proceed(ReflectiveMethodInvocation.java:186)
	at org.springframework.aop.framework.CglibAopProxy$CglibMethodInvocation.proceed(CglibAopProxy.java:763)
	at org.springframework.aop.framework.CglibAopProxy$DynamicAdvisedInterceptor.intercept(CglibAopProxy.java:708)
	at cn.good.infrastructure.persistent.repository.TaskRepository$$EnhancerBySpringCGLIB$$c784bfba.sendMessage(<generated>)
	at cn.good.domain.task.service.TaskService.sendMessage(TaskService.java:29)
	at cn.good.trigger.job.SendMessageTaskJob.exec_db01(SendMessageTaskJob.java:42)
	at sun.reflect.GeneratedMethodAccessor144.invoke(Unknown Source)
	at sun.reflect.DelegatingMethodAccessorImpl.invoke(DelegatingMethodAccessorImpl.java:43)
	at java.lang.reflect.Method.invoke(Method.java:498)
	at org.springframework.scheduling.support.ScheduledMethodRunnable.run(ScheduledMethodRunnable.java:84)
	at org.springframework.scheduling.support.DelegatingErrorHandlingRunnable.run(DelegatingErrorHandlingRunnable.java:54)
	at org.springframework.scheduling.concurrent.ReschedulingRunnable.run(ReschedulingRunnable.java:95)
	at java.util.concurrent.Executors$RunnableAdapter.call(Executors.java:511)
	at java.util.concurrent.FutureTask.run(FutureTask.java:266)
	at java.util.concurrent.ScheduledThreadPoolExecutor$ScheduledFutureTask.access$201(ScheduledThreadPoolExecutor.java:180)
	at java.util.concurrent.ScheduledThreadPoolExecutor$ScheduledFutureTask.run(ScheduledThreadPoolExecutor.java:293)
	at java.util.concurrent.ThreadPoolExecutor.runWorker(ThreadPoolExecutor.java:1149)
	at java.util.concurrent.ThreadPoolExecutor$Worker.run(ThreadPoolExecutor.java:624)
	at java.lang.Thread.run(Thread.java:750)
25-03-31.22:10:55.033 [scheduling-1    ] ERROR SendMessageTaskJob     - 定时任务，发送MQ消息失败 userId: wkm topic: null
25-03-31.22:11:00.014 [scheduling-1    ] ERROR EventPublisher         - 发送MQ消息失败 topic:null message :null
java.lang.NullPointerException: null
	at org.springframework.amqp.support.converter.SimpleMessageConverter.createMessage(SimpleMessageConverter.java:164)
	at org.springframework.amqp.support.converter.AbstractMessageConverter.createMessage(AbstractMessageConverter.java:88)
	at org.springframework.amqp.support.converter.AbstractMessageConverter.toMessage(AbstractMessageConverter.java:70)
	at org.springframework.amqp.support.converter.AbstractMessageConverter.toMessage(AbstractMessageConverter.java:58)
	at org.springframework.amqp.rabbit.core.RabbitTemplate.convertMessageIfNecessary(RabbitTemplate.java:1861)
	at org.springframework.amqp.rabbit.core.RabbitTemplate.convertAndSend(RabbitTemplate.java:1167)
	at org.springframework.amqp.rabbit.core.RabbitTemplate.convertAndSend(RabbitTemplate.java:1149)
	at cn.good.infrastructure.event.EventPublisher.publish(EventPublisher.java:35)
	at cn.good.infrastructure.persistent.repository.TaskRepository.sendMessage(TaskRepository.java:45)
	at cn.good.infrastructure.persistent.repository.TaskRepository$$FastClassBySpringCGLIB$$10d01039.invoke(<generated>)
	at org.springframework.cglib.proxy.MethodProxy.invoke(MethodProxy.java:218)
	at org.springframework.aop.framework.CglibAopProxy$CglibMethodInvocation.invokeJoinpoint(CglibAopProxy.java:793)
	at org.springframework.aop.framework.ReflectiveMethodInvocation.proceed(ReflectiveMethodInvocation.java:163)
	at org.springframework.aop.framework.CglibAopProxy$CglibMethodInvocation.proceed(CglibAopProxy.java:763)
	at org.springframework.dao.support.PersistenceExceptionTranslationInterceptor.invoke(PersistenceExceptionTranslationInterceptor.java:137)
	at org.springframework.aop.framework.ReflectiveMethodInvocation.proceed(ReflectiveMethodInvocation.java:186)
	at org.springframework.aop.framework.CglibAopProxy$CglibMethodInvocation.proceed(CglibAopProxy.java:763)
	at org.springframework.aop.framework.CglibAopProxy$DynamicAdvisedInterceptor.intercept(CglibAopProxy.java:708)
	at cn.good.infrastructure.persistent.repository.TaskRepository$$EnhancerBySpringCGLIB$$c784bfba.sendMessage(<generated>)
	at cn.good.domain.task.service.TaskService.sendMessage(TaskService.java:29)
	at cn.good.trigger.job.SendMessageTaskJob.exec_db01(SendMessageTaskJob.java:42)
	at sun.reflect.GeneratedMethodAccessor144.invoke(Unknown Source)
	at sun.reflect.DelegatingMethodAccessorImpl.invoke(DelegatingMethodAccessorImpl.java:43)
	at java.lang.reflect.Method.invoke(Method.java:498)
	at org.springframework.scheduling.support.ScheduledMethodRunnable.run(ScheduledMethodRunnable.java:84)
	at org.springframework.scheduling.support.DelegatingErrorHandlingRunnable.run(DelegatingErrorHandlingRunnable.java:54)
	at org.springframework.scheduling.concurrent.ReschedulingRunnable.run(ReschedulingRunnable.java:95)
	at java.util.concurrent.Executors$RunnableAdapter.call(Executors.java:511)
	at java.util.concurrent.FutureTask.run(FutureTask.java:266)
	at java.util.concurrent.ScheduledThreadPoolExecutor$ScheduledFutureTask.access$201(ScheduledThreadPoolExecutor.java:180)
	at java.util.concurrent.ScheduledThreadPoolExecutor$ScheduledFutureTask.run(ScheduledThreadPoolExecutor.java:293)
	at java.util.concurrent.ThreadPoolExecutor.runWorker(ThreadPoolExecutor.java:1149)
	at java.util.concurrent.ThreadPoolExecutor$Worker.run(ThreadPoolExecutor.java:624)
	at java.lang.Thread.run(Thread.java:750)
25-03-31.22:11:00.014 [scheduling-1    ] ERROR SendMessageTaskJob     - 定时任务，发送MQ消息失败 userId: wkm topic: null
25-03-31.22:11:00.016 [scheduling-1    ] ERROR EventPublisher         - 发送MQ消息失败 topic:null message :null
java.lang.NullPointerException: null
	at org.springframework.amqp.support.converter.SimpleMessageConverter.createMessage(SimpleMessageConverter.java:164)
	at org.springframework.amqp.support.converter.AbstractMessageConverter.createMessage(AbstractMessageConverter.java:88)
	at org.springframework.amqp.support.converter.AbstractMessageConverter.toMessage(AbstractMessageConverter.java:70)
	at org.springframework.amqp.support.converter.AbstractMessageConverter.toMessage(AbstractMessageConverter.java:58)
	at org.springframework.amqp.rabbit.core.RabbitTemplate.convertMessageIfNecessary(RabbitTemplate.java:1861)
	at org.springframework.amqp.rabbit.core.RabbitTemplate.convertAndSend(RabbitTemplate.java:1167)
	at org.springframework.amqp.rabbit.core.RabbitTemplate.convertAndSend(RabbitTemplate.java:1149)
	at cn.good.infrastructure.event.EventPublisher.publish(EventPublisher.java:35)
	at cn.good.infrastructure.persistent.repository.TaskRepository.sendMessage(TaskRepository.java:45)
	at cn.good.infrastructure.persistent.repository.TaskRepository$$FastClassBySpringCGLIB$$10d01039.invoke(<generated>)
	at org.springframework.cglib.proxy.MethodProxy.invoke(MethodProxy.java:218)
	at org.springframework.aop.framework.CglibAopProxy$CglibMethodInvocation.invokeJoinpoint(CglibAopProxy.java:793)
	at org.springframework.aop.framework.ReflectiveMethodInvocation.proceed(ReflectiveMethodInvocation.java:163)
	at org.springframework.aop.framework.CglibAopProxy$CglibMethodInvocation.proceed(CglibAopProxy.java:763)
	at org.springframework.dao.support.PersistenceExceptionTranslationInterceptor.invoke(PersistenceExceptionTranslationInterceptor.java:137)
	at org.springframework.aop.framework.ReflectiveMethodInvocation.proceed(ReflectiveMethodInvocation.java:186)
	at org.springframework.aop.framework.CglibAopProxy$CglibMethodInvocation.proceed(CglibAopProxy.java:763)
	at org.springframework.aop.framework.CglibAopProxy$DynamicAdvisedInterceptor.intercept(CglibAopProxy.java:708)
	at cn.good.infrastructure.persistent.repository.TaskRepository$$EnhancerBySpringCGLIB$$c784bfba.sendMessage(<generated>)
	at cn.good.domain.task.service.TaskService.sendMessage(TaskService.java:29)
	at cn.good.trigger.job.SendMessageTaskJob.exec_db01(SendMessageTaskJob.java:42)
	at sun.reflect.GeneratedMethodAccessor144.invoke(Unknown Source)
	at sun.reflect.DelegatingMethodAccessorImpl.invoke(DelegatingMethodAccessorImpl.java:43)
	at java.lang.reflect.Method.invoke(Method.java:498)
	at org.springframework.scheduling.support.ScheduledMethodRunnable.run(ScheduledMethodRunnable.java:84)
	at org.springframework.scheduling.support.DelegatingErrorHandlingRunnable.run(DelegatingErrorHandlingRunnable.java:54)
	at org.springframework.scheduling.concurrent.ReschedulingRunnable.run(ReschedulingRunnable.java:95)
	at java.util.concurrent.Executors$RunnableAdapter.call(Executors.java:511)
	at java.util.concurrent.FutureTask.run(FutureTask.java:266)
	at java.util.concurrent.ScheduledThreadPoolExecutor$ScheduledFutureTask.access$201(ScheduledThreadPoolExecutor.java:180)
	at java.util.concurrent.ScheduledThreadPoolExecutor$ScheduledFutureTask.run(ScheduledThreadPoolExecutor.java:293)
	at java.util.concurrent.ThreadPoolExecutor.runWorker(ThreadPoolExecutor.java:1149)
	at java.util.concurrent.ThreadPoolExecutor$Worker.run(ThreadPoolExecutor.java:624)
	at java.lang.Thread.run(Thread.java:750)
25-03-31.22:11:00.016 [scheduling-1    ] ERROR SendMessageTaskJob     - 定时任务，发送MQ消息失败 userId: wkm topic: null
25-03-31.22:11:00.018 [scheduling-1    ] ERROR EventPublisher         - 发送MQ消息失败 topic:null message :null
java.lang.NullPointerException: null
	at org.springframework.amqp.support.converter.SimpleMessageConverter.createMessage(SimpleMessageConverter.java:164)
	at org.springframework.amqp.support.converter.AbstractMessageConverter.createMessage(AbstractMessageConverter.java:88)
	at org.springframework.amqp.support.converter.AbstractMessageConverter.toMessage(AbstractMessageConverter.java:70)
	at org.springframework.amqp.support.converter.AbstractMessageConverter.toMessage(AbstractMessageConverter.java:58)
	at org.springframework.amqp.rabbit.core.RabbitTemplate.convertMessageIfNecessary(RabbitTemplate.java:1861)
	at org.springframework.amqp.rabbit.core.RabbitTemplate.convertAndSend(RabbitTemplate.java:1167)
	at org.springframework.amqp.rabbit.core.RabbitTemplate.convertAndSend(RabbitTemplate.java:1149)
	at cn.good.infrastructure.event.EventPublisher.publish(EventPublisher.java:35)
	at cn.good.infrastructure.persistent.repository.TaskRepository.sendMessage(TaskRepository.java:45)
	at cn.good.infrastructure.persistent.repository.TaskRepository$$FastClassBySpringCGLIB$$10d01039.invoke(<generated>)
	at org.springframework.cglib.proxy.MethodProxy.invoke(MethodProxy.java:218)
	at org.springframework.aop.framework.CglibAopProxy$CglibMethodInvocation.invokeJoinpoint(CglibAopProxy.java:793)
	at org.springframework.aop.framework.ReflectiveMethodInvocation.proceed(ReflectiveMethodInvocation.java:163)
	at org.springframework.aop.framework.CglibAopProxy$CglibMethodInvocation.proceed(CglibAopProxy.java:763)
	at org.springframework.dao.support.PersistenceExceptionTranslationInterceptor.invoke(PersistenceExceptionTranslationInterceptor.java:137)
	at org.springframework.aop.framework.ReflectiveMethodInvocation.proceed(ReflectiveMethodInvocation.java:186)
	at org.springframework.aop.framework.CglibAopProxy$CglibMethodInvocation.proceed(CglibAopProxy.java:763)
	at org.springframework.aop.framework.CglibAopProxy$DynamicAdvisedInterceptor.intercept(CglibAopProxy.java:708)
	at cn.good.infrastructure.persistent.repository.TaskRepository$$EnhancerBySpringCGLIB$$c784bfba.sendMessage(<generated>)
	at cn.good.domain.task.service.TaskService.sendMessage(TaskService.java:29)
	at cn.good.trigger.job.SendMessageTaskJob.exec_db01(SendMessageTaskJob.java:42)
	at sun.reflect.GeneratedMethodAccessor144.invoke(Unknown Source)
	at sun.reflect.DelegatingMethodAccessorImpl.invoke(DelegatingMethodAccessorImpl.java:43)
	at java.lang.reflect.Method.invoke(Method.java:498)
	at org.springframework.scheduling.support.ScheduledMethodRunnable.run(ScheduledMethodRunnable.java:84)
	at org.springframework.scheduling.support.DelegatingErrorHandlingRunnable.run(DelegatingErrorHandlingRunnable.java:54)
	at org.springframework.scheduling.concurrent.ReschedulingRunnable.run(ReschedulingRunnable.java:95)
	at java.util.concurrent.Executors$RunnableAdapter.call(Executors.java:511)
	at java.util.concurrent.FutureTask.run(FutureTask.java:266)
	at java.util.concurrent.ScheduledThreadPoolExecutor$ScheduledFutureTask.access$201(ScheduledThreadPoolExecutor.java:180)
	at java.util.concurrent.ScheduledThreadPoolExecutor$ScheduledFutureTask.run(ScheduledThreadPoolExecutor.java:293)
	at java.util.concurrent.ThreadPoolExecutor.runWorker(ThreadPoolExecutor.java:1149)
	at java.util.concurrent.ThreadPoolExecutor$Worker.run(ThreadPoolExecutor.java:624)
	at java.lang.Thread.run(Thread.java:750)
25-03-31.22:11:00.018 [scheduling-1    ] ERROR SendMessageTaskJob     - 定时任务，发送MQ消息失败 userId: wkm topic: null
25-03-31.22:11:05.013 [scheduling-1    ] ERROR EventPublisher         - 发送MQ消息失败 topic:null message :null
java.lang.NullPointerException: null
	at org.springframework.amqp.support.converter.SimpleMessageConverter.createMessage(SimpleMessageConverter.java:164)
	at org.springframework.amqp.support.converter.AbstractMessageConverter.createMessage(AbstractMessageConverter.java:88)
	at org.springframework.amqp.support.converter.AbstractMessageConverter.toMessage(AbstractMessageConverter.java:70)
	at org.springframework.amqp.support.converter.AbstractMessageConverter.toMessage(AbstractMessageConverter.java:58)
	at org.springframework.amqp.rabbit.core.RabbitTemplate.convertMessageIfNecessary(RabbitTemplate.java:1861)
	at org.springframework.amqp.rabbit.core.RabbitTemplate.convertAndSend(RabbitTemplate.java:1167)
	at org.springframework.amqp.rabbit.core.RabbitTemplate.convertAndSend(RabbitTemplate.java:1149)
	at cn.good.infrastructure.event.EventPublisher.publish(EventPublisher.java:35)
	at cn.good.infrastructure.persistent.repository.TaskRepository.sendMessage(TaskRepository.java:45)
	at cn.good.infrastructure.persistent.repository.TaskRepository$$FastClassBySpringCGLIB$$10d01039.invoke(<generated>)
	at org.springframework.cglib.proxy.MethodProxy.invoke(MethodProxy.java:218)
	at org.springframework.aop.framework.CglibAopProxy$CglibMethodInvocation.invokeJoinpoint(CglibAopProxy.java:793)
	at org.springframework.aop.framework.ReflectiveMethodInvocation.proceed(ReflectiveMethodInvocation.java:163)
	at org.springframework.aop.framework.CglibAopProxy$CglibMethodInvocation.proceed(CglibAopProxy.java:763)
	at org.springframework.dao.support.PersistenceExceptionTranslationInterceptor.invoke(PersistenceExceptionTranslationInterceptor.java:137)
	at org.springframework.aop.framework.ReflectiveMethodInvocation.proceed(ReflectiveMethodInvocation.java:186)
	at org.springframework.aop.framework.CglibAopProxy$CglibMethodInvocation.proceed(CglibAopProxy.java:763)
	at org.springframework.aop.framework.CglibAopProxy$DynamicAdvisedInterceptor.intercept(CglibAopProxy.java:708)
	at cn.good.infrastructure.persistent.repository.TaskRepository$$EnhancerBySpringCGLIB$$c784bfba.sendMessage(<generated>)
	at cn.good.domain.task.service.TaskService.sendMessage(TaskService.java:29)
	at cn.good.trigger.job.SendMessageTaskJob.exec_db01(SendMessageTaskJob.java:42)
	at sun.reflect.GeneratedMethodAccessor144.invoke(Unknown Source)
	at sun.reflect.DelegatingMethodAccessorImpl.invoke(DelegatingMethodAccessorImpl.java:43)
	at java.lang.reflect.Method.invoke(Method.java:498)
	at org.springframework.scheduling.support.ScheduledMethodRunnable.run(ScheduledMethodRunnable.java:84)
	at org.springframework.scheduling.support.DelegatingErrorHandlingRunnable.run(DelegatingErrorHandlingRunnable.java:54)
	at org.springframework.scheduling.concurrent.ReschedulingRunnable.run(ReschedulingRunnable.java:95)
	at java.util.concurrent.Executors$RunnableAdapter.call(Executors.java:511)
	at java.util.concurrent.FutureTask.run(FutureTask.java:266)
	at java.util.concurrent.ScheduledThreadPoolExecutor$ScheduledFutureTask.access$201(ScheduledThreadPoolExecutor.java:180)
	at java.util.concurrent.ScheduledThreadPoolExecutor$ScheduledFutureTask.run(ScheduledThreadPoolExecutor.java:293)
	at java.util.concurrent.ThreadPoolExecutor.runWorker(ThreadPoolExecutor.java:1149)
	at java.util.concurrent.ThreadPoolExecutor$Worker.run(ThreadPoolExecutor.java:624)
	at java.lang.Thread.run(Thread.java:750)
25-03-31.22:11:05.013 [scheduling-1    ] ERROR SendMessageTaskJob     - 定时任务，发送MQ消息失败 userId: wkm topic: null
25-03-31.22:11:05.016 [scheduling-1    ] ERROR EventPublisher         - 发送MQ消息失败 topic:null message :null
java.lang.NullPointerException: null
	at org.springframework.amqp.support.converter.SimpleMessageConverter.createMessage(SimpleMessageConverter.java:164)
	at org.springframework.amqp.support.converter.AbstractMessageConverter.createMessage(AbstractMessageConverter.java:88)
	at org.springframework.amqp.support.converter.AbstractMessageConverter.toMessage(AbstractMessageConverter.java:70)
	at org.springframework.amqp.support.converter.AbstractMessageConverter.toMessage(AbstractMessageConverter.java:58)
	at org.springframework.amqp.rabbit.core.RabbitTemplate.convertMessageIfNecessary(RabbitTemplate.java:1861)
	at org.springframework.amqp.rabbit.core.RabbitTemplate.convertAndSend(RabbitTemplate.java:1167)
	at org.springframework.amqp.rabbit.core.RabbitTemplate.convertAndSend(RabbitTemplate.java:1149)
	at cn.good.infrastructure.event.EventPublisher.publish(EventPublisher.java:35)
	at cn.good.infrastructure.persistent.repository.TaskRepository.sendMessage(TaskRepository.java:45)
	at cn.good.infrastructure.persistent.repository.TaskRepository$$FastClassBySpringCGLIB$$10d01039.invoke(<generated>)
	at org.springframework.cglib.proxy.MethodProxy.invoke(MethodProxy.java:218)
	at org.springframework.aop.framework.CglibAopProxy$CglibMethodInvocation.invokeJoinpoint(CglibAopProxy.java:793)
	at org.springframework.aop.framework.ReflectiveMethodInvocation.proceed(ReflectiveMethodInvocation.java:163)
	at org.springframework.aop.framework.CglibAopProxy$CglibMethodInvocation.proceed(CglibAopProxy.java:763)
	at org.springframework.dao.support.PersistenceExceptionTranslationInterceptor.invoke(PersistenceExceptionTranslationInterceptor.java:137)
	at org.springframework.aop.framework.ReflectiveMethodInvocation.proceed(ReflectiveMethodInvocation.java:186)
	at org.springframework.aop.framework.CglibAopProxy$CglibMethodInvocation.proceed(CglibAopProxy.java:763)
	at org.springframework.aop.framework.CglibAopProxy$DynamicAdvisedInterceptor.intercept(CglibAopProxy.java:708)
	at cn.good.infrastructure.persistent.repository.TaskRepository$$EnhancerBySpringCGLIB$$c784bfba.sendMessage(<generated>)
	at cn.good.domain.task.service.TaskService.sendMessage(TaskService.java:29)
	at cn.good.trigger.job.SendMessageTaskJob.exec_db01(SendMessageTaskJob.java:42)
	at sun.reflect.GeneratedMethodAccessor144.invoke(Unknown Source)
	at sun.reflect.DelegatingMethodAccessorImpl.invoke(DelegatingMethodAccessorImpl.java:43)
	at java.lang.reflect.Method.invoke(Method.java:498)
	at org.springframework.scheduling.support.ScheduledMethodRunnable.run(ScheduledMethodRunnable.java:84)
	at org.springframework.scheduling.support.DelegatingErrorHandlingRunnable.run(DelegatingErrorHandlingRunnable.java:54)
	at org.springframework.scheduling.concurrent.ReschedulingRunnable.run(ReschedulingRunnable.java:95)
	at java.util.concurrent.Executors$RunnableAdapter.call(Executors.java:511)
	at java.util.concurrent.FutureTask.run(FutureTask.java:266)
	at java.util.concurrent.ScheduledThreadPoolExecutor$ScheduledFutureTask.access$201(ScheduledThreadPoolExecutor.java:180)
	at java.util.concurrent.ScheduledThreadPoolExecutor$ScheduledFutureTask.run(ScheduledThreadPoolExecutor.java:293)
	at java.util.concurrent.ThreadPoolExecutor.runWorker(ThreadPoolExecutor.java:1149)
	at java.util.concurrent.ThreadPoolExecutor$Worker.run(ThreadPoolExecutor.java:624)
	at java.lang.Thread.run(Thread.java:750)
25-03-31.22:11:05.016 [scheduling-1    ] ERROR SendMessageTaskJob     - 定时任务，发送MQ消息失败 userId: wkm topic: null
25-03-31.22:11:05.017 [scheduling-1    ] ERROR EventPublisher         - 发送MQ消息失败 topic:null message :null
java.lang.NullPointerException: null
	at org.springframework.amqp.support.converter.SimpleMessageConverter.createMessage(SimpleMessageConverter.java:164)
	at org.springframework.amqp.support.converter.AbstractMessageConverter.createMessage(AbstractMessageConverter.java:88)
	at org.springframework.amqp.support.converter.AbstractMessageConverter.toMessage(AbstractMessageConverter.java:70)
	at org.springframework.amqp.support.converter.AbstractMessageConverter.toMessage(AbstractMessageConverter.java:58)
	at org.springframework.amqp.rabbit.core.RabbitTemplate.convertMessageIfNecessary(RabbitTemplate.java:1861)
	at org.springframework.amqp.rabbit.core.RabbitTemplate.convertAndSend(RabbitTemplate.java:1167)
	at org.springframework.amqp.rabbit.core.RabbitTemplate.convertAndSend(RabbitTemplate.java:1149)
	at cn.good.infrastructure.event.EventPublisher.publish(EventPublisher.java:35)
	at cn.good.infrastructure.persistent.repository.TaskRepository.sendMessage(TaskRepository.java:45)
	at cn.good.infrastructure.persistent.repository.TaskRepository$$FastClassBySpringCGLIB$$10d01039.invoke(<generated>)
	at org.springframework.cglib.proxy.MethodProxy.invoke(MethodProxy.java:218)
	at org.springframework.aop.framework.CglibAopProxy$CglibMethodInvocation.invokeJoinpoint(CglibAopProxy.java:793)
	at org.springframework.aop.framework.ReflectiveMethodInvocation.proceed(ReflectiveMethodInvocation.java:163)
	at org.springframework.aop.framework.CglibAopProxy$CglibMethodInvocation.proceed(CglibAopProxy.java:763)
	at org.springframework.dao.support.PersistenceExceptionTranslationInterceptor.invoke(PersistenceExceptionTranslationInterceptor.java:137)
	at org.springframework.aop.framework.ReflectiveMethodInvocation.proceed(ReflectiveMethodInvocation.java:186)
	at org.springframework.aop.framework.CglibAopProxy$CglibMethodInvocation.proceed(CglibAopProxy.java:763)
	at org.springframework.aop.framework.CglibAopProxy$DynamicAdvisedInterceptor.intercept(CglibAopProxy.java:708)
	at cn.good.infrastructure.persistent.repository.TaskRepository$$EnhancerBySpringCGLIB$$c784bfba.sendMessage(<generated>)
	at cn.good.domain.task.service.TaskService.sendMessage(TaskService.java:29)
	at cn.good.trigger.job.SendMessageTaskJob.exec_db01(SendMessageTaskJob.java:42)
	at sun.reflect.GeneratedMethodAccessor144.invoke(Unknown Source)
	at sun.reflect.DelegatingMethodAccessorImpl.invoke(DelegatingMethodAccessorImpl.java:43)
	at java.lang.reflect.Method.invoke(Method.java:498)
	at org.springframework.scheduling.support.ScheduledMethodRunnable.run(ScheduledMethodRunnable.java:84)
	at org.springframework.scheduling.support.DelegatingErrorHandlingRunnable.run(DelegatingErrorHandlingRunnable.java:54)
	at org.springframework.scheduling.concurrent.ReschedulingRunnable.run(ReschedulingRunnable.java:95)
	at java.util.concurrent.Executors$RunnableAdapter.call(Executors.java:511)
	at java.util.concurrent.FutureTask.run(FutureTask.java:266)
	at java.util.concurrent.ScheduledThreadPoolExecutor$ScheduledFutureTask.access$201(ScheduledThreadPoolExecutor.java:180)
	at java.util.concurrent.ScheduledThreadPoolExecutor$ScheduledFutureTask.run(ScheduledThreadPoolExecutor.java:293)
	at java.util.concurrent.ThreadPoolExecutor.runWorker(ThreadPoolExecutor.java:1149)
	at java.util.concurrent.ThreadPoolExecutor$Worker.run(ThreadPoolExecutor.java:624)
	at java.lang.Thread.run(Thread.java:750)
25-03-31.22:11:05.017 [scheduling-1    ] ERROR SendMessageTaskJob     - 定时任务，发送MQ消息失败 userId: wkm topic: null
25-03-31.22:11:10.003 [scheduling-1    ] ERROR EventPublisher         - 发送MQ消息失败 topic:null message :null
java.lang.NullPointerException: null
	at org.springframework.amqp.support.converter.SimpleMessageConverter.createMessage(SimpleMessageConverter.java:164)
	at org.springframework.amqp.support.converter.AbstractMessageConverter.createMessage(AbstractMessageConverter.java:88)
	at org.springframework.amqp.support.converter.AbstractMessageConverter.toMessage(AbstractMessageConverter.java:70)
	at org.springframework.amqp.support.converter.AbstractMessageConverter.toMessage(AbstractMessageConverter.java:58)
	at org.springframework.amqp.rabbit.core.RabbitTemplate.convertMessageIfNecessary(RabbitTemplate.java:1861)
	at org.springframework.amqp.rabbit.core.RabbitTemplate.convertAndSend(RabbitTemplate.java:1167)
	at org.springframework.amqp.rabbit.core.RabbitTemplate.convertAndSend(RabbitTemplate.java:1149)
	at cn.good.infrastructure.event.EventPublisher.publish(EventPublisher.java:35)
	at cn.good.infrastructure.persistent.repository.TaskRepository.sendMessage(TaskRepository.java:45)
	at cn.good.infrastructure.persistent.repository.TaskRepository$$FastClassBySpringCGLIB$$10d01039.invoke(<generated>)
	at org.springframework.cglib.proxy.MethodProxy.invoke(MethodProxy.java:218)
	at org.springframework.aop.framework.CglibAopProxy$CglibMethodInvocation.invokeJoinpoint(CglibAopProxy.java:793)
	at org.springframework.aop.framework.ReflectiveMethodInvocation.proceed(ReflectiveMethodInvocation.java:163)
	at org.springframework.aop.framework.CglibAopProxy$CglibMethodInvocation.proceed(CglibAopProxy.java:763)
	at org.springframework.dao.support.PersistenceExceptionTranslationInterceptor.invoke(PersistenceExceptionTranslationInterceptor.java:137)
	at org.springframework.aop.framework.ReflectiveMethodInvocation.proceed(ReflectiveMethodInvocation.java:186)
	at org.springframework.aop.framework.CglibAopProxy$CglibMethodInvocation.proceed(CglibAopProxy.java:763)
	at org.springframework.aop.framework.CglibAopProxy$DynamicAdvisedInterceptor.intercept(CglibAopProxy.java:708)
	at cn.good.infrastructure.persistent.repository.TaskRepository$$EnhancerBySpringCGLIB$$c784bfba.sendMessage(<generated>)
	at cn.good.domain.task.service.TaskService.sendMessage(TaskService.java:29)
	at cn.good.trigger.job.SendMessageTaskJob.exec_db01(SendMessageTaskJob.java:42)
	at sun.reflect.GeneratedMethodAccessor144.invoke(Unknown Source)
	at sun.reflect.DelegatingMethodAccessorImpl.invoke(DelegatingMethodAccessorImpl.java:43)
	at java.lang.reflect.Method.invoke(Method.java:498)
	at org.springframework.scheduling.support.ScheduledMethodRunnable.run(ScheduledMethodRunnable.java:84)
	at org.springframework.scheduling.support.DelegatingErrorHandlingRunnable.run(DelegatingErrorHandlingRunnable.java:54)
	at org.springframework.scheduling.concurrent.ReschedulingRunnable.run(ReschedulingRunnable.java:95)
	at java.util.concurrent.Executors$RunnableAdapter.call(Executors.java:511)
	at java.util.concurrent.FutureTask.run(FutureTask.java:266)
	at java.util.concurrent.ScheduledThreadPoolExecutor$ScheduledFutureTask.access$201(ScheduledThreadPoolExecutor.java:180)
	at java.util.concurrent.ScheduledThreadPoolExecutor$ScheduledFutureTask.run(ScheduledThreadPoolExecutor.java:293)
	at java.util.concurrent.ThreadPoolExecutor.runWorker(ThreadPoolExecutor.java:1149)
	at java.util.concurrent.ThreadPoolExecutor$Worker.run(ThreadPoolExecutor.java:624)
	at java.lang.Thread.run(Thread.java:750)
25-03-31.22:11:10.003 [scheduling-1    ] ERROR SendMessageTaskJob     - 定时任务，发送MQ消息失败 userId: wkm topic: null
25-03-31.22:11:10.005 [scheduling-1    ] ERROR EventPublisher         - 发送MQ消息失败 topic:null message :null
java.lang.NullPointerException: null
	at org.springframework.amqp.support.converter.SimpleMessageConverter.createMessage(SimpleMessageConverter.java:164)
	at org.springframework.amqp.support.converter.AbstractMessageConverter.createMessage(AbstractMessageConverter.java:88)
	at org.springframework.amqp.support.converter.AbstractMessageConverter.toMessage(AbstractMessageConverter.java:70)
	at org.springframework.amqp.support.converter.AbstractMessageConverter.toMessage(AbstractMessageConverter.java:58)
	at org.springframework.amqp.rabbit.core.RabbitTemplate.convertMessageIfNecessary(RabbitTemplate.java:1861)
	at org.springframework.amqp.rabbit.core.RabbitTemplate.convertAndSend(RabbitTemplate.java:1167)
	at org.springframework.amqp.rabbit.core.RabbitTemplate.convertAndSend(RabbitTemplate.java:1149)
	at cn.good.infrastructure.event.EventPublisher.publish(EventPublisher.java:35)
	at cn.good.infrastructure.persistent.repository.TaskRepository.sendMessage(TaskRepository.java:45)
	at cn.good.infrastructure.persistent.repository.TaskRepository$$FastClassBySpringCGLIB$$10d01039.invoke(<generated>)
	at org.springframework.cglib.proxy.MethodProxy.invoke(MethodProxy.java:218)
	at org.springframework.aop.framework.CglibAopProxy$CglibMethodInvocation.invokeJoinpoint(CglibAopProxy.java:793)
	at org.springframework.aop.framework.ReflectiveMethodInvocation.proceed(ReflectiveMethodInvocation.java:163)
	at org.springframework.aop.framework.CglibAopProxy$CglibMethodInvocation.proceed(CglibAopProxy.java:763)
	at org.springframework.dao.support.PersistenceExceptionTranslationInterceptor.invoke(PersistenceExceptionTranslationInterceptor.java:137)
	at org.springframework.aop.framework.ReflectiveMethodInvocation.proceed(ReflectiveMethodInvocation.java:186)
	at org.springframework.aop.framework.CglibAopProxy$CglibMethodInvocation.proceed(CglibAopProxy.java:763)
	at org.springframework.aop.framework.CglibAopProxy$DynamicAdvisedInterceptor.intercept(CglibAopProxy.java:708)
	at cn.good.infrastructure.persistent.repository.TaskRepository$$EnhancerBySpringCGLIB$$c784bfba.sendMessage(<generated>)
	at cn.good.domain.task.service.TaskService.sendMessage(TaskService.java:29)
	at cn.good.trigger.job.SendMessageTaskJob.exec_db01(SendMessageTaskJob.java:42)
	at sun.reflect.GeneratedMethodAccessor144.invoke(Unknown Source)
	at sun.reflect.DelegatingMethodAccessorImpl.invoke(DelegatingMethodAccessorImpl.java:43)
	at java.lang.reflect.Method.invoke(Method.java:498)
	at org.springframework.scheduling.support.ScheduledMethodRunnable.run(ScheduledMethodRunnable.java:84)
	at org.springframework.scheduling.support.DelegatingErrorHandlingRunnable.run(DelegatingErrorHandlingRunnable.java:54)
	at org.springframework.scheduling.concurrent.ReschedulingRunnable.run(ReschedulingRunnable.java:95)
	at java.util.concurrent.Executors$RunnableAdapter.call(Executors.java:511)
	at java.util.concurrent.FutureTask.run(FutureTask.java:266)
	at java.util.concurrent.ScheduledThreadPoolExecutor$ScheduledFutureTask.access$201(ScheduledThreadPoolExecutor.java:180)
	at java.util.concurrent.ScheduledThreadPoolExecutor$ScheduledFutureTask.run(ScheduledThreadPoolExecutor.java:293)
	at java.util.concurrent.ThreadPoolExecutor.runWorker(ThreadPoolExecutor.java:1149)
	at java.util.concurrent.ThreadPoolExecutor$Worker.run(ThreadPoolExecutor.java:624)
	at java.lang.Thread.run(Thread.java:750)
25-03-31.22:11:10.005 [scheduling-1    ] ERROR SendMessageTaskJob     - 定时任务，发送MQ消息失败 userId: wkm topic: null
25-03-31.22:11:10.008 [scheduling-1    ] ERROR EventPublisher         - 发送MQ消息失败 topic:null message :null
java.lang.NullPointerException: null
	at org.springframework.amqp.support.converter.SimpleMessageConverter.createMessage(SimpleMessageConverter.java:164)
	at org.springframework.amqp.support.converter.AbstractMessageConverter.createMessage(AbstractMessageConverter.java:88)
	at org.springframework.amqp.support.converter.AbstractMessageConverter.toMessage(AbstractMessageConverter.java:70)
	at org.springframework.amqp.support.converter.AbstractMessageConverter.toMessage(AbstractMessageConverter.java:58)
	at org.springframework.amqp.rabbit.core.RabbitTemplate.convertMessageIfNecessary(RabbitTemplate.java:1861)
	at org.springframework.amqp.rabbit.core.RabbitTemplate.convertAndSend(RabbitTemplate.java:1167)
	at org.springframework.amqp.rabbit.core.RabbitTemplate.convertAndSend(RabbitTemplate.java:1149)
	at cn.good.infrastructure.event.EventPublisher.publish(EventPublisher.java:35)
	at cn.good.infrastructure.persistent.repository.TaskRepository.sendMessage(TaskRepository.java:45)
	at cn.good.infrastructure.persistent.repository.TaskRepository$$FastClassBySpringCGLIB$$10d01039.invoke(<generated>)
	at org.springframework.cglib.proxy.MethodProxy.invoke(MethodProxy.java:218)
	at org.springframework.aop.framework.CglibAopProxy$CglibMethodInvocation.invokeJoinpoint(CglibAopProxy.java:793)
	at org.springframework.aop.framework.ReflectiveMethodInvocation.proceed(ReflectiveMethodInvocation.java:163)
	at org.springframework.aop.framework.CglibAopProxy$CglibMethodInvocation.proceed(CglibAopProxy.java:763)
	at org.springframework.dao.support.PersistenceExceptionTranslationInterceptor.invoke(PersistenceExceptionTranslationInterceptor.java:137)
	at org.springframework.aop.framework.ReflectiveMethodInvocation.proceed(ReflectiveMethodInvocation.java:186)
	at org.springframework.aop.framework.CglibAopProxy$CglibMethodInvocation.proceed(CglibAopProxy.java:763)
	at org.springframework.aop.framework.CglibAopProxy$DynamicAdvisedInterceptor.intercept(CglibAopProxy.java:708)
	at cn.good.infrastructure.persistent.repository.TaskRepository$$EnhancerBySpringCGLIB$$c784bfba.sendMessage(<generated>)
	at cn.good.domain.task.service.TaskService.sendMessage(TaskService.java:29)
	at cn.good.trigger.job.SendMessageTaskJob.exec_db01(SendMessageTaskJob.java:42)
	at sun.reflect.GeneratedMethodAccessor144.invoke(Unknown Source)
	at sun.reflect.DelegatingMethodAccessorImpl.invoke(DelegatingMethodAccessorImpl.java:43)
	at java.lang.reflect.Method.invoke(Method.java:498)
	at org.springframework.scheduling.support.ScheduledMethodRunnable.run(ScheduledMethodRunnable.java:84)
	at org.springframework.scheduling.support.DelegatingErrorHandlingRunnable.run(DelegatingErrorHandlingRunnable.java:54)
	at org.springframework.scheduling.concurrent.ReschedulingRunnable.run(ReschedulingRunnable.java:95)
	at java.util.concurrent.Executors$RunnableAdapter.call(Executors.java:511)
	at java.util.concurrent.FutureTask.run(FutureTask.java:266)
	at java.util.concurrent.ScheduledThreadPoolExecutor$ScheduledFutureTask.access$201(ScheduledThreadPoolExecutor.java:180)
	at java.util.concurrent.ScheduledThreadPoolExecutor$ScheduledFutureTask.run(ScheduledThreadPoolExecutor.java:293)
	at java.util.concurrent.ThreadPoolExecutor.runWorker(ThreadPoolExecutor.java:1149)
	at java.util.concurrent.ThreadPoolExecutor$Worker.run(ThreadPoolExecutor.java:624)
	at java.lang.Thread.run(Thread.java:750)
25-03-31.22:11:10.008 [scheduling-1    ] ERROR SendMessageTaskJob     - 定时任务，发送MQ消息失败 userId: wkm topic: null
25-03-31.22:11:15.016 [scheduling-1    ] ERROR EventPublisher         - 发送MQ消息失败 topic:null message :null
java.lang.NullPointerException: null
	at org.springframework.amqp.support.converter.SimpleMessageConverter.createMessage(SimpleMessageConverter.java:164)
	at org.springframework.amqp.support.converter.AbstractMessageConverter.createMessage(AbstractMessageConverter.java:88)
	at org.springframework.amqp.support.converter.AbstractMessageConverter.toMessage(AbstractMessageConverter.java:70)
	at org.springframework.amqp.support.converter.AbstractMessageConverter.toMessage(AbstractMessageConverter.java:58)
	at org.springframework.amqp.rabbit.core.RabbitTemplate.convertMessageIfNecessary(RabbitTemplate.java:1861)
	at org.springframework.amqp.rabbit.core.RabbitTemplate.convertAndSend(RabbitTemplate.java:1167)
	at org.springframework.amqp.rabbit.core.RabbitTemplate.convertAndSend(RabbitTemplate.java:1149)
	at cn.good.infrastructure.event.EventPublisher.publish(EventPublisher.java:35)
	at cn.good.infrastructure.persistent.repository.TaskRepository.sendMessage(TaskRepository.java:45)
	at cn.good.infrastructure.persistent.repository.TaskRepository$$FastClassBySpringCGLIB$$10d01039.invoke(<generated>)
	at org.springframework.cglib.proxy.MethodProxy.invoke(MethodProxy.java:218)
	at org.springframework.aop.framework.CglibAopProxy$CglibMethodInvocation.invokeJoinpoint(CglibAopProxy.java:793)
	at org.springframework.aop.framework.ReflectiveMethodInvocation.proceed(ReflectiveMethodInvocation.java:163)
	at org.springframework.aop.framework.CglibAopProxy$CglibMethodInvocation.proceed(CglibAopProxy.java:763)
	at org.springframework.dao.support.PersistenceExceptionTranslationInterceptor.invoke(PersistenceExceptionTranslationInterceptor.java:137)
	at org.springframework.aop.framework.ReflectiveMethodInvocation.proceed(ReflectiveMethodInvocation.java:186)
	at org.springframework.aop.framework.CglibAopProxy$CglibMethodInvocation.proceed(CglibAopProxy.java:763)
	at org.springframework.aop.framework.CglibAopProxy$DynamicAdvisedInterceptor.intercept(CglibAopProxy.java:708)
	at cn.good.infrastructure.persistent.repository.TaskRepository$$EnhancerBySpringCGLIB$$c784bfba.sendMessage(<generated>)
	at cn.good.domain.task.service.TaskService.sendMessage(TaskService.java:29)
	at cn.good.trigger.job.SendMessageTaskJob.exec_db01(SendMessageTaskJob.java:42)
	at sun.reflect.GeneratedMethodAccessor144.invoke(Unknown Source)
	at sun.reflect.DelegatingMethodAccessorImpl.invoke(DelegatingMethodAccessorImpl.java:43)
	at java.lang.reflect.Method.invoke(Method.java:498)
	at org.springframework.scheduling.support.ScheduledMethodRunnable.run(ScheduledMethodRunnable.java:84)
	at org.springframework.scheduling.support.DelegatingErrorHandlingRunnable.run(DelegatingErrorHandlingRunnable.java:54)
	at org.springframework.scheduling.concurrent.ReschedulingRunnable.run(ReschedulingRunnable.java:95)
	at java.util.concurrent.Executors$RunnableAdapter.call(Executors.java:511)
	at java.util.concurrent.FutureTask.run(FutureTask.java:266)
	at java.util.concurrent.ScheduledThreadPoolExecutor$ScheduledFutureTask.access$201(ScheduledThreadPoolExecutor.java:180)
	at java.util.concurrent.ScheduledThreadPoolExecutor$ScheduledFutureTask.run(ScheduledThreadPoolExecutor.java:293)
	at java.util.concurrent.ThreadPoolExecutor.runWorker(ThreadPoolExecutor.java:1149)
	at java.util.concurrent.ThreadPoolExecutor$Worker.run(ThreadPoolExecutor.java:624)
	at java.lang.Thread.run(Thread.java:750)
25-03-31.22:11:15.016 [scheduling-1    ] ERROR SendMessageTaskJob     - 定时任务，发送MQ消息失败 userId: wkm topic: null
25-03-31.22:11:15.022 [scheduling-1    ] ERROR EventPublisher         - 发送MQ消息失败 topic:null message :null
java.lang.NullPointerException: null
	at org.springframework.amqp.support.converter.SimpleMessageConverter.createMessage(SimpleMessageConverter.java:164)
	at org.springframework.amqp.support.converter.AbstractMessageConverter.createMessage(AbstractMessageConverter.java:88)
	at org.springframework.amqp.support.converter.AbstractMessageConverter.toMessage(AbstractMessageConverter.java:70)
	at org.springframework.amqp.support.converter.AbstractMessageConverter.toMessage(AbstractMessageConverter.java:58)
	at org.springframework.amqp.rabbit.core.RabbitTemplate.convertMessageIfNecessary(RabbitTemplate.java:1861)
	at org.springframework.amqp.rabbit.core.RabbitTemplate.convertAndSend(RabbitTemplate.java:1167)
	at org.springframework.amqp.rabbit.core.RabbitTemplate.convertAndSend(RabbitTemplate.java:1149)
	at cn.good.infrastructure.event.EventPublisher.publish(EventPublisher.java:35)
	at cn.good.infrastructure.persistent.repository.TaskRepository.sendMessage(TaskRepository.java:45)
	at cn.good.infrastructure.persistent.repository.TaskRepository$$FastClassBySpringCGLIB$$10d01039.invoke(<generated>)
	at org.springframework.cglib.proxy.MethodProxy.invoke(MethodProxy.java:218)
	at org.springframework.aop.framework.CglibAopProxy$CglibMethodInvocation.invokeJoinpoint(CglibAopProxy.java:793)
	at org.springframework.aop.framework.ReflectiveMethodInvocation.proceed(ReflectiveMethodInvocation.java:163)
	at org.springframework.aop.framework.CglibAopProxy$CglibMethodInvocation.proceed(CglibAopProxy.java:763)
	at org.springframework.dao.support.PersistenceExceptionTranslationInterceptor.invoke(PersistenceExceptionTranslationInterceptor.java:137)
	at org.springframework.aop.framework.ReflectiveMethodInvocation.proceed(ReflectiveMethodInvocation.java:186)
	at org.springframework.aop.framework.CglibAopProxy$CglibMethodInvocation.proceed(CglibAopProxy.java:763)
	at org.springframework.aop.framework.CglibAopProxy$DynamicAdvisedInterceptor.intercept(CglibAopProxy.java:708)
	at cn.good.infrastructure.persistent.repository.TaskRepository$$EnhancerBySpringCGLIB$$c784bfba.sendMessage(<generated>)
	at cn.good.domain.task.service.TaskService.sendMessage(TaskService.java:29)
	at cn.good.trigger.job.SendMessageTaskJob.exec_db01(SendMessageTaskJob.java:42)
	at sun.reflect.GeneratedMethodAccessor144.invoke(Unknown Source)
	at sun.reflect.DelegatingMethodAccessorImpl.invoke(DelegatingMethodAccessorImpl.java:43)
	at java.lang.reflect.Method.invoke(Method.java:498)
	at org.springframework.scheduling.support.ScheduledMethodRunnable.run(ScheduledMethodRunnable.java:84)
	at org.springframework.scheduling.support.DelegatingErrorHandlingRunnable.run(DelegatingErrorHandlingRunnable.java:54)
	at org.springframework.scheduling.concurrent.ReschedulingRunnable.run(ReschedulingRunnable.java:95)
	at java.util.concurrent.Executors$RunnableAdapter.call(Executors.java:511)
	at java.util.concurrent.FutureTask.run(FutureTask.java:266)
	at java.util.concurrent.ScheduledThreadPoolExecutor$ScheduledFutureTask.access$201(ScheduledThreadPoolExecutor.java:180)
	at java.util.concurrent.ScheduledThreadPoolExecutor$ScheduledFutureTask.run(ScheduledThreadPoolExecutor.java:293)
	at java.util.concurrent.ThreadPoolExecutor.runWorker(ThreadPoolExecutor.java:1149)
	at java.util.concurrent.ThreadPoolExecutor$Worker.run(ThreadPoolExecutor.java:624)
	at java.lang.Thread.run(Thread.java:750)
25-03-31.22:11:15.022 [scheduling-1    ] ERROR SendMessageTaskJob     - 定时任务，发送MQ消息失败 userId: wkm topic: null
25-03-31.22:11:15.025 [scheduling-1    ] ERROR EventPublisher         - 发送MQ消息失败 topic:null message :null
java.lang.NullPointerException: null
	at org.springframework.amqp.support.converter.SimpleMessageConverter.createMessage(SimpleMessageConverter.java:164)
	at org.springframework.amqp.support.converter.AbstractMessageConverter.createMessage(AbstractMessageConverter.java:88)
	at org.springframework.amqp.support.converter.AbstractMessageConverter.toMessage(AbstractMessageConverter.java:70)
	at org.springframework.amqp.support.converter.AbstractMessageConverter.toMessage(AbstractMessageConverter.java:58)
	at org.springframework.amqp.rabbit.core.RabbitTemplate.convertMessageIfNecessary(RabbitTemplate.java:1861)
	at org.springframework.amqp.rabbit.core.RabbitTemplate.convertAndSend(RabbitTemplate.java:1167)
	at org.springframework.amqp.rabbit.core.RabbitTemplate.convertAndSend(RabbitTemplate.java:1149)
	at cn.good.infrastructure.event.EventPublisher.publish(EventPublisher.java:35)
	at cn.good.infrastructure.persistent.repository.TaskRepository.sendMessage(TaskRepository.java:45)
	at cn.good.infrastructure.persistent.repository.TaskRepository$$FastClassBySpringCGLIB$$10d01039.invoke(<generated>)
	at org.springframework.cglib.proxy.MethodProxy.invoke(MethodProxy.java:218)
	at org.springframework.aop.framework.CglibAopProxy$CglibMethodInvocation.invokeJoinpoint(CglibAopProxy.java:793)
	at org.springframework.aop.framework.ReflectiveMethodInvocation.proceed(ReflectiveMethodInvocation.java:163)
	at org.springframework.aop.framework.CglibAopProxy$CglibMethodInvocation.proceed(CglibAopProxy.java:763)
	at org.springframework.dao.support.PersistenceExceptionTranslationInterceptor.invoke(PersistenceExceptionTranslationInterceptor.java:137)
	at org.springframework.aop.framework.ReflectiveMethodInvocation.proceed(ReflectiveMethodInvocation.java:186)
	at org.springframework.aop.framework.CglibAopProxy$CglibMethodInvocation.proceed(CglibAopProxy.java:763)
	at org.springframework.aop.framework.CglibAopProxy$DynamicAdvisedInterceptor.intercept(CglibAopProxy.java:708)
	at cn.good.infrastructure.persistent.repository.TaskRepository$$EnhancerBySpringCGLIB$$c784bfba.sendMessage(<generated>)
	at cn.good.domain.task.service.TaskService.sendMessage(TaskService.java:29)
	at cn.good.trigger.job.SendMessageTaskJob.exec_db01(SendMessageTaskJob.java:42)
	at sun.reflect.GeneratedMethodAccessor144.invoke(Unknown Source)
	at sun.reflect.DelegatingMethodAccessorImpl.invoke(DelegatingMethodAccessorImpl.java:43)
	at java.lang.reflect.Method.invoke(Method.java:498)
	at org.springframework.scheduling.support.ScheduledMethodRunnable.run(ScheduledMethodRunnable.java:84)
	at org.springframework.scheduling.support.DelegatingErrorHandlingRunnable.run(DelegatingErrorHandlingRunnable.java:54)
	at org.springframework.scheduling.concurrent.ReschedulingRunnable.run(ReschedulingRunnable.java:95)
	at java.util.concurrent.Executors$RunnableAdapter.call(Executors.java:511)
	at java.util.concurrent.FutureTask.run(FutureTask.java:266)
	at java.util.concurrent.ScheduledThreadPoolExecutor$ScheduledFutureTask.access$201(ScheduledThreadPoolExecutor.java:180)
	at java.util.concurrent.ScheduledThreadPoolExecutor$ScheduledFutureTask.run(ScheduledThreadPoolExecutor.java:293)
	at java.util.concurrent.ThreadPoolExecutor.runWorker(ThreadPoolExecutor.java:1149)
	at java.util.concurrent.ThreadPoolExecutor$Worker.run(ThreadPoolExecutor.java:624)
	at java.lang.Thread.run(Thread.java:750)
25-03-31.22:11:15.025 [scheduling-1    ] ERROR SendMessageTaskJob     - 定时任务，发送MQ消息失败 userId: wkm topic: null
25-03-31.22:11:20.021 [scheduling-1    ] ERROR EventPublisher         - 发送MQ消息失败 topic:null message :null
java.lang.NullPointerException: null
	at org.springframework.amqp.support.converter.SimpleMessageConverter.createMessage(SimpleMessageConverter.java:164)
	at org.springframework.amqp.support.converter.AbstractMessageConverter.createMessage(AbstractMessageConverter.java:88)
	at org.springframework.amqp.support.converter.AbstractMessageConverter.toMessage(AbstractMessageConverter.java:70)
	at org.springframework.amqp.support.converter.AbstractMessageConverter.toMessage(AbstractMessageConverter.java:58)
	at org.springframework.amqp.rabbit.core.RabbitTemplate.convertMessageIfNecessary(RabbitTemplate.java:1861)
	at org.springframework.amqp.rabbit.core.RabbitTemplate.convertAndSend(RabbitTemplate.java:1167)
	at org.springframework.amqp.rabbit.core.RabbitTemplate.convertAndSend(RabbitTemplate.java:1149)
	at cn.good.infrastructure.event.EventPublisher.publish(EventPublisher.java:35)
	at cn.good.infrastructure.persistent.repository.TaskRepository.sendMessage(TaskRepository.java:45)
	at cn.good.infrastructure.persistent.repository.TaskRepository$$FastClassBySpringCGLIB$$10d01039.invoke(<generated>)
	at org.springframework.cglib.proxy.MethodProxy.invoke(MethodProxy.java:218)
	at org.springframework.aop.framework.CglibAopProxy$CglibMethodInvocation.invokeJoinpoint(CglibAopProxy.java:793)
	at org.springframework.aop.framework.ReflectiveMethodInvocation.proceed(ReflectiveMethodInvocation.java:163)
	at org.springframework.aop.framework.CglibAopProxy$CglibMethodInvocation.proceed(CglibAopProxy.java:763)
	at org.springframework.dao.support.PersistenceExceptionTranslationInterceptor.invoke(PersistenceExceptionTranslationInterceptor.java:137)
	at org.springframework.aop.framework.ReflectiveMethodInvocation.proceed(ReflectiveMethodInvocation.java:186)
	at org.springframework.aop.framework.CglibAopProxy$CglibMethodInvocation.proceed(CglibAopProxy.java:763)
	at org.springframework.aop.framework.CglibAopProxy$DynamicAdvisedInterceptor.intercept(CglibAopProxy.java:708)
	at cn.good.infrastructure.persistent.repository.TaskRepository$$EnhancerBySpringCGLIB$$c784bfba.sendMessage(<generated>)
	at cn.good.domain.task.service.TaskService.sendMessage(TaskService.java:29)
	at cn.good.trigger.job.SendMessageTaskJob.exec_db01(SendMessageTaskJob.java:42)
	at sun.reflect.GeneratedMethodAccessor144.invoke(Unknown Source)
	at sun.reflect.DelegatingMethodAccessorImpl.invoke(DelegatingMethodAccessorImpl.java:43)
	at java.lang.reflect.Method.invoke(Method.java:498)
	at org.springframework.scheduling.support.ScheduledMethodRunnable.run(ScheduledMethodRunnable.java:84)
	at org.springframework.scheduling.support.DelegatingErrorHandlingRunnable.run(DelegatingErrorHandlingRunnable.java:54)
	at org.springframework.scheduling.concurrent.ReschedulingRunnable.run(ReschedulingRunnable.java:95)
	at java.util.concurrent.Executors$RunnableAdapter.call(Executors.java:511)
	at java.util.concurrent.FutureTask.run(FutureTask.java:266)
	at java.util.concurrent.ScheduledThreadPoolExecutor$ScheduledFutureTask.access$201(ScheduledThreadPoolExecutor.java:180)
	at java.util.concurrent.ScheduledThreadPoolExecutor$ScheduledFutureTask.run(ScheduledThreadPoolExecutor.java:293)
	at java.util.concurrent.ThreadPoolExecutor.runWorker(ThreadPoolExecutor.java:1149)
	at java.util.concurrent.ThreadPoolExecutor$Worker.run(ThreadPoolExecutor.java:624)
	at java.lang.Thread.run(Thread.java:750)
25-03-31.22:11:20.022 [scheduling-1    ] ERROR SendMessageTaskJob     - 定时任务，发送MQ消息失败 userId: wkm topic: null
25-03-31.22:11:20.026 [scheduling-1    ] ERROR EventPublisher         - 发送MQ消息失败 topic:null message :null
java.lang.NullPointerException: null
	at org.springframework.amqp.support.converter.SimpleMessageConverter.createMessage(SimpleMessageConverter.java:164)
	at org.springframework.amqp.support.converter.AbstractMessageConverter.createMessage(AbstractMessageConverter.java:88)
	at org.springframework.amqp.support.converter.AbstractMessageConverter.toMessage(AbstractMessageConverter.java:70)
	at org.springframework.amqp.support.converter.AbstractMessageConverter.toMessage(AbstractMessageConverter.java:58)
	at org.springframework.amqp.rabbit.core.RabbitTemplate.convertMessageIfNecessary(RabbitTemplate.java:1861)
	at org.springframework.amqp.rabbit.core.RabbitTemplate.convertAndSend(RabbitTemplate.java:1167)
	at org.springframework.amqp.rabbit.core.RabbitTemplate.convertAndSend(RabbitTemplate.java:1149)
	at cn.good.infrastructure.event.EventPublisher.publish(EventPublisher.java:35)
	at cn.good.infrastructure.persistent.repository.TaskRepository.sendMessage(TaskRepository.java:45)
	at cn.good.infrastructure.persistent.repository.TaskRepository$$FastClassBySpringCGLIB$$10d01039.invoke(<generated>)
	at org.springframework.cglib.proxy.MethodProxy.invoke(MethodProxy.java:218)
	at org.springframework.aop.framework.CglibAopProxy$CglibMethodInvocation.invokeJoinpoint(CglibAopProxy.java:793)
	at org.springframework.aop.framework.ReflectiveMethodInvocation.proceed(ReflectiveMethodInvocation.java:163)
	at org.springframework.aop.framework.CglibAopProxy$CglibMethodInvocation.proceed(CglibAopProxy.java:763)
	at org.springframework.dao.support.PersistenceExceptionTranslationInterceptor.invoke(PersistenceExceptionTranslationInterceptor.java:137)
	at org.springframework.aop.framework.ReflectiveMethodInvocation.proceed(ReflectiveMethodInvocation.java:186)
	at org.springframework.aop.framework.CglibAopProxy$CglibMethodInvocation.proceed(CglibAopProxy.java:763)
	at org.springframework.aop.framework.CglibAopProxy$DynamicAdvisedInterceptor.intercept(CglibAopProxy.java:708)
	at cn.good.infrastructure.persistent.repository.TaskRepository$$EnhancerBySpringCGLIB$$c784bfba.sendMessage(<generated>)
	at cn.good.domain.task.service.TaskService.sendMessage(TaskService.java:29)
	at cn.good.trigger.job.SendMessageTaskJob.exec_db01(SendMessageTaskJob.java:42)
	at sun.reflect.GeneratedMethodAccessor144.invoke(Unknown Source)
	at sun.reflect.DelegatingMethodAccessorImpl.invoke(DelegatingMethodAccessorImpl.java:43)
	at java.lang.reflect.Method.invoke(Method.java:498)
	at org.springframework.scheduling.support.ScheduledMethodRunnable.run(ScheduledMethodRunnable.java:84)
	at org.springframework.scheduling.support.DelegatingErrorHandlingRunnable.run(DelegatingErrorHandlingRunnable.java:54)
	at org.springframework.scheduling.concurrent.ReschedulingRunnable.run(ReschedulingRunnable.java:95)
	at java.util.concurrent.Executors$RunnableAdapter.call(Executors.java:511)
	at java.util.concurrent.FutureTask.run(FutureTask.java:266)
	at java.util.concurrent.ScheduledThreadPoolExecutor$ScheduledFutureTask.access$201(ScheduledThreadPoolExecutor.java:180)
	at java.util.concurrent.ScheduledThreadPoolExecutor$ScheduledFutureTask.run(ScheduledThreadPoolExecutor.java:293)
	at java.util.concurrent.ThreadPoolExecutor.runWorker(ThreadPoolExecutor.java:1149)
	at java.util.concurrent.ThreadPoolExecutor$Worker.run(ThreadPoolExecutor.java:624)
	at java.lang.Thread.run(Thread.java:750)
25-03-31.22:11:20.028 [scheduling-1    ] ERROR SendMessageTaskJob     - 定时任务，发送MQ消息失败 userId: wkm topic: null
25-03-31.22:11:20.032 [scheduling-1    ] ERROR EventPublisher         - 发送MQ消息失败 topic:null message :null
java.lang.NullPointerException: null
	at org.springframework.amqp.support.converter.SimpleMessageConverter.createMessage(SimpleMessageConverter.java:164)
	at org.springframework.amqp.support.converter.AbstractMessageConverter.createMessage(AbstractMessageConverter.java:88)
	at org.springframework.amqp.support.converter.AbstractMessageConverter.toMessage(AbstractMessageConverter.java:70)
	at org.springframework.amqp.support.converter.AbstractMessageConverter.toMessage(AbstractMessageConverter.java:58)
	at org.springframework.amqp.rabbit.core.RabbitTemplate.convertMessageIfNecessary(RabbitTemplate.java:1861)
	at org.springframework.amqp.rabbit.core.RabbitTemplate.convertAndSend(RabbitTemplate.java:1167)
	at org.springframework.amqp.rabbit.core.RabbitTemplate.convertAndSend(RabbitTemplate.java:1149)
	at cn.good.infrastructure.event.EventPublisher.publish(EventPublisher.java:35)
	at cn.good.infrastructure.persistent.repository.TaskRepository.sendMessage(TaskRepository.java:45)
	at cn.good.infrastructure.persistent.repository.TaskRepository$$FastClassBySpringCGLIB$$10d01039.invoke(<generated>)
	at org.springframework.cglib.proxy.MethodProxy.invoke(MethodProxy.java:218)
	at org.springframework.aop.framework.CglibAopProxy$CglibMethodInvocation.invokeJoinpoint(CglibAopProxy.java:793)
	at org.springframework.aop.framework.ReflectiveMethodInvocation.proceed(ReflectiveMethodInvocation.java:163)
	at org.springframework.aop.framework.CglibAopProxy$CglibMethodInvocation.proceed(CglibAopProxy.java:763)
	at org.springframework.dao.support.PersistenceExceptionTranslationInterceptor.invoke(PersistenceExceptionTranslationInterceptor.java:137)
	at org.springframework.aop.framework.ReflectiveMethodInvocation.proceed(ReflectiveMethodInvocation.java:186)
	at org.springframework.aop.framework.CglibAopProxy$CglibMethodInvocation.proceed(CglibAopProxy.java:763)
	at org.springframework.aop.framework.CglibAopProxy$DynamicAdvisedInterceptor.intercept(CglibAopProxy.java:708)
	at cn.good.infrastructure.persistent.repository.TaskRepository$$EnhancerBySpringCGLIB$$c784bfba.sendMessage(<generated>)
	at cn.good.domain.task.service.TaskService.sendMessage(TaskService.java:29)
	at cn.good.trigger.job.SendMessageTaskJob.exec_db01(SendMessageTaskJob.java:42)
	at sun.reflect.GeneratedMethodAccessor144.invoke(Unknown Source)
	at sun.reflect.DelegatingMethodAccessorImpl.invoke(DelegatingMethodAccessorImpl.java:43)
	at java.lang.reflect.Method.invoke(Method.java:498)
	at org.springframework.scheduling.support.ScheduledMethodRunnable.run(ScheduledMethodRunnable.java:84)
	at org.springframework.scheduling.support.DelegatingErrorHandlingRunnable.run(DelegatingErrorHandlingRunnable.java:54)
	at org.springframework.scheduling.concurrent.ReschedulingRunnable.run(ReschedulingRunnable.java:95)
	at java.util.concurrent.Executors$RunnableAdapter.call(Executors.java:511)
	at java.util.concurrent.FutureTask.run(FutureTask.java:266)
	at java.util.concurrent.ScheduledThreadPoolExecutor$ScheduledFutureTask.access$201(ScheduledThreadPoolExecutor.java:180)
	at java.util.concurrent.ScheduledThreadPoolExecutor$ScheduledFutureTask.run(ScheduledThreadPoolExecutor.java:293)
	at java.util.concurrent.ThreadPoolExecutor.runWorker(ThreadPoolExecutor.java:1149)
	at java.util.concurrent.ThreadPoolExecutor$Worker.run(ThreadPoolExecutor.java:624)
	at java.lang.Thread.run(Thread.java:750)
25-03-31.22:11:20.033 [scheduling-1    ] ERROR SendMessageTaskJob     - 定时任务，发送MQ消息失败 userId: wkm topic: null
25-03-31.22:11:25.021 [scheduling-1    ] ERROR EventPublisher         - 发送MQ消息失败 topic:null message :null
java.lang.NullPointerException: null
	at org.springframework.amqp.support.converter.SimpleMessageConverter.createMessage(SimpleMessageConverter.java:164)
	at org.springframework.amqp.support.converter.AbstractMessageConverter.createMessage(AbstractMessageConverter.java:88)
	at org.springframework.amqp.support.converter.AbstractMessageConverter.toMessage(AbstractMessageConverter.java:70)
	at org.springframework.amqp.support.converter.AbstractMessageConverter.toMessage(AbstractMessageConverter.java:58)
	at org.springframework.amqp.rabbit.core.RabbitTemplate.convertMessageIfNecessary(RabbitTemplate.java:1861)
	at org.springframework.amqp.rabbit.core.RabbitTemplate.convertAndSend(RabbitTemplate.java:1167)
	at org.springframework.amqp.rabbit.core.RabbitTemplate.convertAndSend(RabbitTemplate.java:1149)
	at cn.good.infrastructure.event.EventPublisher.publish(EventPublisher.java:35)
	at cn.good.infrastructure.persistent.repository.TaskRepository.sendMessage(TaskRepository.java:45)
	at cn.good.infrastructure.persistent.repository.TaskRepository$$FastClassBySpringCGLIB$$10d01039.invoke(<generated>)
	at org.springframework.cglib.proxy.MethodProxy.invoke(MethodProxy.java:218)
	at org.springframework.aop.framework.CglibAopProxy$CglibMethodInvocation.invokeJoinpoint(CglibAopProxy.java:793)
	at org.springframework.aop.framework.ReflectiveMethodInvocation.proceed(ReflectiveMethodInvocation.java:163)
	at org.springframework.aop.framework.CglibAopProxy$CglibMethodInvocation.proceed(CglibAopProxy.java:763)
	at org.springframework.dao.support.PersistenceExceptionTranslationInterceptor.invoke(PersistenceExceptionTranslationInterceptor.java:137)
	at org.springframework.aop.framework.ReflectiveMethodInvocation.proceed(ReflectiveMethodInvocation.java:186)
	at org.springframework.aop.framework.CglibAopProxy$CglibMethodInvocation.proceed(CglibAopProxy.java:763)
	at org.springframework.aop.framework.CglibAopProxy$DynamicAdvisedInterceptor.intercept(CglibAopProxy.java:708)
	at cn.good.infrastructure.persistent.repository.TaskRepository$$EnhancerBySpringCGLIB$$c784bfba.sendMessage(<generated>)
	at cn.good.domain.task.service.TaskService.sendMessage(TaskService.java:29)
	at cn.good.trigger.job.SendMessageTaskJob.exec_db01(SendMessageTaskJob.java:42)
	at sun.reflect.GeneratedMethodAccessor144.invoke(Unknown Source)
	at sun.reflect.DelegatingMethodAccessorImpl.invoke(DelegatingMethodAccessorImpl.java:43)
	at java.lang.reflect.Method.invoke(Method.java:498)
	at org.springframework.scheduling.support.ScheduledMethodRunnable.run(ScheduledMethodRunnable.java:84)
	at org.springframework.scheduling.support.DelegatingErrorHandlingRunnable.run(DelegatingErrorHandlingRunnable.java:54)
	at org.springframework.scheduling.concurrent.ReschedulingRunnable.run(ReschedulingRunnable.java:95)
	at java.util.concurrent.Executors$RunnableAdapter.call(Executors.java:511)
	at java.util.concurrent.FutureTask.run(FutureTask.java:266)
	at java.util.concurrent.ScheduledThreadPoolExecutor$ScheduledFutureTask.access$201(ScheduledThreadPoolExecutor.java:180)
	at java.util.concurrent.ScheduledThreadPoolExecutor$ScheduledFutureTask.run(ScheduledThreadPoolExecutor.java:293)
	at java.util.concurrent.ThreadPoolExecutor.runWorker(ThreadPoolExecutor.java:1149)
	at java.util.concurrent.ThreadPoolExecutor$Worker.run(ThreadPoolExecutor.java:624)
	at java.lang.Thread.run(Thread.java:750)
25-03-31.22:11:25.021 [scheduling-1    ] ERROR SendMessageTaskJob     - 定时任务，发送MQ消息失败 userId: wkm topic: null
25-03-31.22:11:25.023 [scheduling-1    ] ERROR EventPublisher         - 发送MQ消息失败 topic:null message :null
java.lang.NullPointerException: null
	at org.springframework.amqp.support.converter.SimpleMessageConverter.createMessage(SimpleMessageConverter.java:164)
	at org.springframework.amqp.support.converter.AbstractMessageConverter.createMessage(AbstractMessageConverter.java:88)
	at org.springframework.amqp.support.converter.AbstractMessageConverter.toMessage(AbstractMessageConverter.java:70)
	at org.springframework.amqp.support.converter.AbstractMessageConverter.toMessage(AbstractMessageConverter.java:58)
	at org.springframework.amqp.rabbit.core.RabbitTemplate.convertMessageIfNecessary(RabbitTemplate.java:1861)
	at org.springframework.amqp.rabbit.core.RabbitTemplate.convertAndSend(RabbitTemplate.java:1167)
	at org.springframework.amqp.rabbit.core.RabbitTemplate.convertAndSend(RabbitTemplate.java:1149)
	at cn.good.infrastructure.event.EventPublisher.publish(EventPublisher.java:35)
	at cn.good.infrastructure.persistent.repository.TaskRepository.sendMessage(TaskRepository.java:45)
	at cn.good.infrastructure.persistent.repository.TaskRepository$$FastClassBySpringCGLIB$$10d01039.invoke(<generated>)
	at org.springframework.cglib.proxy.MethodProxy.invoke(MethodProxy.java:218)
	at org.springframework.aop.framework.CglibAopProxy$CglibMethodInvocation.invokeJoinpoint(CglibAopProxy.java:793)
	at org.springframework.aop.framework.ReflectiveMethodInvocation.proceed(ReflectiveMethodInvocation.java:163)
	at org.springframework.aop.framework.CglibAopProxy$CglibMethodInvocation.proceed(CglibAopProxy.java:763)
	at org.springframework.dao.support.PersistenceExceptionTranslationInterceptor.invoke(PersistenceExceptionTranslationInterceptor.java:137)
	at org.springframework.aop.framework.ReflectiveMethodInvocation.proceed(ReflectiveMethodInvocation.java:186)
	at org.springframework.aop.framework.CglibAopProxy$CglibMethodInvocation.proceed(CglibAopProxy.java:763)
	at org.springframework.aop.framework.CglibAopProxy$DynamicAdvisedInterceptor.intercept(CglibAopProxy.java:708)
	at cn.good.infrastructure.persistent.repository.TaskRepository$$EnhancerBySpringCGLIB$$c784bfba.sendMessage(<generated>)
	at cn.good.domain.task.service.TaskService.sendMessage(TaskService.java:29)
	at cn.good.trigger.job.SendMessageTaskJob.exec_db01(SendMessageTaskJob.java:42)
	at sun.reflect.GeneratedMethodAccessor144.invoke(Unknown Source)
	at sun.reflect.DelegatingMethodAccessorImpl.invoke(DelegatingMethodAccessorImpl.java:43)
	at java.lang.reflect.Method.invoke(Method.java:498)
	at org.springframework.scheduling.support.ScheduledMethodRunnable.run(ScheduledMethodRunnable.java:84)
	at org.springframework.scheduling.support.DelegatingErrorHandlingRunnable.run(DelegatingErrorHandlingRunnable.java:54)
	at org.springframework.scheduling.concurrent.ReschedulingRunnable.run(ReschedulingRunnable.java:95)
	at java.util.concurrent.Executors$RunnableAdapter.call(Executors.java:511)
	at java.util.concurrent.FutureTask.run(FutureTask.java:266)
	at java.util.concurrent.ScheduledThreadPoolExecutor$ScheduledFutureTask.access$201(ScheduledThreadPoolExecutor.java:180)
	at java.util.concurrent.ScheduledThreadPoolExecutor$ScheduledFutureTask.run(ScheduledThreadPoolExecutor.java:293)
	at java.util.concurrent.ThreadPoolExecutor.runWorker(ThreadPoolExecutor.java:1149)
	at java.util.concurrent.ThreadPoolExecutor$Worker.run(ThreadPoolExecutor.java:624)
	at java.lang.Thread.run(Thread.java:750)
25-03-31.22:11:25.023 [scheduling-1    ] ERROR SendMessageTaskJob     - 定时任务，发送MQ消息失败 userId: wkm topic: null
25-03-31.22:11:25.025 [scheduling-1    ] ERROR EventPublisher         - 发送MQ消息失败 topic:null message :null
java.lang.NullPointerException: null
	at org.springframework.amqp.support.converter.SimpleMessageConverter.createMessage(SimpleMessageConverter.java:164)
	at org.springframework.amqp.support.converter.AbstractMessageConverter.createMessage(AbstractMessageConverter.java:88)
	at org.springframework.amqp.support.converter.AbstractMessageConverter.toMessage(AbstractMessageConverter.java:70)
	at org.springframework.amqp.support.converter.AbstractMessageConverter.toMessage(AbstractMessageConverter.java:58)
	at org.springframework.amqp.rabbit.core.RabbitTemplate.convertMessageIfNecessary(RabbitTemplate.java:1861)
	at org.springframework.amqp.rabbit.core.RabbitTemplate.convertAndSend(RabbitTemplate.java:1167)
	at org.springframework.amqp.rabbit.core.RabbitTemplate.convertAndSend(RabbitTemplate.java:1149)
	at cn.good.infrastructure.event.EventPublisher.publish(EventPublisher.java:35)
	at cn.good.infrastructure.persistent.repository.TaskRepository.sendMessage(TaskRepository.java:45)
	at cn.good.infrastructure.persistent.repository.TaskRepository$$FastClassBySpringCGLIB$$10d01039.invoke(<generated>)
	at org.springframework.cglib.proxy.MethodProxy.invoke(MethodProxy.java:218)
	at org.springframework.aop.framework.CglibAopProxy$CglibMethodInvocation.invokeJoinpoint(CglibAopProxy.java:793)
	at org.springframework.aop.framework.ReflectiveMethodInvocation.proceed(ReflectiveMethodInvocation.java:163)
	at org.springframework.aop.framework.CglibAopProxy$CglibMethodInvocation.proceed(CglibAopProxy.java:763)
	at org.springframework.dao.support.PersistenceExceptionTranslationInterceptor.invoke(PersistenceExceptionTranslationInterceptor.java:137)
	at org.springframework.aop.framework.ReflectiveMethodInvocation.proceed(ReflectiveMethodInvocation.java:186)
	at org.springframework.aop.framework.CglibAopProxy$CglibMethodInvocation.proceed(CglibAopProxy.java:763)
	at org.springframework.aop.framework.CglibAopProxy$DynamicAdvisedInterceptor.intercept(CglibAopProxy.java:708)
	at cn.good.infrastructure.persistent.repository.TaskRepository$$EnhancerBySpringCGLIB$$c784bfba.sendMessage(<generated>)
	at cn.good.domain.task.service.TaskService.sendMessage(TaskService.java:29)
	at cn.good.trigger.job.SendMessageTaskJob.exec_db01(SendMessageTaskJob.java:42)
	at sun.reflect.GeneratedMethodAccessor144.invoke(Unknown Source)
	at sun.reflect.DelegatingMethodAccessorImpl.invoke(DelegatingMethodAccessorImpl.java:43)
	at java.lang.reflect.Method.invoke(Method.java:498)
	at org.springframework.scheduling.support.ScheduledMethodRunnable.run(ScheduledMethodRunnable.java:84)
	at org.springframework.scheduling.support.DelegatingErrorHandlingRunnable.run(DelegatingErrorHandlingRunnable.java:54)
	at org.springframework.scheduling.concurrent.ReschedulingRunnable.run(ReschedulingRunnable.java:95)
	at java.util.concurrent.Executors$RunnableAdapter.call(Executors.java:511)
	at java.util.concurrent.FutureTask.run(FutureTask.java:266)
	at java.util.concurrent.ScheduledThreadPoolExecutor$ScheduledFutureTask.access$201(ScheduledThreadPoolExecutor.java:180)
	at java.util.concurrent.ScheduledThreadPoolExecutor$ScheduledFutureTask.run(ScheduledThreadPoolExecutor.java:293)
	at java.util.concurrent.ThreadPoolExecutor.runWorker(ThreadPoolExecutor.java:1149)
	at java.util.concurrent.ThreadPoolExecutor$Worker.run(ThreadPoolExecutor.java:624)
	at java.lang.Thread.run(Thread.java:750)
25-03-31.22:11:25.025 [scheduling-1    ] ERROR SendMessageTaskJob     - 定时任务，发送MQ消息失败 userId: wkm topic: null
25-03-31.22:11:30.017 [scheduling-1    ] ERROR EventPublisher         - 发送MQ消息失败 topic:null message :null
java.lang.NullPointerException: null
	at org.springframework.amqp.support.converter.SimpleMessageConverter.createMessage(SimpleMessageConverter.java:164)
	at org.springframework.amqp.support.converter.AbstractMessageConverter.createMessage(AbstractMessageConverter.java:88)
	at org.springframework.amqp.support.converter.AbstractMessageConverter.toMessage(AbstractMessageConverter.java:70)
	at org.springframework.amqp.support.converter.AbstractMessageConverter.toMessage(AbstractMessageConverter.java:58)
	at org.springframework.amqp.rabbit.core.RabbitTemplate.convertMessageIfNecessary(RabbitTemplate.java:1861)
	at org.springframework.amqp.rabbit.core.RabbitTemplate.convertAndSend(RabbitTemplate.java:1167)
	at org.springframework.amqp.rabbit.core.RabbitTemplate.convertAndSend(RabbitTemplate.java:1149)
	at cn.good.infrastructure.event.EventPublisher.publish(EventPublisher.java:35)
	at cn.good.infrastructure.persistent.repository.TaskRepository.sendMessage(TaskRepository.java:45)
	at cn.good.infrastructure.persistent.repository.TaskRepository$$FastClassBySpringCGLIB$$10d01039.invoke(<generated>)
	at org.springframework.cglib.proxy.MethodProxy.invoke(MethodProxy.java:218)
	at org.springframework.aop.framework.CglibAopProxy$CglibMethodInvocation.invokeJoinpoint(CglibAopProxy.java:793)
	at org.springframework.aop.framework.ReflectiveMethodInvocation.proceed(ReflectiveMethodInvocation.java:163)
	at org.springframework.aop.framework.CglibAopProxy$CglibMethodInvocation.proceed(CglibAopProxy.java:763)
	at org.springframework.dao.support.PersistenceExceptionTranslationInterceptor.invoke(PersistenceExceptionTranslationInterceptor.java:137)
	at org.springframework.aop.framework.ReflectiveMethodInvocation.proceed(ReflectiveMethodInvocation.java:186)
	at org.springframework.aop.framework.CglibAopProxy$CglibMethodInvocation.proceed(CglibAopProxy.java:763)
	at org.springframework.aop.framework.CglibAopProxy$DynamicAdvisedInterceptor.intercept(CglibAopProxy.java:708)
	at cn.good.infrastructure.persistent.repository.TaskRepository$$EnhancerBySpringCGLIB$$c784bfba.sendMessage(<generated>)
	at cn.good.domain.task.service.TaskService.sendMessage(TaskService.java:29)
	at cn.good.trigger.job.SendMessageTaskJob.exec_db01(SendMessageTaskJob.java:42)
	at sun.reflect.GeneratedMethodAccessor144.invoke(Unknown Source)
	at sun.reflect.DelegatingMethodAccessorImpl.invoke(DelegatingMethodAccessorImpl.java:43)
	at java.lang.reflect.Method.invoke(Method.java:498)
	at org.springframework.scheduling.support.ScheduledMethodRunnable.run(ScheduledMethodRunnable.java:84)
	at org.springframework.scheduling.support.DelegatingErrorHandlingRunnable.run(DelegatingErrorHandlingRunnable.java:54)
	at org.springframework.scheduling.concurrent.ReschedulingRunnable.run(ReschedulingRunnable.java:95)
	at java.util.concurrent.Executors$RunnableAdapter.call(Executors.java:511)
	at java.util.concurrent.FutureTask.run(FutureTask.java:266)
	at java.util.concurrent.ScheduledThreadPoolExecutor$ScheduledFutureTask.access$201(ScheduledThreadPoolExecutor.java:180)
	at java.util.concurrent.ScheduledThreadPoolExecutor$ScheduledFutureTask.run(ScheduledThreadPoolExecutor.java:293)
	at java.util.concurrent.ThreadPoolExecutor.runWorker(ThreadPoolExecutor.java:1149)
	at java.util.concurrent.ThreadPoolExecutor$Worker.run(ThreadPoolExecutor.java:624)
	at java.lang.Thread.run(Thread.java:750)
25-03-31.22:11:30.017 [scheduling-1    ] ERROR SendMessageTaskJob     - 定时任务，发送MQ消息失败 userId: wkm topic: null
25-03-31.22:11:30.023 [scheduling-1    ] ERROR EventPublisher         - 发送MQ消息失败 topic:null message :null
java.lang.NullPointerException: null
	at org.springframework.amqp.support.converter.SimpleMessageConverter.createMessage(SimpleMessageConverter.java:164)
	at org.springframework.amqp.support.converter.AbstractMessageConverter.createMessage(AbstractMessageConverter.java:88)
	at org.springframework.amqp.support.converter.AbstractMessageConverter.toMessage(AbstractMessageConverter.java:70)
	at org.springframework.amqp.support.converter.AbstractMessageConverter.toMessage(AbstractMessageConverter.java:58)
	at org.springframework.amqp.rabbit.core.RabbitTemplate.convertMessageIfNecessary(RabbitTemplate.java:1861)
	at org.springframework.amqp.rabbit.core.RabbitTemplate.convertAndSend(RabbitTemplate.java:1167)
	at org.springframework.amqp.rabbit.core.RabbitTemplate.convertAndSend(RabbitTemplate.java:1149)
	at cn.good.infrastructure.event.EventPublisher.publish(EventPublisher.java:35)
	at cn.good.infrastructure.persistent.repository.TaskRepository.sendMessage(TaskRepository.java:45)
	at cn.good.infrastructure.persistent.repository.TaskRepository$$FastClassBySpringCGLIB$$10d01039.invoke(<generated>)
	at org.springframework.cglib.proxy.MethodProxy.invoke(MethodProxy.java:218)
	at org.springframework.aop.framework.CglibAopProxy$CglibMethodInvocation.invokeJoinpoint(CglibAopProxy.java:793)
	at org.springframework.aop.framework.ReflectiveMethodInvocation.proceed(ReflectiveMethodInvocation.java:163)
	at org.springframework.aop.framework.CglibAopProxy$CglibMethodInvocation.proceed(CglibAopProxy.java:763)
	at org.springframework.dao.support.PersistenceExceptionTranslationInterceptor.invoke(PersistenceExceptionTranslationInterceptor.java:137)
	at org.springframework.aop.framework.ReflectiveMethodInvocation.proceed(ReflectiveMethodInvocation.java:186)
	at org.springframework.aop.framework.CglibAopProxy$CglibMethodInvocation.proceed(CglibAopProxy.java:763)
	at org.springframework.aop.framework.CglibAopProxy$DynamicAdvisedInterceptor.intercept(CglibAopProxy.java:708)
	at cn.good.infrastructure.persistent.repository.TaskRepository$$EnhancerBySpringCGLIB$$c784bfba.sendMessage(<generated>)
	at cn.good.domain.task.service.TaskService.sendMessage(TaskService.java:29)
	at cn.good.trigger.job.SendMessageTaskJob.exec_db01(SendMessageTaskJob.java:42)
	at sun.reflect.GeneratedMethodAccessor144.invoke(Unknown Source)
	at sun.reflect.DelegatingMethodAccessorImpl.invoke(DelegatingMethodAccessorImpl.java:43)
	at java.lang.reflect.Method.invoke(Method.java:498)
	at org.springframework.scheduling.support.ScheduledMethodRunnable.run(ScheduledMethodRunnable.java:84)
	at org.springframework.scheduling.support.DelegatingErrorHandlingRunnable.run(DelegatingErrorHandlingRunnable.java:54)
	at org.springframework.scheduling.concurrent.ReschedulingRunnable.run(ReschedulingRunnable.java:95)
	at java.util.concurrent.Executors$RunnableAdapter.call(Executors.java:511)
	at java.util.concurrent.FutureTask.run(FutureTask.java:266)
	at java.util.concurrent.ScheduledThreadPoolExecutor$ScheduledFutureTask.access$201(ScheduledThreadPoolExecutor.java:180)
	at java.util.concurrent.ScheduledThreadPoolExecutor$ScheduledFutureTask.run(ScheduledThreadPoolExecutor.java:293)
	at java.util.concurrent.ThreadPoolExecutor.runWorker(ThreadPoolExecutor.java:1149)
	at java.util.concurrent.ThreadPoolExecutor$Worker.run(ThreadPoolExecutor.java:624)
	at java.lang.Thread.run(Thread.java:750)
25-03-31.22:11:30.024 [scheduling-1    ] ERROR SendMessageTaskJob     - 定时任务，发送MQ消息失败 userId: wkm topic: null
25-03-31.22:11:30.029 [scheduling-1    ] ERROR EventPublisher         - 发送MQ消息失败 topic:null message :null
java.lang.NullPointerException: null
	at org.springframework.amqp.support.converter.SimpleMessageConverter.createMessage(SimpleMessageConverter.java:164)
	at org.springframework.amqp.support.converter.AbstractMessageConverter.createMessage(AbstractMessageConverter.java:88)
	at org.springframework.amqp.support.converter.AbstractMessageConverter.toMessage(AbstractMessageConverter.java:70)
	at org.springframework.amqp.support.converter.AbstractMessageConverter.toMessage(AbstractMessageConverter.java:58)
	at org.springframework.amqp.rabbit.core.RabbitTemplate.convertMessageIfNecessary(RabbitTemplate.java:1861)
	at org.springframework.amqp.rabbit.core.RabbitTemplate.convertAndSend(RabbitTemplate.java:1167)
	at org.springframework.amqp.rabbit.core.RabbitTemplate.convertAndSend(RabbitTemplate.java:1149)
	at cn.good.infrastructure.event.EventPublisher.publish(EventPublisher.java:35)
	at cn.good.infrastructure.persistent.repository.TaskRepository.sendMessage(TaskRepository.java:45)
	at cn.good.infrastructure.persistent.repository.TaskRepository$$FastClassBySpringCGLIB$$10d01039.invoke(<generated>)
	at org.springframework.cglib.proxy.MethodProxy.invoke(MethodProxy.java:218)
	at org.springframework.aop.framework.CglibAopProxy$CglibMethodInvocation.invokeJoinpoint(CglibAopProxy.java:793)
	at org.springframework.aop.framework.ReflectiveMethodInvocation.proceed(ReflectiveMethodInvocation.java:163)
	at org.springframework.aop.framework.CglibAopProxy$CglibMethodInvocation.proceed(CglibAopProxy.java:763)
	at org.springframework.dao.support.PersistenceExceptionTranslationInterceptor.invoke(PersistenceExceptionTranslationInterceptor.java:137)
	at org.springframework.aop.framework.ReflectiveMethodInvocation.proceed(ReflectiveMethodInvocation.java:186)
	at org.springframework.aop.framework.CglibAopProxy$CglibMethodInvocation.proceed(CglibAopProxy.java:763)
	at org.springframework.aop.framework.CglibAopProxy$DynamicAdvisedInterceptor.intercept(CglibAopProxy.java:708)
	at cn.good.infrastructure.persistent.repository.TaskRepository$$EnhancerBySpringCGLIB$$c784bfba.sendMessage(<generated>)
	at cn.good.domain.task.service.TaskService.sendMessage(TaskService.java:29)
	at cn.good.trigger.job.SendMessageTaskJob.exec_db01(SendMessageTaskJob.java:42)
	at sun.reflect.GeneratedMethodAccessor144.invoke(Unknown Source)
	at sun.reflect.DelegatingMethodAccessorImpl.invoke(DelegatingMethodAccessorImpl.java:43)
	at java.lang.reflect.Method.invoke(Method.java:498)
	at org.springframework.scheduling.support.ScheduledMethodRunnable.run(ScheduledMethodRunnable.java:84)
	at org.springframework.scheduling.support.DelegatingErrorHandlingRunnable.run(DelegatingErrorHandlingRunnable.java:54)
	at org.springframework.scheduling.concurrent.ReschedulingRunnable.run(ReschedulingRunnable.java:95)
	at java.util.concurrent.Executors$RunnableAdapter.call(Executors.java:511)
	at java.util.concurrent.FutureTask.run(FutureTask.java:266)
	at java.util.concurrent.ScheduledThreadPoolExecutor$ScheduledFutureTask.access$201(ScheduledThreadPoolExecutor.java:180)
	at java.util.concurrent.ScheduledThreadPoolExecutor$ScheduledFutureTask.run(ScheduledThreadPoolExecutor.java:293)
	at java.util.concurrent.ThreadPoolExecutor.runWorker(ThreadPoolExecutor.java:1149)
	at java.util.concurrent.ThreadPoolExecutor$Worker.run(ThreadPoolExecutor.java:624)
	at java.lang.Thread.run(Thread.java:750)
25-03-31.22:11:30.030 [scheduling-1    ] ERROR SendMessageTaskJob     - 定时任务，发送MQ消息失败 userId: wkm topic: null
25-03-31.22:11:35.017 [scheduling-1    ] ERROR EventPublisher         - 发送MQ消息失败 topic:null message :null
java.lang.NullPointerException: null
	at org.springframework.amqp.support.converter.SimpleMessageConverter.createMessage(SimpleMessageConverter.java:164)
	at org.springframework.amqp.support.converter.AbstractMessageConverter.createMessage(AbstractMessageConverter.java:88)
	at org.springframework.amqp.support.converter.AbstractMessageConverter.toMessage(AbstractMessageConverter.java:70)
	at org.springframework.amqp.support.converter.AbstractMessageConverter.toMessage(AbstractMessageConverter.java:58)
	at org.springframework.amqp.rabbit.core.RabbitTemplate.convertMessageIfNecessary(RabbitTemplate.java:1861)
	at org.springframework.amqp.rabbit.core.RabbitTemplate.convertAndSend(RabbitTemplate.java:1167)
	at org.springframework.amqp.rabbit.core.RabbitTemplate.convertAndSend(RabbitTemplate.java:1149)
	at cn.good.infrastructure.event.EventPublisher.publish(EventPublisher.java:35)
	at cn.good.infrastructure.persistent.repository.TaskRepository.sendMessage(TaskRepository.java:45)
	at cn.good.infrastructure.persistent.repository.TaskRepository$$FastClassBySpringCGLIB$$10d01039.invoke(<generated>)
	at org.springframework.cglib.proxy.MethodProxy.invoke(MethodProxy.java:218)
	at org.springframework.aop.framework.CglibAopProxy$CglibMethodInvocation.invokeJoinpoint(CglibAopProxy.java:793)
	at org.springframework.aop.framework.ReflectiveMethodInvocation.proceed(ReflectiveMethodInvocation.java:163)
	at org.springframework.aop.framework.CglibAopProxy$CglibMethodInvocation.proceed(CglibAopProxy.java:763)
	at org.springframework.dao.support.PersistenceExceptionTranslationInterceptor.invoke(PersistenceExceptionTranslationInterceptor.java:137)
	at org.springframework.aop.framework.ReflectiveMethodInvocation.proceed(ReflectiveMethodInvocation.java:186)
	at org.springframework.aop.framework.CglibAopProxy$CglibMethodInvocation.proceed(CglibAopProxy.java:763)
	at org.springframework.aop.framework.CglibAopProxy$DynamicAdvisedInterceptor.intercept(CglibAopProxy.java:708)
	at cn.good.infrastructure.persistent.repository.TaskRepository$$EnhancerBySpringCGLIB$$c784bfba.sendMessage(<generated>)
	at cn.good.domain.task.service.TaskService.sendMessage(TaskService.java:29)
	at cn.good.trigger.job.SendMessageTaskJob.exec_db01(SendMessageTaskJob.java:42)
	at sun.reflect.GeneratedMethodAccessor144.invoke(Unknown Source)
	at sun.reflect.DelegatingMethodAccessorImpl.invoke(DelegatingMethodAccessorImpl.java:43)
	at java.lang.reflect.Method.invoke(Method.java:498)
	at org.springframework.scheduling.support.ScheduledMethodRunnable.run(ScheduledMethodRunnable.java:84)
	at org.springframework.scheduling.support.DelegatingErrorHandlingRunnable.run(DelegatingErrorHandlingRunnable.java:54)
	at org.springframework.scheduling.concurrent.ReschedulingRunnable.run(ReschedulingRunnable.java:95)
	at java.util.concurrent.Executors$RunnableAdapter.call(Executors.java:511)
	at java.util.concurrent.FutureTask.run(FutureTask.java:266)
	at java.util.concurrent.ScheduledThreadPoolExecutor$ScheduledFutureTask.access$201(ScheduledThreadPoolExecutor.java:180)
	at java.util.concurrent.ScheduledThreadPoolExecutor$ScheduledFutureTask.run(ScheduledThreadPoolExecutor.java:293)
	at java.util.concurrent.ThreadPoolExecutor.runWorker(ThreadPoolExecutor.java:1149)
	at java.util.concurrent.ThreadPoolExecutor$Worker.run(ThreadPoolExecutor.java:624)
	at java.lang.Thread.run(Thread.java:750)
25-03-31.22:11:35.017 [scheduling-1    ] ERROR SendMessageTaskJob     - 定时任务，发送MQ消息失败 userId: wkm topic: null
25-03-31.22:11:35.025 [scheduling-1    ] ERROR EventPublisher         - 发送MQ消息失败 topic:null message :null
java.lang.NullPointerException: null
	at org.springframework.amqp.support.converter.SimpleMessageConverter.createMessage(SimpleMessageConverter.java:164)
	at org.springframework.amqp.support.converter.AbstractMessageConverter.createMessage(AbstractMessageConverter.java:88)
	at org.springframework.amqp.support.converter.AbstractMessageConverter.toMessage(AbstractMessageConverter.java:70)
	at org.springframework.amqp.support.converter.AbstractMessageConverter.toMessage(AbstractMessageConverter.java:58)
	at org.springframework.amqp.rabbit.core.RabbitTemplate.convertMessageIfNecessary(RabbitTemplate.java:1861)
	at org.springframework.amqp.rabbit.core.RabbitTemplate.convertAndSend(RabbitTemplate.java:1167)
	at org.springframework.amqp.rabbit.core.RabbitTemplate.convertAndSend(RabbitTemplate.java:1149)
	at cn.good.infrastructure.event.EventPublisher.publish(EventPublisher.java:35)
	at cn.good.infrastructure.persistent.repository.TaskRepository.sendMessage(TaskRepository.java:45)
	at cn.good.infrastructure.persistent.repository.TaskRepository$$FastClassBySpringCGLIB$$10d01039.invoke(<generated>)
	at org.springframework.cglib.proxy.MethodProxy.invoke(MethodProxy.java:218)
	at org.springframework.aop.framework.CglibAopProxy$CglibMethodInvocation.invokeJoinpoint(CglibAopProxy.java:793)
	at org.springframework.aop.framework.ReflectiveMethodInvocation.proceed(ReflectiveMethodInvocation.java:163)
	at org.springframework.aop.framework.CglibAopProxy$CglibMethodInvocation.proceed(CglibAopProxy.java:763)
	at org.springframework.dao.support.PersistenceExceptionTranslationInterceptor.invoke(PersistenceExceptionTranslationInterceptor.java:137)
	at org.springframework.aop.framework.ReflectiveMethodInvocation.proceed(ReflectiveMethodInvocation.java:186)
	at org.springframework.aop.framework.CglibAopProxy$CglibMethodInvocation.proceed(CglibAopProxy.java:763)
	at org.springframework.aop.framework.CglibAopProxy$DynamicAdvisedInterceptor.intercept(CglibAopProxy.java:708)
	at cn.good.infrastructure.persistent.repository.TaskRepository$$EnhancerBySpringCGLIB$$c784bfba.sendMessage(<generated>)
	at cn.good.domain.task.service.TaskService.sendMessage(TaskService.java:29)
	at cn.good.trigger.job.SendMessageTaskJob.exec_db01(SendMessageTaskJob.java:42)
	at sun.reflect.GeneratedMethodAccessor144.invoke(Unknown Source)
	at sun.reflect.DelegatingMethodAccessorImpl.invoke(DelegatingMethodAccessorImpl.java:43)
	at java.lang.reflect.Method.invoke(Method.java:498)
	at org.springframework.scheduling.support.ScheduledMethodRunnable.run(ScheduledMethodRunnable.java:84)
	at org.springframework.scheduling.support.DelegatingErrorHandlingRunnable.run(DelegatingErrorHandlingRunnable.java:54)
	at org.springframework.scheduling.concurrent.ReschedulingRunnable.run(ReschedulingRunnable.java:95)
	at java.util.concurrent.Executors$RunnableAdapter.call(Executors.java:511)
	at java.util.concurrent.FutureTask.run(FutureTask.java:266)
	at java.util.concurrent.ScheduledThreadPoolExecutor$ScheduledFutureTask.access$201(ScheduledThreadPoolExecutor.java:180)
	at java.util.concurrent.ScheduledThreadPoolExecutor$ScheduledFutureTask.run(ScheduledThreadPoolExecutor.java:293)
	at java.util.concurrent.ThreadPoolExecutor.runWorker(ThreadPoolExecutor.java:1149)
	at java.util.concurrent.ThreadPoolExecutor$Worker.run(ThreadPoolExecutor.java:624)
	at java.lang.Thread.run(Thread.java:750)
25-03-31.22:11:35.025 [scheduling-1    ] ERROR SendMessageTaskJob     - 定时任务，发送MQ消息失败 userId: wkm topic: null
25-03-31.22:11:35.026 [scheduling-1    ] ERROR EventPublisher         - 发送MQ消息失败 topic:null message :null
java.lang.NullPointerException: null
	at org.springframework.amqp.support.converter.SimpleMessageConverter.createMessage(SimpleMessageConverter.java:164)
	at org.springframework.amqp.support.converter.AbstractMessageConverter.createMessage(AbstractMessageConverter.java:88)
	at org.springframework.amqp.support.converter.AbstractMessageConverter.toMessage(AbstractMessageConverter.java:70)
	at org.springframework.amqp.support.converter.AbstractMessageConverter.toMessage(AbstractMessageConverter.java:58)
	at org.springframework.amqp.rabbit.core.RabbitTemplate.convertMessageIfNecessary(RabbitTemplate.java:1861)
	at org.springframework.amqp.rabbit.core.RabbitTemplate.convertAndSend(RabbitTemplate.java:1167)
	at org.springframework.amqp.rabbit.core.RabbitTemplate.convertAndSend(RabbitTemplate.java:1149)
	at cn.good.infrastructure.event.EventPublisher.publish(EventPublisher.java:35)
	at cn.good.infrastructure.persistent.repository.TaskRepository.sendMessage(TaskRepository.java:45)
	at cn.good.infrastructure.persistent.repository.TaskRepository$$FastClassBySpringCGLIB$$10d01039.invoke(<generated>)
	at org.springframework.cglib.proxy.MethodProxy.invoke(MethodProxy.java:218)
	at org.springframework.aop.framework.CglibAopProxy$CglibMethodInvocation.invokeJoinpoint(CglibAopProxy.java:793)
	at org.springframework.aop.framework.ReflectiveMethodInvocation.proceed(ReflectiveMethodInvocation.java:163)
	at org.springframework.aop.framework.CglibAopProxy$CglibMethodInvocation.proceed(CglibAopProxy.java:763)
	at org.springframework.dao.support.PersistenceExceptionTranslationInterceptor.invoke(PersistenceExceptionTranslationInterceptor.java:137)
	at org.springframework.aop.framework.ReflectiveMethodInvocation.proceed(ReflectiveMethodInvocation.java:186)
	at org.springframework.aop.framework.CglibAopProxy$CglibMethodInvocation.proceed(CglibAopProxy.java:763)
	at org.springframework.aop.framework.CglibAopProxy$DynamicAdvisedInterceptor.intercept(CglibAopProxy.java:708)
	at cn.good.infrastructure.persistent.repository.TaskRepository$$EnhancerBySpringCGLIB$$c784bfba.sendMessage(<generated>)
	at cn.good.domain.task.service.TaskService.sendMessage(TaskService.java:29)
	at cn.good.trigger.job.SendMessageTaskJob.exec_db01(SendMessageTaskJob.java:42)
	at sun.reflect.GeneratedMethodAccessor144.invoke(Unknown Source)
	at sun.reflect.DelegatingMethodAccessorImpl.invoke(DelegatingMethodAccessorImpl.java:43)
	at java.lang.reflect.Method.invoke(Method.java:498)
	at org.springframework.scheduling.support.ScheduledMethodRunnable.run(ScheduledMethodRunnable.java:84)
	at org.springframework.scheduling.support.DelegatingErrorHandlingRunnable.run(DelegatingErrorHandlingRunnable.java:54)
	at org.springframework.scheduling.concurrent.ReschedulingRunnable.run(ReschedulingRunnable.java:95)
	at java.util.concurrent.Executors$RunnableAdapter.call(Executors.java:511)
	at java.util.concurrent.FutureTask.run(FutureTask.java:266)
	at java.util.concurrent.ScheduledThreadPoolExecutor$ScheduledFutureTask.access$201(ScheduledThreadPoolExecutor.java:180)
	at java.util.concurrent.ScheduledThreadPoolExecutor$ScheduledFutureTask.run(ScheduledThreadPoolExecutor.java:293)
	at java.util.concurrent.ThreadPoolExecutor.runWorker(ThreadPoolExecutor.java:1149)
	at java.util.concurrent.ThreadPoolExecutor$Worker.run(ThreadPoolExecutor.java:624)
	at java.lang.Thread.run(Thread.java:750)
25-03-31.22:11:35.026 [scheduling-1    ] ERROR SendMessageTaskJob     - 定时任务，发送MQ消息失败 userId: wkm topic: null
25-03-31.22:11:40.028 [scheduling-1    ] ERROR EventPublisher         - 发送MQ消息失败 topic:null message :null
java.lang.NullPointerException: null
	at org.springframework.amqp.support.converter.SimpleMessageConverter.createMessage(SimpleMessageConverter.java:164)
	at org.springframework.amqp.support.converter.AbstractMessageConverter.createMessage(AbstractMessageConverter.java:88)
	at org.springframework.amqp.support.converter.AbstractMessageConverter.toMessage(AbstractMessageConverter.java:70)
	at org.springframework.amqp.support.converter.AbstractMessageConverter.toMessage(AbstractMessageConverter.java:58)
	at org.springframework.amqp.rabbit.core.RabbitTemplate.convertMessageIfNecessary(RabbitTemplate.java:1861)
	at org.springframework.amqp.rabbit.core.RabbitTemplate.convertAndSend(RabbitTemplate.java:1167)
	at org.springframework.amqp.rabbit.core.RabbitTemplate.convertAndSend(RabbitTemplate.java:1149)
	at cn.good.infrastructure.event.EventPublisher.publish(EventPublisher.java:35)
	at cn.good.infrastructure.persistent.repository.TaskRepository.sendMessage(TaskRepository.java:45)
	at cn.good.infrastructure.persistent.repository.TaskRepository$$FastClassBySpringCGLIB$$10d01039.invoke(<generated>)
	at org.springframework.cglib.proxy.MethodProxy.invoke(MethodProxy.java:218)
	at org.springframework.aop.framework.CglibAopProxy$CglibMethodInvocation.invokeJoinpoint(CglibAopProxy.java:793)
	at org.springframework.aop.framework.ReflectiveMethodInvocation.proceed(ReflectiveMethodInvocation.java:163)
	at org.springframework.aop.framework.CglibAopProxy$CglibMethodInvocation.proceed(CglibAopProxy.java:763)
	at org.springframework.dao.support.PersistenceExceptionTranslationInterceptor.invoke(PersistenceExceptionTranslationInterceptor.java:137)
	at org.springframework.aop.framework.ReflectiveMethodInvocation.proceed(ReflectiveMethodInvocation.java:186)
	at org.springframework.aop.framework.CglibAopProxy$CglibMethodInvocation.proceed(CglibAopProxy.java:763)
	at org.springframework.aop.framework.CglibAopProxy$DynamicAdvisedInterceptor.intercept(CglibAopProxy.java:708)
	at cn.good.infrastructure.persistent.repository.TaskRepository$$EnhancerBySpringCGLIB$$c784bfba.sendMessage(<generated>)
	at cn.good.domain.task.service.TaskService.sendMessage(TaskService.java:29)
	at cn.good.trigger.job.SendMessageTaskJob.exec_db01(SendMessageTaskJob.java:42)
	at sun.reflect.GeneratedMethodAccessor144.invoke(Unknown Source)
	at sun.reflect.DelegatingMethodAccessorImpl.invoke(DelegatingMethodAccessorImpl.java:43)
	at java.lang.reflect.Method.invoke(Method.java:498)
	at org.springframework.scheduling.support.ScheduledMethodRunnable.run(ScheduledMethodRunnable.java:84)
	at org.springframework.scheduling.support.DelegatingErrorHandlingRunnable.run(DelegatingErrorHandlingRunnable.java:54)
	at org.springframework.scheduling.concurrent.ReschedulingRunnable.run(ReschedulingRunnable.java:95)
	at java.util.concurrent.Executors$RunnableAdapter.call(Executors.java:511)
	at java.util.concurrent.FutureTask.run(FutureTask.java:266)
	at java.util.concurrent.ScheduledThreadPoolExecutor$ScheduledFutureTask.access$201(ScheduledThreadPoolExecutor.java:180)
	at java.util.concurrent.ScheduledThreadPoolExecutor$ScheduledFutureTask.run(ScheduledThreadPoolExecutor.java:293)
	at java.util.concurrent.ThreadPoolExecutor.runWorker(ThreadPoolExecutor.java:1149)
	at java.util.concurrent.ThreadPoolExecutor$Worker.run(ThreadPoolExecutor.java:624)
	at java.lang.Thread.run(Thread.java:750)
25-03-31.22:11:40.028 [scheduling-1    ] ERROR SendMessageTaskJob     - 定时任务，发送MQ消息失败 userId: wkm topic: null
25-03-31.22:11:40.034 [scheduling-1    ] ERROR EventPublisher         - 发送MQ消息失败 topic:null message :null
java.lang.NullPointerException: null
	at org.springframework.amqp.support.converter.SimpleMessageConverter.createMessage(SimpleMessageConverter.java:164)
	at org.springframework.amqp.support.converter.AbstractMessageConverter.createMessage(AbstractMessageConverter.java:88)
	at org.springframework.amqp.support.converter.AbstractMessageConverter.toMessage(AbstractMessageConverter.java:70)
	at org.springframework.amqp.support.converter.AbstractMessageConverter.toMessage(AbstractMessageConverter.java:58)
	at org.springframework.amqp.rabbit.core.RabbitTemplate.convertMessageIfNecessary(RabbitTemplate.java:1861)
	at org.springframework.amqp.rabbit.core.RabbitTemplate.convertAndSend(RabbitTemplate.java:1167)
	at org.springframework.amqp.rabbit.core.RabbitTemplate.convertAndSend(RabbitTemplate.java:1149)
	at cn.good.infrastructure.event.EventPublisher.publish(EventPublisher.java:35)
	at cn.good.infrastructure.persistent.repository.TaskRepository.sendMessage(TaskRepository.java:45)
	at cn.good.infrastructure.persistent.repository.TaskRepository$$FastClassBySpringCGLIB$$10d01039.invoke(<generated>)
	at org.springframework.cglib.proxy.MethodProxy.invoke(MethodProxy.java:218)
	at org.springframework.aop.framework.CglibAopProxy$CglibMethodInvocation.invokeJoinpoint(CglibAopProxy.java:793)
	at org.springframework.aop.framework.ReflectiveMethodInvocation.proceed(ReflectiveMethodInvocation.java:163)
	at org.springframework.aop.framework.CglibAopProxy$CglibMethodInvocation.proceed(CglibAopProxy.java:763)
	at org.springframework.dao.support.PersistenceExceptionTranslationInterceptor.invoke(PersistenceExceptionTranslationInterceptor.java:137)
	at org.springframework.aop.framework.ReflectiveMethodInvocation.proceed(ReflectiveMethodInvocation.java:186)
	at org.springframework.aop.framework.CglibAopProxy$CglibMethodInvocation.proceed(CglibAopProxy.java:763)
	at org.springframework.aop.framework.CglibAopProxy$DynamicAdvisedInterceptor.intercept(CglibAopProxy.java:708)
	at cn.good.infrastructure.persistent.repository.TaskRepository$$EnhancerBySpringCGLIB$$c784bfba.sendMessage(<generated>)
	at cn.good.domain.task.service.TaskService.sendMessage(TaskService.java:29)
	at cn.good.trigger.job.SendMessageTaskJob.exec_db01(SendMessageTaskJob.java:42)
	at sun.reflect.GeneratedMethodAccessor144.invoke(Unknown Source)
	at sun.reflect.DelegatingMethodAccessorImpl.invoke(DelegatingMethodAccessorImpl.java:43)
	at java.lang.reflect.Method.invoke(Method.java:498)
	at org.springframework.scheduling.support.ScheduledMethodRunnable.run(ScheduledMethodRunnable.java:84)
	at org.springframework.scheduling.support.DelegatingErrorHandlingRunnable.run(DelegatingErrorHandlingRunnable.java:54)
	at org.springframework.scheduling.concurrent.ReschedulingRunnable.run(ReschedulingRunnable.java:95)
	at java.util.concurrent.Executors$RunnableAdapter.call(Executors.java:511)
	at java.util.concurrent.FutureTask.run(FutureTask.java:266)
	at java.util.concurrent.ScheduledThreadPoolExecutor$ScheduledFutureTask.access$201(ScheduledThreadPoolExecutor.java:180)
	at java.util.concurrent.ScheduledThreadPoolExecutor$ScheduledFutureTask.run(ScheduledThreadPoolExecutor.java:293)
	at java.util.concurrent.ThreadPoolExecutor.runWorker(ThreadPoolExecutor.java:1149)
	at java.util.concurrent.ThreadPoolExecutor$Worker.run(ThreadPoolExecutor.java:624)
	at java.lang.Thread.run(Thread.java:750)
25-03-31.22:11:40.034 [scheduling-1    ] ERROR SendMessageTaskJob     - 定时任务，发送MQ消息失败 userId: wkm topic: null
25-03-31.22:11:40.037 [scheduling-1    ] ERROR EventPublisher         - 发送MQ消息失败 topic:null message :null
java.lang.NullPointerException: null
	at org.springframework.amqp.support.converter.SimpleMessageConverter.createMessage(SimpleMessageConverter.java:164)
	at org.springframework.amqp.support.converter.AbstractMessageConverter.createMessage(AbstractMessageConverter.java:88)
	at org.springframework.amqp.support.converter.AbstractMessageConverter.toMessage(AbstractMessageConverter.java:70)
	at org.springframework.amqp.support.converter.AbstractMessageConverter.toMessage(AbstractMessageConverter.java:58)
	at org.springframework.amqp.rabbit.core.RabbitTemplate.convertMessageIfNecessary(RabbitTemplate.java:1861)
	at org.springframework.amqp.rabbit.core.RabbitTemplate.convertAndSend(RabbitTemplate.java:1167)
	at org.springframework.amqp.rabbit.core.RabbitTemplate.convertAndSend(RabbitTemplate.java:1149)
	at cn.good.infrastructure.event.EventPublisher.publish(EventPublisher.java:35)
	at cn.good.infrastructure.persistent.repository.TaskRepository.sendMessage(TaskRepository.java:45)
	at cn.good.infrastructure.persistent.repository.TaskRepository$$FastClassBySpringCGLIB$$10d01039.invoke(<generated>)
	at org.springframework.cglib.proxy.MethodProxy.invoke(MethodProxy.java:218)
	at org.springframework.aop.framework.CglibAopProxy$CglibMethodInvocation.invokeJoinpoint(CglibAopProxy.java:793)
	at org.springframework.aop.framework.ReflectiveMethodInvocation.proceed(ReflectiveMethodInvocation.java:163)
	at org.springframework.aop.framework.CglibAopProxy$CglibMethodInvocation.proceed(CglibAopProxy.java:763)
	at org.springframework.dao.support.PersistenceExceptionTranslationInterceptor.invoke(PersistenceExceptionTranslationInterceptor.java:137)
	at org.springframework.aop.framework.ReflectiveMethodInvocation.proceed(ReflectiveMethodInvocation.java:186)
	at org.springframework.aop.framework.CglibAopProxy$CglibMethodInvocation.proceed(CglibAopProxy.java:763)
	at org.springframework.aop.framework.CglibAopProxy$DynamicAdvisedInterceptor.intercept(CglibAopProxy.java:708)
	at cn.good.infrastructure.persistent.repository.TaskRepository$$EnhancerBySpringCGLIB$$c784bfba.sendMessage(<generated>)
	at cn.good.domain.task.service.TaskService.sendMessage(TaskService.java:29)
	at cn.good.trigger.job.SendMessageTaskJob.exec_db01(SendMessageTaskJob.java:42)
	at sun.reflect.GeneratedMethodAccessor144.invoke(Unknown Source)
	at sun.reflect.DelegatingMethodAccessorImpl.invoke(DelegatingMethodAccessorImpl.java:43)
	at java.lang.reflect.Method.invoke(Method.java:498)
	at org.springframework.scheduling.support.ScheduledMethodRunnable.run(ScheduledMethodRunnable.java:84)
	at org.springframework.scheduling.support.DelegatingErrorHandlingRunnable.run(DelegatingErrorHandlingRunnable.java:54)
	at org.springframework.scheduling.concurrent.ReschedulingRunnable.run(ReschedulingRunnable.java:95)
	at java.util.concurrent.Executors$RunnableAdapter.call(Executors.java:511)
	at java.util.concurrent.FutureTask.run(FutureTask.java:266)
	at java.util.concurrent.ScheduledThreadPoolExecutor$ScheduledFutureTask.access$201(ScheduledThreadPoolExecutor.java:180)
	at java.util.concurrent.ScheduledThreadPoolExecutor$ScheduledFutureTask.run(ScheduledThreadPoolExecutor.java:293)
	at java.util.concurrent.ThreadPoolExecutor.runWorker(ThreadPoolExecutor.java:1149)
	at java.util.concurrent.ThreadPoolExecutor$Worker.run(ThreadPoolExecutor.java:624)
	at java.lang.Thread.run(Thread.java:750)
25-03-31.22:11:40.037 [scheduling-1    ] ERROR SendMessageTaskJob     - 定时任务，发送MQ消息失败 userId: wkm topic: null
25-03-31.22:11:45.016 [scheduling-1    ] ERROR EventPublisher         - 发送MQ消息失败 topic:null message :null
java.lang.NullPointerException: null
	at org.springframework.amqp.support.converter.SimpleMessageConverter.createMessage(SimpleMessageConverter.java:164)
	at org.springframework.amqp.support.converter.AbstractMessageConverter.createMessage(AbstractMessageConverter.java:88)
	at org.springframework.amqp.support.converter.AbstractMessageConverter.toMessage(AbstractMessageConverter.java:70)
	at org.springframework.amqp.support.converter.AbstractMessageConverter.toMessage(AbstractMessageConverter.java:58)
	at org.springframework.amqp.rabbit.core.RabbitTemplate.convertMessageIfNecessary(RabbitTemplate.java:1861)
	at org.springframework.amqp.rabbit.core.RabbitTemplate.convertAndSend(RabbitTemplate.java:1167)
	at org.springframework.amqp.rabbit.core.RabbitTemplate.convertAndSend(RabbitTemplate.java:1149)
	at cn.good.infrastructure.event.EventPublisher.publish(EventPublisher.java:35)
	at cn.good.infrastructure.persistent.repository.TaskRepository.sendMessage(TaskRepository.java:45)
	at cn.good.infrastructure.persistent.repository.TaskRepository$$FastClassBySpringCGLIB$$10d01039.invoke(<generated>)
	at org.springframework.cglib.proxy.MethodProxy.invoke(MethodProxy.java:218)
	at org.springframework.aop.framework.CglibAopProxy$CglibMethodInvocation.invokeJoinpoint(CglibAopProxy.java:793)
	at org.springframework.aop.framework.ReflectiveMethodInvocation.proceed(ReflectiveMethodInvocation.java:163)
	at org.springframework.aop.framework.CglibAopProxy$CglibMethodInvocation.proceed(CglibAopProxy.java:763)
	at org.springframework.dao.support.PersistenceExceptionTranslationInterceptor.invoke(PersistenceExceptionTranslationInterceptor.java:137)
	at org.springframework.aop.framework.ReflectiveMethodInvocation.proceed(ReflectiveMethodInvocation.java:186)
	at org.springframework.aop.framework.CglibAopProxy$CglibMethodInvocation.proceed(CglibAopProxy.java:763)
	at org.springframework.aop.framework.CglibAopProxy$DynamicAdvisedInterceptor.intercept(CglibAopProxy.java:708)
	at cn.good.infrastructure.persistent.repository.TaskRepository$$EnhancerBySpringCGLIB$$c784bfba.sendMessage(<generated>)
	at cn.good.domain.task.service.TaskService.sendMessage(TaskService.java:29)
	at cn.good.trigger.job.SendMessageTaskJob.exec_db01(SendMessageTaskJob.java:42)
	at sun.reflect.GeneratedMethodAccessor144.invoke(Unknown Source)
	at sun.reflect.DelegatingMethodAccessorImpl.invoke(DelegatingMethodAccessorImpl.java:43)
	at java.lang.reflect.Method.invoke(Method.java:498)
	at org.springframework.scheduling.support.ScheduledMethodRunnable.run(ScheduledMethodRunnable.java:84)
	at org.springframework.scheduling.support.DelegatingErrorHandlingRunnable.run(DelegatingErrorHandlingRunnable.java:54)
	at org.springframework.scheduling.concurrent.ReschedulingRunnable.run(ReschedulingRunnable.java:95)
	at java.util.concurrent.Executors$RunnableAdapter.call(Executors.java:511)
	at java.util.concurrent.FutureTask.run(FutureTask.java:266)
	at java.util.concurrent.ScheduledThreadPoolExecutor$ScheduledFutureTask.access$201(ScheduledThreadPoolExecutor.java:180)
	at java.util.concurrent.ScheduledThreadPoolExecutor$ScheduledFutureTask.run(ScheduledThreadPoolExecutor.java:293)
	at java.util.concurrent.ThreadPoolExecutor.runWorker(ThreadPoolExecutor.java:1149)
	at java.util.concurrent.ThreadPoolExecutor$Worker.run(ThreadPoolExecutor.java:624)
	at java.lang.Thread.run(Thread.java:750)
25-03-31.22:11:45.016 [scheduling-1    ] ERROR SendMessageTaskJob     - 定时任务，发送MQ消息失败 userId: wkm topic: null
25-03-31.22:11:45.018 [scheduling-1    ] ERROR EventPublisher         - 发送MQ消息失败 topic:null message :null
java.lang.NullPointerException: null
	at org.springframework.amqp.support.converter.SimpleMessageConverter.createMessage(SimpleMessageConverter.java:164)
	at org.springframework.amqp.support.converter.AbstractMessageConverter.createMessage(AbstractMessageConverter.java:88)
	at org.springframework.amqp.support.converter.AbstractMessageConverter.toMessage(AbstractMessageConverter.java:70)
	at org.springframework.amqp.support.converter.AbstractMessageConverter.toMessage(AbstractMessageConverter.java:58)
	at org.springframework.amqp.rabbit.core.RabbitTemplate.convertMessageIfNecessary(RabbitTemplate.java:1861)
	at org.springframework.amqp.rabbit.core.RabbitTemplate.convertAndSend(RabbitTemplate.java:1167)
	at org.springframework.amqp.rabbit.core.RabbitTemplate.convertAndSend(RabbitTemplate.java:1149)
	at cn.good.infrastructure.event.EventPublisher.publish(EventPublisher.java:35)
	at cn.good.infrastructure.persistent.repository.TaskRepository.sendMessage(TaskRepository.java:45)
	at cn.good.infrastructure.persistent.repository.TaskRepository$$FastClassBySpringCGLIB$$10d01039.invoke(<generated>)
	at org.springframework.cglib.proxy.MethodProxy.invoke(MethodProxy.java:218)
	at org.springframework.aop.framework.CglibAopProxy$CglibMethodInvocation.invokeJoinpoint(CglibAopProxy.java:793)
	at org.springframework.aop.framework.ReflectiveMethodInvocation.proceed(ReflectiveMethodInvocation.java:163)
	at org.springframework.aop.framework.CglibAopProxy$CglibMethodInvocation.proceed(CglibAopProxy.java:763)
	at org.springframework.dao.support.PersistenceExceptionTranslationInterceptor.invoke(PersistenceExceptionTranslationInterceptor.java:137)
	at org.springframework.aop.framework.ReflectiveMethodInvocation.proceed(ReflectiveMethodInvocation.java:186)
	at org.springframework.aop.framework.CglibAopProxy$CglibMethodInvocation.proceed(CglibAopProxy.java:763)
	at org.springframework.aop.framework.CglibAopProxy$DynamicAdvisedInterceptor.intercept(CglibAopProxy.java:708)
	at cn.good.infrastructure.persistent.repository.TaskRepository$$EnhancerBySpringCGLIB$$c784bfba.sendMessage(<generated>)
	at cn.good.domain.task.service.TaskService.sendMessage(TaskService.java:29)
	at cn.good.trigger.job.SendMessageTaskJob.exec_db01(SendMessageTaskJob.java:42)
	at sun.reflect.GeneratedMethodAccessor144.invoke(Unknown Source)
	at sun.reflect.DelegatingMethodAccessorImpl.invoke(DelegatingMethodAccessorImpl.java:43)
	at java.lang.reflect.Method.invoke(Method.java:498)
	at org.springframework.scheduling.support.ScheduledMethodRunnable.run(ScheduledMethodRunnable.java:84)
	at org.springframework.scheduling.support.DelegatingErrorHandlingRunnable.run(DelegatingErrorHandlingRunnable.java:54)
	at org.springframework.scheduling.concurrent.ReschedulingRunnable.run(ReschedulingRunnable.java:95)
	at java.util.concurrent.Executors$RunnableAdapter.call(Executors.java:511)
	at java.util.concurrent.FutureTask.run(FutureTask.java:266)
	at java.util.concurrent.ScheduledThreadPoolExecutor$ScheduledFutureTask.access$201(ScheduledThreadPoolExecutor.java:180)
	at java.util.concurrent.ScheduledThreadPoolExecutor$ScheduledFutureTask.run(ScheduledThreadPoolExecutor.java:293)
	at java.util.concurrent.ThreadPoolExecutor.runWorker(ThreadPoolExecutor.java:1149)
	at java.util.concurrent.ThreadPoolExecutor$Worker.run(ThreadPoolExecutor.java:624)
	at java.lang.Thread.run(Thread.java:750)
25-03-31.22:11:45.018 [scheduling-1    ] ERROR SendMessageTaskJob     - 定时任务，发送MQ消息失败 userId: wkm topic: null
25-03-31.22:11:45.019 [scheduling-1    ] ERROR EventPublisher         - 发送MQ消息失败 topic:null message :null
java.lang.NullPointerException: null
	at org.springframework.amqp.support.converter.SimpleMessageConverter.createMessage(SimpleMessageConverter.java:164)
	at org.springframework.amqp.support.converter.AbstractMessageConverter.createMessage(AbstractMessageConverter.java:88)
	at org.springframework.amqp.support.converter.AbstractMessageConverter.toMessage(AbstractMessageConverter.java:70)
	at org.springframework.amqp.support.converter.AbstractMessageConverter.toMessage(AbstractMessageConverter.java:58)
	at org.springframework.amqp.rabbit.core.RabbitTemplate.convertMessageIfNecessary(RabbitTemplate.java:1861)
	at org.springframework.amqp.rabbit.core.RabbitTemplate.convertAndSend(RabbitTemplate.java:1167)
	at org.springframework.amqp.rabbit.core.RabbitTemplate.convertAndSend(RabbitTemplate.java:1149)
	at cn.good.infrastructure.event.EventPublisher.publish(EventPublisher.java:35)
	at cn.good.infrastructure.persistent.repository.TaskRepository.sendMessage(TaskRepository.java:45)
	at cn.good.infrastructure.persistent.repository.TaskRepository$$FastClassBySpringCGLIB$$10d01039.invoke(<generated>)
	at org.springframework.cglib.proxy.MethodProxy.invoke(MethodProxy.java:218)
	at org.springframework.aop.framework.CglibAopProxy$CglibMethodInvocation.invokeJoinpoint(CglibAopProxy.java:793)
	at org.springframework.aop.framework.ReflectiveMethodInvocation.proceed(ReflectiveMethodInvocation.java:163)
	at org.springframework.aop.framework.CglibAopProxy$CglibMethodInvocation.proceed(CglibAopProxy.java:763)
	at org.springframework.dao.support.PersistenceExceptionTranslationInterceptor.invoke(PersistenceExceptionTranslationInterceptor.java:137)
	at org.springframework.aop.framework.ReflectiveMethodInvocation.proceed(ReflectiveMethodInvocation.java:186)
	at org.springframework.aop.framework.CglibAopProxy$CglibMethodInvocation.proceed(CglibAopProxy.java:763)
	at org.springframework.aop.framework.CglibAopProxy$DynamicAdvisedInterceptor.intercept(CglibAopProxy.java:708)
	at cn.good.infrastructure.persistent.repository.TaskRepository$$EnhancerBySpringCGLIB$$c784bfba.sendMessage(<generated>)
	at cn.good.domain.task.service.TaskService.sendMessage(TaskService.java:29)
	at cn.good.trigger.job.SendMessageTaskJob.exec_db01(SendMessageTaskJob.java:42)
	at sun.reflect.GeneratedMethodAccessor144.invoke(Unknown Source)
	at sun.reflect.DelegatingMethodAccessorImpl.invoke(DelegatingMethodAccessorImpl.java:43)
	at java.lang.reflect.Method.invoke(Method.java:498)
	at org.springframework.scheduling.support.ScheduledMethodRunnable.run(ScheduledMethodRunnable.java:84)
	at org.springframework.scheduling.support.DelegatingErrorHandlingRunnable.run(DelegatingErrorHandlingRunnable.java:54)
	at org.springframework.scheduling.concurrent.ReschedulingRunnable.run(ReschedulingRunnable.java:95)
	at java.util.concurrent.Executors$RunnableAdapter.call(Executors.java:511)
	at java.util.concurrent.FutureTask.run(FutureTask.java:266)
	at java.util.concurrent.ScheduledThreadPoolExecutor$ScheduledFutureTask.access$201(ScheduledThreadPoolExecutor.java:180)
	at java.util.concurrent.ScheduledThreadPoolExecutor$ScheduledFutureTask.run(ScheduledThreadPoolExecutor.java:293)
	at java.util.concurrent.ThreadPoolExecutor.runWorker(ThreadPoolExecutor.java:1149)
	at java.util.concurrent.ThreadPoolExecutor$Worker.run(ThreadPoolExecutor.java:624)
	at java.lang.Thread.run(Thread.java:750)
25-03-31.22:11:45.020 [scheduling-1    ] ERROR SendMessageTaskJob     - 定时任务，发送MQ消息失败 userId: wkm topic: null
25-03-31.22:11:50.023 [scheduling-1    ] ERROR EventPublisher         - 发送MQ消息失败 topic:null message :null
java.lang.NullPointerException: null
	at org.springframework.amqp.support.converter.SimpleMessageConverter.createMessage(SimpleMessageConverter.java:164)
	at org.springframework.amqp.support.converter.AbstractMessageConverter.createMessage(AbstractMessageConverter.java:88)
	at org.springframework.amqp.support.converter.AbstractMessageConverter.toMessage(AbstractMessageConverter.java:70)
	at org.springframework.amqp.support.converter.AbstractMessageConverter.toMessage(AbstractMessageConverter.java:58)
	at org.springframework.amqp.rabbit.core.RabbitTemplate.convertMessageIfNecessary(RabbitTemplate.java:1861)
	at org.springframework.amqp.rabbit.core.RabbitTemplate.convertAndSend(RabbitTemplate.java:1167)
	at org.springframework.amqp.rabbit.core.RabbitTemplate.convertAndSend(RabbitTemplate.java:1149)
	at cn.good.infrastructure.event.EventPublisher.publish(EventPublisher.java:35)
	at cn.good.infrastructure.persistent.repository.TaskRepository.sendMessage(TaskRepository.java:45)
	at cn.good.infrastructure.persistent.repository.TaskRepository$$FastClassBySpringCGLIB$$10d01039.invoke(<generated>)
	at org.springframework.cglib.proxy.MethodProxy.invoke(MethodProxy.java:218)
	at org.springframework.aop.framework.CglibAopProxy$CglibMethodInvocation.invokeJoinpoint(CglibAopProxy.java:793)
	at org.springframework.aop.framework.ReflectiveMethodInvocation.proceed(ReflectiveMethodInvocation.java:163)
	at org.springframework.aop.framework.CglibAopProxy$CglibMethodInvocation.proceed(CglibAopProxy.java:763)
	at org.springframework.dao.support.PersistenceExceptionTranslationInterceptor.invoke(PersistenceExceptionTranslationInterceptor.java:137)
	at org.springframework.aop.framework.ReflectiveMethodInvocation.proceed(ReflectiveMethodInvocation.java:186)
	at org.springframework.aop.framework.CglibAopProxy$CglibMethodInvocation.proceed(CglibAopProxy.java:763)
	at org.springframework.aop.framework.CglibAopProxy$DynamicAdvisedInterceptor.intercept(CglibAopProxy.java:708)
	at cn.good.infrastructure.persistent.repository.TaskRepository$$EnhancerBySpringCGLIB$$c784bfba.sendMessage(<generated>)
	at cn.good.domain.task.service.TaskService.sendMessage(TaskService.java:29)
	at cn.good.trigger.job.SendMessageTaskJob.exec_db01(SendMessageTaskJob.java:42)
	at sun.reflect.GeneratedMethodAccessor144.invoke(Unknown Source)
	at sun.reflect.DelegatingMethodAccessorImpl.invoke(DelegatingMethodAccessorImpl.java:43)
	at java.lang.reflect.Method.invoke(Method.java:498)
	at org.springframework.scheduling.support.ScheduledMethodRunnable.run(ScheduledMethodRunnable.java:84)
	at org.springframework.scheduling.support.DelegatingErrorHandlingRunnable.run(DelegatingErrorHandlingRunnable.java:54)
	at org.springframework.scheduling.concurrent.ReschedulingRunnable.run(ReschedulingRunnable.java:95)
	at java.util.concurrent.Executors$RunnableAdapter.call(Executors.java:511)
	at java.util.concurrent.FutureTask.run(FutureTask.java:266)
	at java.util.concurrent.ScheduledThreadPoolExecutor$ScheduledFutureTask.access$201(ScheduledThreadPoolExecutor.java:180)
	at java.util.concurrent.ScheduledThreadPoolExecutor$ScheduledFutureTask.run(ScheduledThreadPoolExecutor.java:293)
	at java.util.concurrent.ThreadPoolExecutor.runWorker(ThreadPoolExecutor.java:1149)
	at java.util.concurrent.ThreadPoolExecutor$Worker.run(ThreadPoolExecutor.java:624)
	at java.lang.Thread.run(Thread.java:750)
25-03-31.22:11:50.023 [scheduling-1    ] ERROR SendMessageTaskJob     - 定时任务，发送MQ消息失败 userId: wkm topic: null
25-03-31.22:11:50.029 [scheduling-1    ] ERROR EventPublisher         - 发送MQ消息失败 topic:null message :null
java.lang.NullPointerException: null
	at org.springframework.amqp.support.converter.SimpleMessageConverter.createMessage(SimpleMessageConverter.java:164)
	at org.springframework.amqp.support.converter.AbstractMessageConverter.createMessage(AbstractMessageConverter.java:88)
	at org.springframework.amqp.support.converter.AbstractMessageConverter.toMessage(AbstractMessageConverter.java:70)
	at org.springframework.amqp.support.converter.AbstractMessageConverter.toMessage(AbstractMessageConverter.java:58)
	at org.springframework.amqp.rabbit.core.RabbitTemplate.convertMessageIfNecessary(RabbitTemplate.java:1861)
	at org.springframework.amqp.rabbit.core.RabbitTemplate.convertAndSend(RabbitTemplate.java:1167)
	at org.springframework.amqp.rabbit.core.RabbitTemplate.convertAndSend(RabbitTemplate.java:1149)
	at cn.good.infrastructure.event.EventPublisher.publish(EventPublisher.java:35)
	at cn.good.infrastructure.persistent.repository.TaskRepository.sendMessage(TaskRepository.java:45)
	at cn.good.infrastructure.persistent.repository.TaskRepository$$FastClassBySpringCGLIB$$10d01039.invoke(<generated>)
	at org.springframework.cglib.proxy.MethodProxy.invoke(MethodProxy.java:218)
	at org.springframework.aop.framework.CglibAopProxy$CglibMethodInvocation.invokeJoinpoint(CglibAopProxy.java:793)
	at org.springframework.aop.framework.ReflectiveMethodInvocation.proceed(ReflectiveMethodInvocation.java:163)
	at org.springframework.aop.framework.CglibAopProxy$CglibMethodInvocation.proceed(CglibAopProxy.java:763)
	at org.springframework.dao.support.PersistenceExceptionTranslationInterceptor.invoke(PersistenceExceptionTranslationInterceptor.java:137)
	at org.springframework.aop.framework.ReflectiveMethodInvocation.proceed(ReflectiveMethodInvocation.java:186)
	at org.springframework.aop.framework.CglibAopProxy$CglibMethodInvocation.proceed(CglibAopProxy.java:763)
	at org.springframework.aop.framework.CglibAopProxy$DynamicAdvisedInterceptor.intercept(CglibAopProxy.java:708)
	at cn.good.infrastructure.persistent.repository.TaskRepository$$EnhancerBySpringCGLIB$$c784bfba.sendMessage(<generated>)
	at cn.good.domain.task.service.TaskService.sendMessage(TaskService.java:29)
	at cn.good.trigger.job.SendMessageTaskJob.exec_db01(SendMessageTaskJob.java:42)
	at sun.reflect.GeneratedMethodAccessor144.invoke(Unknown Source)
	at sun.reflect.DelegatingMethodAccessorImpl.invoke(DelegatingMethodAccessorImpl.java:43)
	at java.lang.reflect.Method.invoke(Method.java:498)
	at org.springframework.scheduling.support.ScheduledMethodRunnable.run(ScheduledMethodRunnable.java:84)
	at org.springframework.scheduling.support.DelegatingErrorHandlingRunnable.run(DelegatingErrorHandlingRunnable.java:54)
	at org.springframework.scheduling.concurrent.ReschedulingRunnable.run(ReschedulingRunnable.java:95)
	at java.util.concurrent.Executors$RunnableAdapter.call(Executors.java:511)
	at java.util.concurrent.FutureTask.run(FutureTask.java:266)
	at java.util.concurrent.ScheduledThreadPoolExecutor$ScheduledFutureTask.access$201(ScheduledThreadPoolExecutor.java:180)
	at java.util.concurrent.ScheduledThreadPoolExecutor$ScheduledFutureTask.run(ScheduledThreadPoolExecutor.java:293)
	at java.util.concurrent.ThreadPoolExecutor.runWorker(ThreadPoolExecutor.java:1149)
	at java.util.concurrent.ThreadPoolExecutor$Worker.run(ThreadPoolExecutor.java:624)
	at java.lang.Thread.run(Thread.java:750)
25-03-31.22:11:50.029 [scheduling-1    ] ERROR SendMessageTaskJob     - 定时任务，发送MQ消息失败 userId: wkm topic: null
25-03-31.22:11:50.034 [scheduling-1    ] ERROR EventPublisher         - 发送MQ消息失败 topic:null message :null
java.lang.NullPointerException: null
	at org.springframework.amqp.support.converter.SimpleMessageConverter.createMessage(SimpleMessageConverter.java:164)
	at org.springframework.amqp.support.converter.AbstractMessageConverter.createMessage(AbstractMessageConverter.java:88)
	at org.springframework.amqp.support.converter.AbstractMessageConverter.toMessage(AbstractMessageConverter.java:70)
	at org.springframework.amqp.support.converter.AbstractMessageConverter.toMessage(AbstractMessageConverter.java:58)
	at org.springframework.amqp.rabbit.core.RabbitTemplate.convertMessageIfNecessary(RabbitTemplate.java:1861)
	at org.springframework.amqp.rabbit.core.RabbitTemplate.convertAndSend(RabbitTemplate.java:1167)
	at org.springframework.amqp.rabbit.core.RabbitTemplate.convertAndSend(RabbitTemplate.java:1149)
	at cn.good.infrastructure.event.EventPublisher.publish(EventPublisher.java:35)
	at cn.good.infrastructure.persistent.repository.TaskRepository.sendMessage(TaskRepository.java:45)
	at cn.good.infrastructure.persistent.repository.TaskRepository$$FastClassBySpringCGLIB$$10d01039.invoke(<generated>)
	at org.springframework.cglib.proxy.MethodProxy.invoke(MethodProxy.java:218)
	at org.springframework.aop.framework.CglibAopProxy$CglibMethodInvocation.invokeJoinpoint(CglibAopProxy.java:793)
	at org.springframework.aop.framework.ReflectiveMethodInvocation.proceed(ReflectiveMethodInvocation.java:163)
	at org.springframework.aop.framework.CglibAopProxy$CglibMethodInvocation.proceed(CglibAopProxy.java:763)
	at org.springframework.dao.support.PersistenceExceptionTranslationInterceptor.invoke(PersistenceExceptionTranslationInterceptor.java:137)
	at org.springframework.aop.framework.ReflectiveMethodInvocation.proceed(ReflectiveMethodInvocation.java:186)
	at org.springframework.aop.framework.CglibAopProxy$CglibMethodInvocation.proceed(CglibAopProxy.java:763)
	at org.springframework.aop.framework.CglibAopProxy$DynamicAdvisedInterceptor.intercept(CglibAopProxy.java:708)
	at cn.good.infrastructure.persistent.repository.TaskRepository$$EnhancerBySpringCGLIB$$c784bfba.sendMessage(<generated>)
	at cn.good.domain.task.service.TaskService.sendMessage(TaskService.java:29)
	at cn.good.trigger.job.SendMessageTaskJob.exec_db01(SendMessageTaskJob.java:42)
	at sun.reflect.GeneratedMethodAccessor144.invoke(Unknown Source)
	at sun.reflect.DelegatingMethodAccessorImpl.invoke(DelegatingMethodAccessorImpl.java:43)
	at java.lang.reflect.Method.invoke(Method.java:498)
	at org.springframework.scheduling.support.ScheduledMethodRunnable.run(ScheduledMethodRunnable.java:84)
	at org.springframework.scheduling.support.DelegatingErrorHandlingRunnable.run(DelegatingErrorHandlingRunnable.java:54)
	at org.springframework.scheduling.concurrent.ReschedulingRunnable.run(ReschedulingRunnable.java:95)
	at java.util.concurrent.Executors$RunnableAdapter.call(Executors.java:511)
	at java.util.concurrent.FutureTask.run(FutureTask.java:266)
	at java.util.concurrent.ScheduledThreadPoolExecutor$ScheduledFutureTask.access$201(ScheduledThreadPoolExecutor.java:180)
	at java.util.concurrent.ScheduledThreadPoolExecutor$ScheduledFutureTask.run(ScheduledThreadPoolExecutor.java:293)
	at java.util.concurrent.ThreadPoolExecutor.runWorker(ThreadPoolExecutor.java:1149)
	at java.util.concurrent.ThreadPoolExecutor$Worker.run(ThreadPoolExecutor.java:624)
	at java.lang.Thread.run(Thread.java:750)
25-03-31.22:11:50.035 [scheduling-1    ] ERROR SendMessageTaskJob     - 定时任务，发送MQ消息失败 userId: wkm topic: null
25-03-31.22:11:55.015 [scheduling-1    ] ERROR EventPublisher         - 发送MQ消息失败 topic:null message :null
java.lang.NullPointerException: null
	at org.springframework.amqp.support.converter.SimpleMessageConverter.createMessage(SimpleMessageConverter.java:164)
	at org.springframework.amqp.support.converter.AbstractMessageConverter.createMessage(AbstractMessageConverter.java:88)
	at org.springframework.amqp.support.converter.AbstractMessageConverter.toMessage(AbstractMessageConverter.java:70)
	at org.springframework.amqp.support.converter.AbstractMessageConverter.toMessage(AbstractMessageConverter.java:58)
	at org.springframework.amqp.rabbit.core.RabbitTemplate.convertMessageIfNecessary(RabbitTemplate.java:1861)
	at org.springframework.amqp.rabbit.core.RabbitTemplate.convertAndSend(RabbitTemplate.java:1167)
	at org.springframework.amqp.rabbit.core.RabbitTemplate.convertAndSend(RabbitTemplate.java:1149)
	at cn.good.infrastructure.event.EventPublisher.publish(EventPublisher.java:35)
	at cn.good.infrastructure.persistent.repository.TaskRepository.sendMessage(TaskRepository.java:45)
	at cn.good.infrastructure.persistent.repository.TaskRepository$$FastClassBySpringCGLIB$$10d01039.invoke(<generated>)
	at org.springframework.cglib.proxy.MethodProxy.invoke(MethodProxy.java:218)
	at org.springframework.aop.framework.CglibAopProxy$CglibMethodInvocation.invokeJoinpoint(CglibAopProxy.java:793)
	at org.springframework.aop.framework.ReflectiveMethodInvocation.proceed(ReflectiveMethodInvocation.java:163)
	at org.springframework.aop.framework.CglibAopProxy$CglibMethodInvocation.proceed(CglibAopProxy.java:763)
	at org.springframework.dao.support.PersistenceExceptionTranslationInterceptor.invoke(PersistenceExceptionTranslationInterceptor.java:137)
	at org.springframework.aop.framework.ReflectiveMethodInvocation.proceed(ReflectiveMethodInvocation.java:186)
	at org.springframework.aop.framework.CglibAopProxy$CglibMethodInvocation.proceed(CglibAopProxy.java:763)
	at org.springframework.aop.framework.CglibAopProxy$DynamicAdvisedInterceptor.intercept(CglibAopProxy.java:708)
	at cn.good.infrastructure.persistent.repository.TaskRepository$$EnhancerBySpringCGLIB$$c784bfba.sendMessage(<generated>)
	at cn.good.domain.task.service.TaskService.sendMessage(TaskService.java:29)
	at cn.good.trigger.job.SendMessageTaskJob.exec_db01(SendMessageTaskJob.java:42)
	at sun.reflect.GeneratedMethodAccessor144.invoke(Unknown Source)
	at sun.reflect.DelegatingMethodAccessorImpl.invoke(DelegatingMethodAccessorImpl.java:43)
	at java.lang.reflect.Method.invoke(Method.java:498)
	at org.springframework.scheduling.support.ScheduledMethodRunnable.run(ScheduledMethodRunnable.java:84)
	at org.springframework.scheduling.support.DelegatingErrorHandlingRunnable.run(DelegatingErrorHandlingRunnable.java:54)
	at org.springframework.scheduling.concurrent.ReschedulingRunnable.run(ReschedulingRunnable.java:95)
	at java.util.concurrent.Executors$RunnableAdapter.call(Executors.java:511)
	at java.util.concurrent.FutureTask.run(FutureTask.java:266)
	at java.util.concurrent.ScheduledThreadPoolExecutor$ScheduledFutureTask.access$201(ScheduledThreadPoolExecutor.java:180)
	at java.util.concurrent.ScheduledThreadPoolExecutor$ScheduledFutureTask.run(ScheduledThreadPoolExecutor.java:293)
	at java.util.concurrent.ThreadPoolExecutor.runWorker(ThreadPoolExecutor.java:1149)
	at java.util.concurrent.ThreadPoolExecutor$Worker.run(ThreadPoolExecutor.java:624)
	at java.lang.Thread.run(Thread.java:750)
25-03-31.22:11:55.015 [scheduling-1    ] ERROR SendMessageTaskJob     - 定时任务，发送MQ消息失败 userId: wkm topic: null
25-03-31.22:11:55.019 [scheduling-1    ] ERROR EventPublisher         - 发送MQ消息失败 topic:null message :null
java.lang.NullPointerException: null
	at org.springframework.amqp.support.converter.SimpleMessageConverter.createMessage(SimpleMessageConverter.java:164)
	at org.springframework.amqp.support.converter.AbstractMessageConverter.createMessage(AbstractMessageConverter.java:88)
	at org.springframework.amqp.support.converter.AbstractMessageConverter.toMessage(AbstractMessageConverter.java:70)
	at org.springframework.amqp.support.converter.AbstractMessageConverter.toMessage(AbstractMessageConverter.java:58)
	at org.springframework.amqp.rabbit.core.RabbitTemplate.convertMessageIfNecessary(RabbitTemplate.java:1861)
	at org.springframework.amqp.rabbit.core.RabbitTemplate.convertAndSend(RabbitTemplate.java:1167)
	at org.springframework.amqp.rabbit.core.RabbitTemplate.convertAndSend(RabbitTemplate.java:1149)
	at cn.good.infrastructure.event.EventPublisher.publish(EventPublisher.java:35)
	at cn.good.infrastructure.persistent.repository.TaskRepository.sendMessage(TaskRepository.java:45)
	at cn.good.infrastructure.persistent.repository.TaskRepository$$FastClassBySpringCGLIB$$10d01039.invoke(<generated>)
	at org.springframework.cglib.proxy.MethodProxy.invoke(MethodProxy.java:218)
	at org.springframework.aop.framework.CglibAopProxy$CglibMethodInvocation.invokeJoinpoint(CglibAopProxy.java:793)
	at org.springframework.aop.framework.ReflectiveMethodInvocation.proceed(ReflectiveMethodInvocation.java:163)
	at org.springframework.aop.framework.CglibAopProxy$CglibMethodInvocation.proceed(CglibAopProxy.java:763)
	at org.springframework.dao.support.PersistenceExceptionTranslationInterceptor.invoke(PersistenceExceptionTranslationInterceptor.java:137)
	at org.springframework.aop.framework.ReflectiveMethodInvocation.proceed(ReflectiveMethodInvocation.java:186)
	at org.springframework.aop.framework.CglibAopProxy$CglibMethodInvocation.proceed(CglibAopProxy.java:763)
	at org.springframework.aop.framework.CglibAopProxy$DynamicAdvisedInterceptor.intercept(CglibAopProxy.java:708)
	at cn.good.infrastructure.persistent.repository.TaskRepository$$EnhancerBySpringCGLIB$$c784bfba.sendMessage(<generated>)
	at cn.good.domain.task.service.TaskService.sendMessage(TaskService.java:29)
	at cn.good.trigger.job.SendMessageTaskJob.exec_db01(SendMessageTaskJob.java:42)
	at sun.reflect.GeneratedMethodAccessor144.invoke(Unknown Source)
	at sun.reflect.DelegatingMethodAccessorImpl.invoke(DelegatingMethodAccessorImpl.java:43)
	at java.lang.reflect.Method.invoke(Method.java:498)
	at org.springframework.scheduling.support.ScheduledMethodRunnable.run(ScheduledMethodRunnable.java:84)
	at org.springframework.scheduling.support.DelegatingErrorHandlingRunnable.run(DelegatingErrorHandlingRunnable.java:54)
	at org.springframework.scheduling.concurrent.ReschedulingRunnable.run(ReschedulingRunnable.java:95)
	at java.util.concurrent.Executors$RunnableAdapter.call(Executors.java:511)
	at java.util.concurrent.FutureTask.run(FutureTask.java:266)
	at java.util.concurrent.ScheduledThreadPoolExecutor$ScheduledFutureTask.access$201(ScheduledThreadPoolExecutor.java:180)
	at java.util.concurrent.ScheduledThreadPoolExecutor$ScheduledFutureTask.run(ScheduledThreadPoolExecutor.java:293)
	at java.util.concurrent.ThreadPoolExecutor.runWorker(ThreadPoolExecutor.java:1149)
	at java.util.concurrent.ThreadPoolExecutor$Worker.run(ThreadPoolExecutor.java:624)
	at java.lang.Thread.run(Thread.java:750)
25-03-31.22:11:55.019 [scheduling-1    ] ERROR SendMessageTaskJob     - 定时任务，发送MQ消息失败 userId: wkm topic: null
25-03-31.22:11:55.022 [scheduling-1    ] ERROR EventPublisher         - 发送MQ消息失败 topic:null message :null
java.lang.NullPointerException: null
	at org.springframework.amqp.support.converter.SimpleMessageConverter.createMessage(SimpleMessageConverter.java:164)
	at org.springframework.amqp.support.converter.AbstractMessageConverter.createMessage(AbstractMessageConverter.java:88)
	at org.springframework.amqp.support.converter.AbstractMessageConverter.toMessage(AbstractMessageConverter.java:70)
	at org.springframework.amqp.support.converter.AbstractMessageConverter.toMessage(AbstractMessageConverter.java:58)
	at org.springframework.amqp.rabbit.core.RabbitTemplate.convertMessageIfNecessary(RabbitTemplate.java:1861)
	at org.springframework.amqp.rabbit.core.RabbitTemplate.convertAndSend(RabbitTemplate.java:1167)
	at org.springframework.amqp.rabbit.core.RabbitTemplate.convertAndSend(RabbitTemplate.java:1149)
	at cn.good.infrastructure.event.EventPublisher.publish(EventPublisher.java:35)
	at cn.good.infrastructure.persistent.repository.TaskRepository.sendMessage(TaskRepository.java:45)
	at cn.good.infrastructure.persistent.repository.TaskRepository$$FastClassBySpringCGLIB$$10d01039.invoke(<generated>)
	at org.springframework.cglib.proxy.MethodProxy.invoke(MethodProxy.java:218)
	at org.springframework.aop.framework.CglibAopProxy$CglibMethodInvocation.invokeJoinpoint(CglibAopProxy.java:793)
	at org.springframework.aop.framework.ReflectiveMethodInvocation.proceed(ReflectiveMethodInvocation.java:163)
	at org.springframework.aop.framework.CglibAopProxy$CglibMethodInvocation.proceed(CglibAopProxy.java:763)
	at org.springframework.dao.support.PersistenceExceptionTranslationInterceptor.invoke(PersistenceExceptionTranslationInterceptor.java:137)
	at org.springframework.aop.framework.ReflectiveMethodInvocation.proceed(ReflectiveMethodInvocation.java:186)
	at org.springframework.aop.framework.CglibAopProxy$CglibMethodInvocation.proceed(CglibAopProxy.java:763)
	at org.springframework.aop.framework.CglibAopProxy$DynamicAdvisedInterceptor.intercept(CglibAopProxy.java:708)
	at cn.good.infrastructure.persistent.repository.TaskRepository$$EnhancerBySpringCGLIB$$c784bfba.sendMessage(<generated>)
	at cn.good.domain.task.service.TaskService.sendMessage(TaskService.java:29)
	at cn.good.trigger.job.SendMessageTaskJob.exec_db01(SendMessageTaskJob.java:42)
	at sun.reflect.GeneratedMethodAccessor144.invoke(Unknown Source)
	at sun.reflect.DelegatingMethodAccessorImpl.invoke(DelegatingMethodAccessorImpl.java:43)
	at java.lang.reflect.Method.invoke(Method.java:498)
	at org.springframework.scheduling.support.ScheduledMethodRunnable.run(ScheduledMethodRunnable.java:84)
	at org.springframework.scheduling.support.DelegatingErrorHandlingRunnable.run(DelegatingErrorHandlingRunnable.java:54)
	at org.springframework.scheduling.concurrent.ReschedulingRunnable.run(ReschedulingRunnable.java:95)
	at java.util.concurrent.Executors$RunnableAdapter.call(Executors.java:511)
	at java.util.concurrent.FutureTask.run(FutureTask.java:266)
	at java.util.concurrent.ScheduledThreadPoolExecutor$ScheduledFutureTask.access$201(ScheduledThreadPoolExecutor.java:180)
	at java.util.concurrent.ScheduledThreadPoolExecutor$ScheduledFutureTask.run(ScheduledThreadPoolExecutor.java:293)
	at java.util.concurrent.ThreadPoolExecutor.runWorker(ThreadPoolExecutor.java:1149)
	at java.util.concurrent.ThreadPoolExecutor$Worker.run(ThreadPoolExecutor.java:624)
	at java.lang.Thread.run(Thread.java:750)
25-03-31.22:11:55.022 [scheduling-1    ] ERROR SendMessageTaskJob     - 定时任务，发送MQ消息失败 userId: wkm topic: null
25-03-31.22:12:00.009 [scheduling-1    ] ERROR EventPublisher         - 发送MQ消息失败 topic:null message :null
java.lang.NullPointerException: null
	at org.springframework.amqp.support.converter.SimpleMessageConverter.createMessage(SimpleMessageConverter.java:164)
	at org.springframework.amqp.support.converter.AbstractMessageConverter.createMessage(AbstractMessageConverter.java:88)
	at org.springframework.amqp.support.converter.AbstractMessageConverter.toMessage(AbstractMessageConverter.java:70)
	at org.springframework.amqp.support.converter.AbstractMessageConverter.toMessage(AbstractMessageConverter.java:58)
	at org.springframework.amqp.rabbit.core.RabbitTemplate.convertMessageIfNecessary(RabbitTemplate.java:1861)
	at org.springframework.amqp.rabbit.core.RabbitTemplate.convertAndSend(RabbitTemplate.java:1167)
	at org.springframework.amqp.rabbit.core.RabbitTemplate.convertAndSend(RabbitTemplate.java:1149)
	at cn.good.infrastructure.event.EventPublisher.publish(EventPublisher.java:35)
	at cn.good.infrastructure.persistent.repository.TaskRepository.sendMessage(TaskRepository.java:45)
	at cn.good.infrastructure.persistent.repository.TaskRepository$$FastClassBySpringCGLIB$$10d01039.invoke(<generated>)
	at org.springframework.cglib.proxy.MethodProxy.invoke(MethodProxy.java:218)
	at org.springframework.aop.framework.CglibAopProxy$CglibMethodInvocation.invokeJoinpoint(CglibAopProxy.java:793)
	at org.springframework.aop.framework.ReflectiveMethodInvocation.proceed(ReflectiveMethodInvocation.java:163)
	at org.springframework.aop.framework.CglibAopProxy$CglibMethodInvocation.proceed(CglibAopProxy.java:763)
	at org.springframework.dao.support.PersistenceExceptionTranslationInterceptor.invoke(PersistenceExceptionTranslationInterceptor.java:137)
	at org.springframework.aop.framework.ReflectiveMethodInvocation.proceed(ReflectiveMethodInvocation.java:186)
	at org.springframework.aop.framework.CglibAopProxy$CglibMethodInvocation.proceed(CglibAopProxy.java:763)
	at org.springframework.aop.framework.CglibAopProxy$DynamicAdvisedInterceptor.intercept(CglibAopProxy.java:708)
	at cn.good.infrastructure.persistent.repository.TaskRepository$$EnhancerBySpringCGLIB$$c784bfba.sendMessage(<generated>)
	at cn.good.domain.task.service.TaskService.sendMessage(TaskService.java:29)
	at cn.good.trigger.job.SendMessageTaskJob.exec_db01(SendMessageTaskJob.java:42)
	at sun.reflect.GeneratedMethodAccessor144.invoke(Unknown Source)
	at sun.reflect.DelegatingMethodAccessorImpl.invoke(DelegatingMethodAccessorImpl.java:43)
	at java.lang.reflect.Method.invoke(Method.java:498)
	at org.springframework.scheduling.support.ScheduledMethodRunnable.run(ScheduledMethodRunnable.java:84)
	at org.springframework.scheduling.support.DelegatingErrorHandlingRunnable.run(DelegatingErrorHandlingRunnable.java:54)
	at org.springframework.scheduling.concurrent.ReschedulingRunnable.run(ReschedulingRunnable.java:95)
	at java.util.concurrent.Executors$RunnableAdapter.call(Executors.java:511)
	at java.util.concurrent.FutureTask.run(FutureTask.java:266)
	at java.util.concurrent.ScheduledThreadPoolExecutor$ScheduledFutureTask.access$201(ScheduledThreadPoolExecutor.java:180)
	at java.util.concurrent.ScheduledThreadPoolExecutor$ScheduledFutureTask.run(ScheduledThreadPoolExecutor.java:293)
	at java.util.concurrent.ThreadPoolExecutor.runWorker(ThreadPoolExecutor.java:1149)
	at java.util.concurrent.ThreadPoolExecutor$Worker.run(ThreadPoolExecutor.java:624)
	at java.lang.Thread.run(Thread.java:750)
25-03-31.22:12:00.009 [scheduling-1    ] ERROR SendMessageTaskJob     - 定时任务，发送MQ消息失败 userId: wkm topic: null
25-03-31.22:12:00.011 [scheduling-1    ] ERROR EventPublisher         - 发送MQ消息失败 topic:null message :null
java.lang.NullPointerException: null
	at org.springframework.amqp.support.converter.SimpleMessageConverter.createMessage(SimpleMessageConverter.java:164)
	at org.springframework.amqp.support.converter.AbstractMessageConverter.createMessage(AbstractMessageConverter.java:88)
	at org.springframework.amqp.support.converter.AbstractMessageConverter.toMessage(AbstractMessageConverter.java:70)
	at org.springframework.amqp.support.converter.AbstractMessageConverter.toMessage(AbstractMessageConverter.java:58)
	at org.springframework.amqp.rabbit.core.RabbitTemplate.convertMessageIfNecessary(RabbitTemplate.java:1861)
	at org.springframework.amqp.rabbit.core.RabbitTemplate.convertAndSend(RabbitTemplate.java:1167)
	at org.springframework.amqp.rabbit.core.RabbitTemplate.convertAndSend(RabbitTemplate.java:1149)
	at cn.good.infrastructure.event.EventPublisher.publish(EventPublisher.java:35)
	at cn.good.infrastructure.persistent.repository.TaskRepository.sendMessage(TaskRepository.java:45)
	at cn.good.infrastructure.persistent.repository.TaskRepository$$FastClassBySpringCGLIB$$10d01039.invoke(<generated>)
	at org.springframework.cglib.proxy.MethodProxy.invoke(MethodProxy.java:218)
	at org.springframework.aop.framework.CglibAopProxy$CglibMethodInvocation.invokeJoinpoint(CglibAopProxy.java:793)
	at org.springframework.aop.framework.ReflectiveMethodInvocation.proceed(ReflectiveMethodInvocation.java:163)
	at org.springframework.aop.framework.CglibAopProxy$CglibMethodInvocation.proceed(CglibAopProxy.java:763)
	at org.springframework.dao.support.PersistenceExceptionTranslationInterceptor.invoke(PersistenceExceptionTranslationInterceptor.java:137)
	at org.springframework.aop.framework.ReflectiveMethodInvocation.proceed(ReflectiveMethodInvocation.java:186)
	at org.springframework.aop.framework.CglibAopProxy$CglibMethodInvocation.proceed(CglibAopProxy.java:763)
	at org.springframework.aop.framework.CglibAopProxy$DynamicAdvisedInterceptor.intercept(CglibAopProxy.java:708)
	at cn.good.infrastructure.persistent.repository.TaskRepository$$EnhancerBySpringCGLIB$$c784bfba.sendMessage(<generated>)
	at cn.good.domain.task.service.TaskService.sendMessage(TaskService.java:29)
	at cn.good.trigger.job.SendMessageTaskJob.exec_db01(SendMessageTaskJob.java:42)
	at sun.reflect.GeneratedMethodAccessor144.invoke(Unknown Source)
	at sun.reflect.DelegatingMethodAccessorImpl.invoke(DelegatingMethodAccessorImpl.java:43)
	at java.lang.reflect.Method.invoke(Method.java:498)
	at org.springframework.scheduling.support.ScheduledMethodRunnable.run(ScheduledMethodRunnable.java:84)
	at org.springframework.scheduling.support.DelegatingErrorHandlingRunnable.run(DelegatingErrorHandlingRunnable.java:54)
	at org.springframework.scheduling.concurrent.ReschedulingRunnable.run(ReschedulingRunnable.java:95)
	at java.util.concurrent.Executors$RunnableAdapter.call(Executors.java:511)
	at java.util.concurrent.FutureTask.run(FutureTask.java:266)
	at java.util.concurrent.ScheduledThreadPoolExecutor$ScheduledFutureTask.access$201(ScheduledThreadPoolExecutor.java:180)
	at java.util.concurrent.ScheduledThreadPoolExecutor$ScheduledFutureTask.run(ScheduledThreadPoolExecutor.java:293)
	at java.util.concurrent.ThreadPoolExecutor.runWorker(ThreadPoolExecutor.java:1149)
	at java.util.concurrent.ThreadPoolExecutor$Worker.run(ThreadPoolExecutor.java:624)
	at java.lang.Thread.run(Thread.java:750)
25-03-31.22:12:00.011 [scheduling-1    ] ERROR SendMessageTaskJob     - 定时任务，发送MQ消息失败 userId: wkm topic: null
25-03-31.22:12:00.018 [scheduling-1    ] ERROR EventPublisher         - 发送MQ消息失败 topic:null message :null
java.lang.NullPointerException: null
	at org.springframework.amqp.support.converter.SimpleMessageConverter.createMessage(SimpleMessageConverter.java:164)
	at org.springframework.amqp.support.converter.AbstractMessageConverter.createMessage(AbstractMessageConverter.java:88)
	at org.springframework.amqp.support.converter.AbstractMessageConverter.toMessage(AbstractMessageConverter.java:70)
	at org.springframework.amqp.support.converter.AbstractMessageConverter.toMessage(AbstractMessageConverter.java:58)
	at org.springframework.amqp.rabbit.core.RabbitTemplate.convertMessageIfNecessary(RabbitTemplate.java:1861)
	at org.springframework.amqp.rabbit.core.RabbitTemplate.convertAndSend(RabbitTemplate.java:1167)
	at org.springframework.amqp.rabbit.core.RabbitTemplate.convertAndSend(RabbitTemplate.java:1149)
	at cn.good.infrastructure.event.EventPublisher.publish(EventPublisher.java:35)
	at cn.good.infrastructure.persistent.repository.TaskRepository.sendMessage(TaskRepository.java:45)
	at cn.good.infrastructure.persistent.repository.TaskRepository$$FastClassBySpringCGLIB$$10d01039.invoke(<generated>)
	at org.springframework.cglib.proxy.MethodProxy.invoke(MethodProxy.java:218)
	at org.springframework.aop.framework.CglibAopProxy$CglibMethodInvocation.invokeJoinpoint(CglibAopProxy.java:793)
	at org.springframework.aop.framework.ReflectiveMethodInvocation.proceed(ReflectiveMethodInvocation.java:163)
	at org.springframework.aop.framework.CglibAopProxy$CglibMethodInvocation.proceed(CglibAopProxy.java:763)
	at org.springframework.dao.support.PersistenceExceptionTranslationInterceptor.invoke(PersistenceExceptionTranslationInterceptor.java:137)
	at org.springframework.aop.framework.ReflectiveMethodInvocation.proceed(ReflectiveMethodInvocation.java:186)
	at org.springframework.aop.framework.CglibAopProxy$CglibMethodInvocation.proceed(CglibAopProxy.java:763)
	at org.springframework.aop.framework.CglibAopProxy$DynamicAdvisedInterceptor.intercept(CglibAopProxy.java:708)
	at cn.good.infrastructure.persistent.repository.TaskRepository$$EnhancerBySpringCGLIB$$c784bfba.sendMessage(<generated>)
	at cn.good.domain.task.service.TaskService.sendMessage(TaskService.java:29)
	at cn.good.trigger.job.SendMessageTaskJob.exec_db01(SendMessageTaskJob.java:42)
	at sun.reflect.GeneratedMethodAccessor144.invoke(Unknown Source)
	at sun.reflect.DelegatingMethodAccessorImpl.invoke(DelegatingMethodAccessorImpl.java:43)
	at java.lang.reflect.Method.invoke(Method.java:498)
	at org.springframework.scheduling.support.ScheduledMethodRunnable.run(ScheduledMethodRunnable.java:84)
	at org.springframework.scheduling.support.DelegatingErrorHandlingRunnable.run(DelegatingErrorHandlingRunnable.java:54)
	at org.springframework.scheduling.concurrent.ReschedulingRunnable.run(ReschedulingRunnable.java:95)
	at java.util.concurrent.Executors$RunnableAdapter.call(Executors.java:511)
	at java.util.concurrent.FutureTask.run(FutureTask.java:266)
	at java.util.concurrent.ScheduledThreadPoolExecutor$ScheduledFutureTask.access$201(ScheduledThreadPoolExecutor.java:180)
	at java.util.concurrent.ScheduledThreadPoolExecutor$ScheduledFutureTask.run(ScheduledThreadPoolExecutor.java:293)
	at java.util.concurrent.ThreadPoolExecutor.runWorker(ThreadPoolExecutor.java:1149)
	at java.util.concurrent.ThreadPoolExecutor$Worker.run(ThreadPoolExecutor.java:624)
	at java.lang.Thread.run(Thread.java:750)
25-03-31.22:12:00.018 [scheduling-1    ] ERROR SendMessageTaskJob     - 定时任务，发送MQ消息失败 userId: wkm topic: null
25-03-31.22:12:05.011 [scheduling-1    ] ERROR EventPublisher         - 发送MQ消息失败 topic:null message :null
java.lang.NullPointerException: null
	at org.springframework.amqp.support.converter.SimpleMessageConverter.createMessage(SimpleMessageConverter.java:164)
	at org.springframework.amqp.support.converter.AbstractMessageConverter.createMessage(AbstractMessageConverter.java:88)
	at org.springframework.amqp.support.converter.AbstractMessageConverter.toMessage(AbstractMessageConverter.java:70)
	at org.springframework.amqp.support.converter.AbstractMessageConverter.toMessage(AbstractMessageConverter.java:58)
	at org.springframework.amqp.rabbit.core.RabbitTemplate.convertMessageIfNecessary(RabbitTemplate.java:1861)
	at org.springframework.amqp.rabbit.core.RabbitTemplate.convertAndSend(RabbitTemplate.java:1167)
	at org.springframework.amqp.rabbit.core.RabbitTemplate.convertAndSend(RabbitTemplate.java:1149)
	at cn.good.infrastructure.event.EventPublisher.publish(EventPublisher.java:35)
	at cn.good.infrastructure.persistent.repository.TaskRepository.sendMessage(TaskRepository.java:45)
	at cn.good.infrastructure.persistent.repository.TaskRepository$$FastClassBySpringCGLIB$$10d01039.invoke(<generated>)
	at org.springframework.cglib.proxy.MethodProxy.invoke(MethodProxy.java:218)
	at org.springframework.aop.framework.CglibAopProxy$CglibMethodInvocation.invokeJoinpoint(CglibAopProxy.java:793)
	at org.springframework.aop.framework.ReflectiveMethodInvocation.proceed(ReflectiveMethodInvocation.java:163)
	at org.springframework.aop.framework.CglibAopProxy$CglibMethodInvocation.proceed(CglibAopProxy.java:763)
	at org.springframework.dao.support.PersistenceExceptionTranslationInterceptor.invoke(PersistenceExceptionTranslationInterceptor.java:137)
	at org.springframework.aop.framework.ReflectiveMethodInvocation.proceed(ReflectiveMethodInvocation.java:186)
	at org.springframework.aop.framework.CglibAopProxy$CglibMethodInvocation.proceed(CglibAopProxy.java:763)
	at org.springframework.aop.framework.CglibAopProxy$DynamicAdvisedInterceptor.intercept(CglibAopProxy.java:708)
	at cn.good.infrastructure.persistent.repository.TaskRepository$$EnhancerBySpringCGLIB$$c784bfba.sendMessage(<generated>)
	at cn.good.domain.task.service.TaskService.sendMessage(TaskService.java:29)
	at cn.good.trigger.job.SendMessageTaskJob.exec_db01(SendMessageTaskJob.java:42)
	at sun.reflect.GeneratedMethodAccessor144.invoke(Unknown Source)
	at sun.reflect.DelegatingMethodAccessorImpl.invoke(DelegatingMethodAccessorImpl.java:43)
	at java.lang.reflect.Method.invoke(Method.java:498)
	at org.springframework.scheduling.support.ScheduledMethodRunnable.run(ScheduledMethodRunnable.java:84)
	at org.springframework.scheduling.support.DelegatingErrorHandlingRunnable.run(DelegatingErrorHandlingRunnable.java:54)
	at org.springframework.scheduling.concurrent.ReschedulingRunnable.run(ReschedulingRunnable.java:95)
	at java.util.concurrent.Executors$RunnableAdapter.call(Executors.java:511)
	at java.util.concurrent.FutureTask.run(FutureTask.java:266)
	at java.util.concurrent.ScheduledThreadPoolExecutor$ScheduledFutureTask.access$201(ScheduledThreadPoolExecutor.java:180)
	at java.util.concurrent.ScheduledThreadPoolExecutor$ScheduledFutureTask.run(ScheduledThreadPoolExecutor.java:293)
	at java.util.concurrent.ThreadPoolExecutor.runWorker(ThreadPoolExecutor.java:1149)
	at java.util.concurrent.ThreadPoolExecutor$Worker.run(ThreadPoolExecutor.java:624)
	at java.lang.Thread.run(Thread.java:750)
25-03-31.22:12:05.011 [scheduling-1    ] ERROR SendMessageTaskJob     - 定时任务，发送MQ消息失败 userId: wkm topic: null
25-03-31.22:12:05.015 [scheduling-1    ] ERROR EventPublisher         - 发送MQ消息失败 topic:null message :null
java.lang.NullPointerException: null
	at org.springframework.amqp.support.converter.SimpleMessageConverter.createMessage(SimpleMessageConverter.java:164)
	at org.springframework.amqp.support.converter.AbstractMessageConverter.createMessage(AbstractMessageConverter.java:88)
	at org.springframework.amqp.support.converter.AbstractMessageConverter.toMessage(AbstractMessageConverter.java:70)
	at org.springframework.amqp.support.converter.AbstractMessageConverter.toMessage(AbstractMessageConverter.java:58)
	at org.springframework.amqp.rabbit.core.RabbitTemplate.convertMessageIfNecessary(RabbitTemplate.java:1861)
	at org.springframework.amqp.rabbit.core.RabbitTemplate.convertAndSend(RabbitTemplate.java:1167)
	at org.springframework.amqp.rabbit.core.RabbitTemplate.convertAndSend(RabbitTemplate.java:1149)
	at cn.good.infrastructure.event.EventPublisher.publish(EventPublisher.java:35)
	at cn.good.infrastructure.persistent.repository.TaskRepository.sendMessage(TaskRepository.java:45)
	at cn.good.infrastructure.persistent.repository.TaskRepository$$FastClassBySpringCGLIB$$10d01039.invoke(<generated>)
	at org.springframework.cglib.proxy.MethodProxy.invoke(MethodProxy.java:218)
	at org.springframework.aop.framework.CglibAopProxy$CglibMethodInvocation.invokeJoinpoint(CglibAopProxy.java:793)
	at org.springframework.aop.framework.ReflectiveMethodInvocation.proceed(ReflectiveMethodInvocation.java:163)
	at org.springframework.aop.framework.CglibAopProxy$CglibMethodInvocation.proceed(CglibAopProxy.java:763)
	at org.springframework.dao.support.PersistenceExceptionTranslationInterceptor.invoke(PersistenceExceptionTranslationInterceptor.java:137)
	at org.springframework.aop.framework.ReflectiveMethodInvocation.proceed(ReflectiveMethodInvocation.java:186)
	at org.springframework.aop.framework.CglibAopProxy$CglibMethodInvocation.proceed(CglibAopProxy.java:763)
	at org.springframework.aop.framework.CglibAopProxy$DynamicAdvisedInterceptor.intercept(CglibAopProxy.java:708)
	at cn.good.infrastructure.persistent.repository.TaskRepository$$EnhancerBySpringCGLIB$$c784bfba.sendMessage(<generated>)
	at cn.good.domain.task.service.TaskService.sendMessage(TaskService.java:29)
	at cn.good.trigger.job.SendMessageTaskJob.exec_db01(SendMessageTaskJob.java:42)
	at sun.reflect.GeneratedMethodAccessor144.invoke(Unknown Source)
	at sun.reflect.DelegatingMethodAccessorImpl.invoke(DelegatingMethodAccessorImpl.java:43)
	at java.lang.reflect.Method.invoke(Method.java:498)
	at org.springframework.scheduling.support.ScheduledMethodRunnable.run(ScheduledMethodRunnable.java:84)
	at org.springframework.scheduling.support.DelegatingErrorHandlingRunnable.run(DelegatingErrorHandlingRunnable.java:54)
	at org.springframework.scheduling.concurrent.ReschedulingRunnable.run(ReschedulingRunnable.java:95)
	at java.util.concurrent.Executors$RunnableAdapter.call(Executors.java:511)
	at java.util.concurrent.FutureTask.run(FutureTask.java:266)
	at java.util.concurrent.ScheduledThreadPoolExecutor$ScheduledFutureTask.access$201(ScheduledThreadPoolExecutor.java:180)
	at java.util.concurrent.ScheduledThreadPoolExecutor$ScheduledFutureTask.run(ScheduledThreadPoolExecutor.java:293)
	at java.util.concurrent.ThreadPoolExecutor.runWorker(ThreadPoolExecutor.java:1149)
	at java.util.concurrent.ThreadPoolExecutor$Worker.run(ThreadPoolExecutor.java:624)
	at java.lang.Thread.run(Thread.java:750)
25-03-31.22:12:05.015 [scheduling-1    ] ERROR SendMessageTaskJob     - 定时任务，发送MQ消息失败 userId: wkm topic: null
25-03-31.22:12:05.017 [scheduling-1    ] ERROR EventPublisher         - 发送MQ消息失败 topic:null message :null
java.lang.NullPointerException: null
	at org.springframework.amqp.support.converter.SimpleMessageConverter.createMessage(SimpleMessageConverter.java:164)
	at org.springframework.amqp.support.converter.AbstractMessageConverter.createMessage(AbstractMessageConverter.java:88)
	at org.springframework.amqp.support.converter.AbstractMessageConverter.toMessage(AbstractMessageConverter.java:70)
	at org.springframework.amqp.support.converter.AbstractMessageConverter.toMessage(AbstractMessageConverter.java:58)
	at org.springframework.amqp.rabbit.core.RabbitTemplate.convertMessageIfNecessary(RabbitTemplate.java:1861)
	at org.springframework.amqp.rabbit.core.RabbitTemplate.convertAndSend(RabbitTemplate.java:1167)
	at org.springframework.amqp.rabbit.core.RabbitTemplate.convertAndSend(RabbitTemplate.java:1149)
	at cn.good.infrastructure.event.EventPublisher.publish(EventPublisher.java:35)
	at cn.good.infrastructure.persistent.repository.TaskRepository.sendMessage(TaskRepository.java:45)
	at cn.good.infrastructure.persistent.repository.TaskRepository$$FastClassBySpringCGLIB$$10d01039.invoke(<generated>)
	at org.springframework.cglib.proxy.MethodProxy.invoke(MethodProxy.java:218)
	at org.springframework.aop.framework.CglibAopProxy$CglibMethodInvocation.invokeJoinpoint(CglibAopProxy.java:793)
	at org.springframework.aop.framework.ReflectiveMethodInvocation.proceed(ReflectiveMethodInvocation.java:163)
	at org.springframework.aop.framework.CglibAopProxy$CglibMethodInvocation.proceed(CglibAopProxy.java:763)
	at org.springframework.dao.support.PersistenceExceptionTranslationInterceptor.invoke(PersistenceExceptionTranslationInterceptor.java:137)
	at org.springframework.aop.framework.ReflectiveMethodInvocation.proceed(ReflectiveMethodInvocation.java:186)
	at org.springframework.aop.framework.CglibAopProxy$CglibMethodInvocation.proceed(CglibAopProxy.java:763)
	at org.springframework.aop.framework.CglibAopProxy$DynamicAdvisedInterceptor.intercept(CglibAopProxy.java:708)
	at cn.good.infrastructure.persistent.repository.TaskRepository$$EnhancerBySpringCGLIB$$c784bfba.sendMessage(<generated>)
	at cn.good.domain.task.service.TaskService.sendMessage(TaskService.java:29)
	at cn.good.trigger.job.SendMessageTaskJob.exec_db01(SendMessageTaskJob.java:42)
	at sun.reflect.GeneratedMethodAccessor144.invoke(Unknown Source)
	at sun.reflect.DelegatingMethodAccessorImpl.invoke(DelegatingMethodAccessorImpl.java:43)
	at java.lang.reflect.Method.invoke(Method.java:498)
	at org.springframework.scheduling.support.ScheduledMethodRunnable.run(ScheduledMethodRunnable.java:84)
	at org.springframework.scheduling.support.DelegatingErrorHandlingRunnable.run(DelegatingErrorHandlingRunnable.java:54)
	at org.springframework.scheduling.concurrent.ReschedulingRunnable.run(ReschedulingRunnable.java:95)
	at java.util.concurrent.Executors$RunnableAdapter.call(Executors.java:511)
	at java.util.concurrent.FutureTask.run(FutureTask.java:266)
	at java.util.concurrent.ScheduledThreadPoolExecutor$ScheduledFutureTask.access$201(ScheduledThreadPoolExecutor.java:180)
	at java.util.concurrent.ScheduledThreadPoolExecutor$ScheduledFutureTask.run(ScheduledThreadPoolExecutor.java:293)
	at java.util.concurrent.ThreadPoolExecutor.runWorker(ThreadPoolExecutor.java:1149)
	at java.util.concurrent.ThreadPoolExecutor$Worker.run(ThreadPoolExecutor.java:624)
	at java.lang.Thread.run(Thread.java:750)
25-03-31.22:12:05.018 [scheduling-1    ] ERROR SendMessageTaskJob     - 定时任务，发送MQ消息失败 userId: wkm topic: null
25-03-31.22:12:10.022 [scheduling-1    ] ERROR EventPublisher         - 发送MQ消息失败 topic:null message :null
java.lang.NullPointerException: null
	at org.springframework.amqp.support.converter.SimpleMessageConverter.createMessage(SimpleMessageConverter.java:164)
	at org.springframework.amqp.support.converter.AbstractMessageConverter.createMessage(AbstractMessageConverter.java:88)
	at org.springframework.amqp.support.converter.AbstractMessageConverter.toMessage(AbstractMessageConverter.java:70)
	at org.springframework.amqp.support.converter.AbstractMessageConverter.toMessage(AbstractMessageConverter.java:58)
	at org.springframework.amqp.rabbit.core.RabbitTemplate.convertMessageIfNecessary(RabbitTemplate.java:1861)
	at org.springframework.amqp.rabbit.core.RabbitTemplate.convertAndSend(RabbitTemplate.java:1167)
	at org.springframework.amqp.rabbit.core.RabbitTemplate.convertAndSend(RabbitTemplate.java:1149)
	at cn.good.infrastructure.event.EventPublisher.publish(EventPublisher.java:35)
	at cn.good.infrastructure.persistent.repository.TaskRepository.sendMessage(TaskRepository.java:45)
	at cn.good.infrastructure.persistent.repository.TaskRepository$$FastClassBySpringCGLIB$$10d01039.invoke(<generated>)
	at org.springframework.cglib.proxy.MethodProxy.invoke(MethodProxy.java:218)
	at org.springframework.aop.framework.CglibAopProxy$CglibMethodInvocation.invokeJoinpoint(CglibAopProxy.java:793)
	at org.springframework.aop.framework.ReflectiveMethodInvocation.proceed(ReflectiveMethodInvocation.java:163)
	at org.springframework.aop.framework.CglibAopProxy$CglibMethodInvocation.proceed(CglibAopProxy.java:763)
	at org.springframework.dao.support.PersistenceExceptionTranslationInterceptor.invoke(PersistenceExceptionTranslationInterceptor.java:137)
	at org.springframework.aop.framework.ReflectiveMethodInvocation.proceed(ReflectiveMethodInvocation.java:186)
	at org.springframework.aop.framework.CglibAopProxy$CglibMethodInvocation.proceed(CglibAopProxy.java:763)
	at org.springframework.aop.framework.CglibAopProxy$DynamicAdvisedInterceptor.intercept(CglibAopProxy.java:708)
	at cn.good.infrastructure.persistent.repository.TaskRepository$$EnhancerBySpringCGLIB$$c784bfba.sendMessage(<generated>)
	at cn.good.domain.task.service.TaskService.sendMessage(TaskService.java:29)
	at cn.good.trigger.job.SendMessageTaskJob.exec_db01(SendMessageTaskJob.java:42)
	at sun.reflect.GeneratedMethodAccessor144.invoke(Unknown Source)
	at sun.reflect.DelegatingMethodAccessorImpl.invoke(DelegatingMethodAccessorImpl.java:43)
	at java.lang.reflect.Method.invoke(Method.java:498)
	at org.springframework.scheduling.support.ScheduledMethodRunnable.run(ScheduledMethodRunnable.java:84)
	at org.springframework.scheduling.support.DelegatingErrorHandlingRunnable.run(DelegatingErrorHandlingRunnable.java:54)
	at org.springframework.scheduling.concurrent.ReschedulingRunnable.run(ReschedulingRunnable.java:95)
	at java.util.concurrent.Executors$RunnableAdapter.call(Executors.java:511)
	at java.util.concurrent.FutureTask.run(FutureTask.java:266)
	at java.util.concurrent.ScheduledThreadPoolExecutor$ScheduledFutureTask.access$201(ScheduledThreadPoolExecutor.java:180)
	at java.util.concurrent.ScheduledThreadPoolExecutor$ScheduledFutureTask.run(ScheduledThreadPoolExecutor.java:293)
	at java.util.concurrent.ThreadPoolExecutor.runWorker(ThreadPoolExecutor.java:1149)
	at java.util.concurrent.ThreadPoolExecutor$Worker.run(ThreadPoolExecutor.java:624)
	at java.lang.Thread.run(Thread.java:750)
25-03-31.22:12:10.022 [scheduling-1    ] ERROR SendMessageTaskJob     - 定时任务，发送MQ消息失败 userId: wkm topic: null
25-03-31.22:12:10.023 [scheduling-1    ] ERROR EventPublisher         - 发送MQ消息失败 topic:null message :null
java.lang.NullPointerException: null
	at org.springframework.amqp.support.converter.SimpleMessageConverter.createMessage(SimpleMessageConverter.java:164)
	at org.springframework.amqp.support.converter.AbstractMessageConverter.createMessage(AbstractMessageConverter.java:88)
	at org.springframework.amqp.support.converter.AbstractMessageConverter.toMessage(AbstractMessageConverter.java:70)
	at org.springframework.amqp.support.converter.AbstractMessageConverter.toMessage(AbstractMessageConverter.java:58)
	at org.springframework.amqp.rabbit.core.RabbitTemplate.convertMessageIfNecessary(RabbitTemplate.java:1861)
	at org.springframework.amqp.rabbit.core.RabbitTemplate.convertAndSend(RabbitTemplate.java:1167)
	at org.springframework.amqp.rabbit.core.RabbitTemplate.convertAndSend(RabbitTemplate.java:1149)
	at cn.good.infrastructure.event.EventPublisher.publish(EventPublisher.java:35)
	at cn.good.infrastructure.persistent.repository.TaskRepository.sendMessage(TaskRepository.java:45)
	at cn.good.infrastructure.persistent.repository.TaskRepository$$FastClassBySpringCGLIB$$10d01039.invoke(<generated>)
	at org.springframework.cglib.proxy.MethodProxy.invoke(MethodProxy.java:218)
	at org.springframework.aop.framework.CglibAopProxy$CglibMethodInvocation.invokeJoinpoint(CglibAopProxy.java:793)
	at org.springframework.aop.framework.ReflectiveMethodInvocation.proceed(ReflectiveMethodInvocation.java:163)
	at org.springframework.aop.framework.CglibAopProxy$CglibMethodInvocation.proceed(CglibAopProxy.java:763)
	at org.springframework.dao.support.PersistenceExceptionTranslationInterceptor.invoke(PersistenceExceptionTranslationInterceptor.java:137)
	at org.springframework.aop.framework.ReflectiveMethodInvocation.proceed(ReflectiveMethodInvocation.java:186)
	at org.springframework.aop.framework.CglibAopProxy$CglibMethodInvocation.proceed(CglibAopProxy.java:763)
	at org.springframework.aop.framework.CglibAopProxy$DynamicAdvisedInterceptor.intercept(CglibAopProxy.java:708)
	at cn.good.infrastructure.persistent.repository.TaskRepository$$EnhancerBySpringCGLIB$$c784bfba.sendMessage(<generated>)
	at cn.good.domain.task.service.TaskService.sendMessage(TaskService.java:29)
	at cn.good.trigger.job.SendMessageTaskJob.exec_db01(SendMessageTaskJob.java:42)
	at sun.reflect.GeneratedMethodAccessor144.invoke(Unknown Source)
	at sun.reflect.DelegatingMethodAccessorImpl.invoke(DelegatingMethodAccessorImpl.java:43)
	at java.lang.reflect.Method.invoke(Method.java:498)
	at org.springframework.scheduling.support.ScheduledMethodRunnable.run(ScheduledMethodRunnable.java:84)
	at org.springframework.scheduling.support.DelegatingErrorHandlingRunnable.run(DelegatingErrorHandlingRunnable.java:54)
	at org.springframework.scheduling.concurrent.ReschedulingRunnable.run(ReschedulingRunnable.java:95)
	at java.util.concurrent.Executors$RunnableAdapter.call(Executors.java:511)
	at java.util.concurrent.FutureTask.run(FutureTask.java:266)
	at java.util.concurrent.ScheduledThreadPoolExecutor$ScheduledFutureTask.access$201(ScheduledThreadPoolExecutor.java:180)
	at java.util.concurrent.ScheduledThreadPoolExecutor$ScheduledFutureTask.run(ScheduledThreadPoolExecutor.java:293)
	at java.util.concurrent.ThreadPoolExecutor.runWorker(ThreadPoolExecutor.java:1149)
	at java.util.concurrent.ThreadPoolExecutor$Worker.run(ThreadPoolExecutor.java:624)
	at java.lang.Thread.run(Thread.java:750)
25-03-31.22:12:10.023 [scheduling-1    ] ERROR SendMessageTaskJob     - 定时任务，发送MQ消息失败 userId: wkm topic: null
25-03-31.22:12:10.025 [scheduling-1    ] ERROR EventPublisher         - 发送MQ消息失败 topic:null message :null
java.lang.NullPointerException: null
	at org.springframework.amqp.support.converter.SimpleMessageConverter.createMessage(SimpleMessageConverter.java:164)
	at org.springframework.amqp.support.converter.AbstractMessageConverter.createMessage(AbstractMessageConverter.java:88)
	at org.springframework.amqp.support.converter.AbstractMessageConverter.toMessage(AbstractMessageConverter.java:70)
	at org.springframework.amqp.support.converter.AbstractMessageConverter.toMessage(AbstractMessageConverter.java:58)
	at org.springframework.amqp.rabbit.core.RabbitTemplate.convertMessageIfNecessary(RabbitTemplate.java:1861)
	at org.springframework.amqp.rabbit.core.RabbitTemplate.convertAndSend(RabbitTemplate.java:1167)
	at org.springframework.amqp.rabbit.core.RabbitTemplate.convertAndSend(RabbitTemplate.java:1149)
	at cn.good.infrastructure.event.EventPublisher.publish(EventPublisher.java:35)
	at cn.good.infrastructure.persistent.repository.TaskRepository.sendMessage(TaskRepository.java:45)
	at cn.good.infrastructure.persistent.repository.TaskRepository$$FastClassBySpringCGLIB$$10d01039.invoke(<generated>)
	at org.springframework.cglib.proxy.MethodProxy.invoke(MethodProxy.java:218)
	at org.springframework.aop.framework.CglibAopProxy$CglibMethodInvocation.invokeJoinpoint(CglibAopProxy.java:793)
	at org.springframework.aop.framework.ReflectiveMethodInvocation.proceed(ReflectiveMethodInvocation.java:163)
	at org.springframework.aop.framework.CglibAopProxy$CglibMethodInvocation.proceed(CglibAopProxy.java:763)
	at org.springframework.dao.support.PersistenceExceptionTranslationInterceptor.invoke(PersistenceExceptionTranslationInterceptor.java:137)
	at org.springframework.aop.framework.ReflectiveMethodInvocation.proceed(ReflectiveMethodInvocation.java:186)
	at org.springframework.aop.framework.CglibAopProxy$CglibMethodInvocation.proceed(CglibAopProxy.java:763)
	at org.springframework.aop.framework.CglibAopProxy$DynamicAdvisedInterceptor.intercept(CglibAopProxy.java:708)
	at cn.good.infrastructure.persistent.repository.TaskRepository$$EnhancerBySpringCGLIB$$c784bfba.sendMessage(<generated>)
	at cn.good.domain.task.service.TaskService.sendMessage(TaskService.java:29)
	at cn.good.trigger.job.SendMessageTaskJob.exec_db01(SendMessageTaskJob.java:42)
	at sun.reflect.GeneratedMethodAccessor144.invoke(Unknown Source)
	at sun.reflect.DelegatingMethodAccessorImpl.invoke(DelegatingMethodAccessorImpl.java:43)
	at java.lang.reflect.Method.invoke(Method.java:498)
	at org.springframework.scheduling.support.ScheduledMethodRunnable.run(ScheduledMethodRunnable.java:84)
	at org.springframework.scheduling.support.DelegatingErrorHandlingRunnable.run(DelegatingErrorHandlingRunnable.java:54)
	at org.springframework.scheduling.concurrent.ReschedulingRunnable.run(ReschedulingRunnable.java:95)
	at java.util.concurrent.Executors$RunnableAdapter.call(Executors.java:511)
	at java.util.concurrent.FutureTask.run(FutureTask.java:266)
	at java.util.concurrent.ScheduledThreadPoolExecutor$ScheduledFutureTask.access$201(ScheduledThreadPoolExecutor.java:180)
	at java.util.concurrent.ScheduledThreadPoolExecutor$ScheduledFutureTask.run(ScheduledThreadPoolExecutor.java:293)
	at java.util.concurrent.ThreadPoolExecutor.runWorker(ThreadPoolExecutor.java:1149)
	at java.util.concurrent.ThreadPoolExecutor$Worker.run(ThreadPoolExecutor.java:624)
	at java.lang.Thread.run(Thread.java:750)
25-03-31.22:12:10.025 [scheduling-1    ] ERROR SendMessageTaskJob     - 定时任务，发送MQ消息失败 userId: wkm topic: null
25-03-31.22:12:15.020 [scheduling-1    ] ERROR EventPublisher         - 发送MQ消息失败 topic:null message :null
java.lang.NullPointerException: null
	at org.springframework.amqp.support.converter.SimpleMessageConverter.createMessage(SimpleMessageConverter.java:164)
	at org.springframework.amqp.support.converter.AbstractMessageConverter.createMessage(AbstractMessageConverter.java:88)
	at org.springframework.amqp.support.converter.AbstractMessageConverter.toMessage(AbstractMessageConverter.java:70)
	at org.springframework.amqp.support.converter.AbstractMessageConverter.toMessage(AbstractMessageConverter.java:58)
	at org.springframework.amqp.rabbit.core.RabbitTemplate.convertMessageIfNecessary(RabbitTemplate.java:1861)
	at org.springframework.amqp.rabbit.core.RabbitTemplate.convertAndSend(RabbitTemplate.java:1167)
	at org.springframework.amqp.rabbit.core.RabbitTemplate.convertAndSend(RabbitTemplate.java:1149)
	at cn.good.infrastructure.event.EventPublisher.publish(EventPublisher.java:35)
	at cn.good.infrastructure.persistent.repository.TaskRepository.sendMessage(TaskRepository.java:45)
	at cn.good.infrastructure.persistent.repository.TaskRepository$$FastClassBySpringCGLIB$$10d01039.invoke(<generated>)
	at org.springframework.cglib.proxy.MethodProxy.invoke(MethodProxy.java:218)
	at org.springframework.aop.framework.CglibAopProxy$CglibMethodInvocation.invokeJoinpoint(CglibAopProxy.java:793)
	at org.springframework.aop.framework.ReflectiveMethodInvocation.proceed(ReflectiveMethodInvocation.java:163)
	at org.springframework.aop.framework.CglibAopProxy$CglibMethodInvocation.proceed(CglibAopProxy.java:763)
	at org.springframework.dao.support.PersistenceExceptionTranslationInterceptor.invoke(PersistenceExceptionTranslationInterceptor.java:137)
	at org.springframework.aop.framework.ReflectiveMethodInvocation.proceed(ReflectiveMethodInvocation.java:186)
	at org.springframework.aop.framework.CglibAopProxy$CglibMethodInvocation.proceed(CglibAopProxy.java:763)
	at org.springframework.aop.framework.CglibAopProxy$DynamicAdvisedInterceptor.intercept(CglibAopProxy.java:708)
	at cn.good.infrastructure.persistent.repository.TaskRepository$$EnhancerBySpringCGLIB$$c784bfba.sendMessage(<generated>)
	at cn.good.domain.task.service.TaskService.sendMessage(TaskService.java:29)
	at cn.good.trigger.job.SendMessageTaskJob.exec_db01(SendMessageTaskJob.java:42)
	at sun.reflect.GeneratedMethodAccessor144.invoke(Unknown Source)
	at sun.reflect.DelegatingMethodAccessorImpl.invoke(DelegatingMethodAccessorImpl.java:43)
	at java.lang.reflect.Method.invoke(Method.java:498)
	at org.springframework.scheduling.support.ScheduledMethodRunnable.run(ScheduledMethodRunnable.java:84)
	at org.springframework.scheduling.support.DelegatingErrorHandlingRunnable.run(DelegatingErrorHandlingRunnable.java:54)
	at org.springframework.scheduling.concurrent.ReschedulingRunnable.run(ReschedulingRunnable.java:95)
	at java.util.concurrent.Executors$RunnableAdapter.call(Executors.java:511)
	at java.util.concurrent.FutureTask.run(FutureTask.java:266)
	at java.util.concurrent.ScheduledThreadPoolExecutor$ScheduledFutureTask.access$201(ScheduledThreadPoolExecutor.java:180)
	at java.util.concurrent.ScheduledThreadPoolExecutor$ScheduledFutureTask.run(ScheduledThreadPoolExecutor.java:293)
	at java.util.concurrent.ThreadPoolExecutor.runWorker(ThreadPoolExecutor.java:1149)
	at java.util.concurrent.ThreadPoolExecutor$Worker.run(ThreadPoolExecutor.java:624)
	at java.lang.Thread.run(Thread.java:750)
25-03-31.22:12:15.020 [scheduling-1    ] ERROR SendMessageTaskJob     - 定时任务，发送MQ消息失败 userId: wkm topic: null
25-03-31.22:12:15.022 [scheduling-1    ] ERROR EventPublisher         - 发送MQ消息失败 topic:null message :null
java.lang.NullPointerException: null
	at org.springframework.amqp.support.converter.SimpleMessageConverter.createMessage(SimpleMessageConverter.java:164)
	at org.springframework.amqp.support.converter.AbstractMessageConverter.createMessage(AbstractMessageConverter.java:88)
	at org.springframework.amqp.support.converter.AbstractMessageConverter.toMessage(AbstractMessageConverter.java:70)
	at org.springframework.amqp.support.converter.AbstractMessageConverter.toMessage(AbstractMessageConverter.java:58)
	at org.springframework.amqp.rabbit.core.RabbitTemplate.convertMessageIfNecessary(RabbitTemplate.java:1861)
	at org.springframework.amqp.rabbit.core.RabbitTemplate.convertAndSend(RabbitTemplate.java:1167)
	at org.springframework.amqp.rabbit.core.RabbitTemplate.convertAndSend(RabbitTemplate.java:1149)
	at cn.good.infrastructure.event.EventPublisher.publish(EventPublisher.java:35)
	at cn.good.infrastructure.persistent.repository.TaskRepository.sendMessage(TaskRepository.java:45)
	at cn.good.infrastructure.persistent.repository.TaskRepository$$FastClassBySpringCGLIB$$10d01039.invoke(<generated>)
	at org.springframework.cglib.proxy.MethodProxy.invoke(MethodProxy.java:218)
	at org.springframework.aop.framework.CglibAopProxy$CglibMethodInvocation.invokeJoinpoint(CglibAopProxy.java:793)
	at org.springframework.aop.framework.ReflectiveMethodInvocation.proceed(ReflectiveMethodInvocation.java:163)
	at org.springframework.aop.framework.CglibAopProxy$CglibMethodInvocation.proceed(CglibAopProxy.java:763)
	at org.springframework.dao.support.PersistenceExceptionTranslationInterceptor.invoke(PersistenceExceptionTranslationInterceptor.java:137)
	at org.springframework.aop.framework.ReflectiveMethodInvocation.proceed(ReflectiveMethodInvocation.java:186)
	at org.springframework.aop.framework.CglibAopProxy$CglibMethodInvocation.proceed(CglibAopProxy.java:763)
	at org.springframework.aop.framework.CglibAopProxy$DynamicAdvisedInterceptor.intercept(CglibAopProxy.java:708)
	at cn.good.infrastructure.persistent.repository.TaskRepository$$EnhancerBySpringCGLIB$$c784bfba.sendMessage(<generated>)
	at cn.good.domain.task.service.TaskService.sendMessage(TaskService.java:29)
	at cn.good.trigger.job.SendMessageTaskJob.exec_db01(SendMessageTaskJob.java:42)
	at sun.reflect.GeneratedMethodAccessor144.invoke(Unknown Source)
	at sun.reflect.DelegatingMethodAccessorImpl.invoke(DelegatingMethodAccessorImpl.java:43)
	at java.lang.reflect.Method.invoke(Method.java:498)
	at org.springframework.scheduling.support.ScheduledMethodRunnable.run(ScheduledMethodRunnable.java:84)
	at org.springframework.scheduling.support.DelegatingErrorHandlingRunnable.run(DelegatingErrorHandlingRunnable.java:54)
	at org.springframework.scheduling.concurrent.ReschedulingRunnable.run(ReschedulingRunnable.java:95)
	at java.util.concurrent.Executors$RunnableAdapter.call(Executors.java:511)
	at java.util.concurrent.FutureTask.run(FutureTask.java:266)
	at java.util.concurrent.ScheduledThreadPoolExecutor$ScheduledFutureTask.access$201(ScheduledThreadPoolExecutor.java:180)
	at java.util.concurrent.ScheduledThreadPoolExecutor$ScheduledFutureTask.run(ScheduledThreadPoolExecutor.java:293)
	at java.util.concurrent.ThreadPoolExecutor.runWorker(ThreadPoolExecutor.java:1149)
	at java.util.concurrent.ThreadPoolExecutor$Worker.run(ThreadPoolExecutor.java:624)
	at java.lang.Thread.run(Thread.java:750)
25-03-31.22:12:15.022 [scheduling-1    ] ERROR SendMessageTaskJob     - 定时任务，发送MQ消息失败 userId: wkm topic: null
25-03-31.22:12:15.024 [scheduling-1    ] ERROR EventPublisher         - 发送MQ消息失败 topic:null message :null
java.lang.NullPointerException: null
	at org.springframework.amqp.support.converter.SimpleMessageConverter.createMessage(SimpleMessageConverter.java:164)
	at org.springframework.amqp.support.converter.AbstractMessageConverter.createMessage(AbstractMessageConverter.java:88)
	at org.springframework.amqp.support.converter.AbstractMessageConverter.toMessage(AbstractMessageConverter.java:70)
	at org.springframework.amqp.support.converter.AbstractMessageConverter.toMessage(AbstractMessageConverter.java:58)
	at org.springframework.amqp.rabbit.core.RabbitTemplate.convertMessageIfNecessary(RabbitTemplate.java:1861)
	at org.springframework.amqp.rabbit.core.RabbitTemplate.convertAndSend(RabbitTemplate.java:1167)
	at org.springframework.amqp.rabbit.core.RabbitTemplate.convertAndSend(RabbitTemplate.java:1149)
	at cn.good.infrastructure.event.EventPublisher.publish(EventPublisher.java:35)
	at cn.good.infrastructure.persistent.repository.TaskRepository.sendMessage(TaskRepository.java:45)
	at cn.good.infrastructure.persistent.repository.TaskRepository$$FastClassBySpringCGLIB$$10d01039.invoke(<generated>)
	at org.springframework.cglib.proxy.MethodProxy.invoke(MethodProxy.java:218)
	at org.springframework.aop.framework.CglibAopProxy$CglibMethodInvocation.invokeJoinpoint(CglibAopProxy.java:793)
	at org.springframework.aop.framework.ReflectiveMethodInvocation.proceed(ReflectiveMethodInvocation.java:163)
	at org.springframework.aop.framework.CglibAopProxy$CglibMethodInvocation.proceed(CglibAopProxy.java:763)
	at org.springframework.dao.support.PersistenceExceptionTranslationInterceptor.invoke(PersistenceExceptionTranslationInterceptor.java:137)
	at org.springframework.aop.framework.ReflectiveMethodInvocation.proceed(ReflectiveMethodInvocation.java:186)
	at org.springframework.aop.framework.CglibAopProxy$CglibMethodInvocation.proceed(CglibAopProxy.java:763)
	at org.springframework.aop.framework.CglibAopProxy$DynamicAdvisedInterceptor.intercept(CglibAopProxy.java:708)
	at cn.good.infrastructure.persistent.repository.TaskRepository$$EnhancerBySpringCGLIB$$c784bfba.sendMessage(<generated>)
	at cn.good.domain.task.service.TaskService.sendMessage(TaskService.java:29)
	at cn.good.trigger.job.SendMessageTaskJob.exec_db01(SendMessageTaskJob.java:42)
	at sun.reflect.GeneratedMethodAccessor144.invoke(Unknown Source)
	at sun.reflect.DelegatingMethodAccessorImpl.invoke(DelegatingMethodAccessorImpl.java:43)
	at java.lang.reflect.Method.invoke(Method.java:498)
	at org.springframework.scheduling.support.ScheduledMethodRunnable.run(ScheduledMethodRunnable.java:84)
	at org.springframework.scheduling.support.DelegatingErrorHandlingRunnable.run(DelegatingErrorHandlingRunnable.java:54)
	at org.springframework.scheduling.concurrent.ReschedulingRunnable.run(ReschedulingRunnable.java:95)
	at java.util.concurrent.Executors$RunnableAdapter.call(Executors.java:511)
	at java.util.concurrent.FutureTask.run(FutureTask.java:266)
	at java.util.concurrent.ScheduledThreadPoolExecutor$ScheduledFutureTask.access$201(ScheduledThreadPoolExecutor.java:180)
	at java.util.concurrent.ScheduledThreadPoolExecutor$ScheduledFutureTask.run(ScheduledThreadPoolExecutor.java:293)
	at java.util.concurrent.ThreadPoolExecutor.runWorker(ThreadPoolExecutor.java:1149)
	at java.util.concurrent.ThreadPoolExecutor$Worker.run(ThreadPoolExecutor.java:624)
	at java.lang.Thread.run(Thread.java:750)
25-03-31.22:12:15.024 [scheduling-1    ] ERROR SendMessageTaskJob     - 定时任务，发送MQ消息失败 userId: wkm topic: null
25-03-31.22:12:20.007 [scheduling-1    ] ERROR EventPublisher         - 发送MQ消息失败 topic:null message :null
java.lang.NullPointerException: null
	at org.springframework.amqp.support.converter.SimpleMessageConverter.createMessage(SimpleMessageConverter.java:164)
	at org.springframework.amqp.support.converter.AbstractMessageConverter.createMessage(AbstractMessageConverter.java:88)
	at org.springframework.amqp.support.converter.AbstractMessageConverter.toMessage(AbstractMessageConverter.java:70)
	at org.springframework.amqp.support.converter.AbstractMessageConverter.toMessage(AbstractMessageConverter.java:58)
	at org.springframework.amqp.rabbit.core.RabbitTemplate.convertMessageIfNecessary(RabbitTemplate.java:1861)
	at org.springframework.amqp.rabbit.core.RabbitTemplate.convertAndSend(RabbitTemplate.java:1167)
	at org.springframework.amqp.rabbit.core.RabbitTemplate.convertAndSend(RabbitTemplate.java:1149)
	at cn.good.infrastructure.event.EventPublisher.publish(EventPublisher.java:35)
	at cn.good.infrastructure.persistent.repository.TaskRepository.sendMessage(TaskRepository.java:45)
	at cn.good.infrastructure.persistent.repository.TaskRepository$$FastClassBySpringCGLIB$$10d01039.invoke(<generated>)
	at org.springframework.cglib.proxy.MethodProxy.invoke(MethodProxy.java:218)
	at org.springframework.aop.framework.CglibAopProxy$CglibMethodInvocation.invokeJoinpoint(CglibAopProxy.java:793)
	at org.springframework.aop.framework.ReflectiveMethodInvocation.proceed(ReflectiveMethodInvocation.java:163)
	at org.springframework.aop.framework.CglibAopProxy$CglibMethodInvocation.proceed(CglibAopProxy.java:763)
	at org.springframework.dao.support.PersistenceExceptionTranslationInterceptor.invoke(PersistenceExceptionTranslationInterceptor.java:137)
	at org.springframework.aop.framework.ReflectiveMethodInvocation.proceed(ReflectiveMethodInvocation.java:186)
	at org.springframework.aop.framework.CglibAopProxy$CglibMethodInvocation.proceed(CglibAopProxy.java:763)
	at org.springframework.aop.framework.CglibAopProxy$DynamicAdvisedInterceptor.intercept(CglibAopProxy.java:708)
	at cn.good.infrastructure.persistent.repository.TaskRepository$$EnhancerBySpringCGLIB$$c784bfba.sendMessage(<generated>)
	at cn.good.domain.task.service.TaskService.sendMessage(TaskService.java:29)
	at cn.good.trigger.job.SendMessageTaskJob.exec_db01(SendMessageTaskJob.java:42)
	at sun.reflect.GeneratedMethodAccessor144.invoke(Unknown Source)
	at sun.reflect.DelegatingMethodAccessorImpl.invoke(DelegatingMethodAccessorImpl.java:43)
	at java.lang.reflect.Method.invoke(Method.java:498)
	at org.springframework.scheduling.support.ScheduledMethodRunnable.run(ScheduledMethodRunnable.java:84)
	at org.springframework.scheduling.support.DelegatingErrorHandlingRunnable.run(DelegatingErrorHandlingRunnable.java:54)
	at org.springframework.scheduling.concurrent.ReschedulingRunnable.run(ReschedulingRunnable.java:95)
	at java.util.concurrent.Executors$RunnableAdapter.call(Executors.java:511)
	at java.util.concurrent.FutureTask.run(FutureTask.java:266)
	at java.util.concurrent.ScheduledThreadPoolExecutor$ScheduledFutureTask.access$201(ScheduledThreadPoolExecutor.java:180)
	at java.util.concurrent.ScheduledThreadPoolExecutor$ScheduledFutureTask.run(ScheduledThreadPoolExecutor.java:293)
	at java.util.concurrent.ThreadPoolExecutor.runWorker(ThreadPoolExecutor.java:1149)
	at java.util.concurrent.ThreadPoolExecutor$Worker.run(ThreadPoolExecutor.java:624)
	at java.lang.Thread.run(Thread.java:750)
25-03-31.22:12:20.007 [scheduling-1    ] ERROR SendMessageTaskJob     - 定时任务，发送MQ消息失败 userId: wkm topic: null
25-03-31.22:12:20.009 [scheduling-1    ] ERROR EventPublisher         - 发送MQ消息失败 topic:null message :null
java.lang.NullPointerException: null
	at org.springframework.amqp.support.converter.SimpleMessageConverter.createMessage(SimpleMessageConverter.java:164)
	at org.springframework.amqp.support.converter.AbstractMessageConverter.createMessage(AbstractMessageConverter.java:88)
	at org.springframework.amqp.support.converter.AbstractMessageConverter.toMessage(AbstractMessageConverter.java:70)
	at org.springframework.amqp.support.converter.AbstractMessageConverter.toMessage(AbstractMessageConverter.java:58)
	at org.springframework.amqp.rabbit.core.RabbitTemplate.convertMessageIfNecessary(RabbitTemplate.java:1861)
	at org.springframework.amqp.rabbit.core.RabbitTemplate.convertAndSend(RabbitTemplate.java:1167)
	at org.springframework.amqp.rabbit.core.RabbitTemplate.convertAndSend(RabbitTemplate.java:1149)
	at cn.good.infrastructure.event.EventPublisher.publish(EventPublisher.java:35)
	at cn.good.infrastructure.persistent.repository.TaskRepository.sendMessage(TaskRepository.java:45)
	at cn.good.infrastructure.persistent.repository.TaskRepository$$FastClassBySpringCGLIB$$10d01039.invoke(<generated>)
	at org.springframework.cglib.proxy.MethodProxy.invoke(MethodProxy.java:218)
	at org.springframework.aop.framework.CglibAopProxy$CglibMethodInvocation.invokeJoinpoint(CglibAopProxy.java:793)
	at org.springframework.aop.framework.ReflectiveMethodInvocation.proceed(ReflectiveMethodInvocation.java:163)
	at org.springframework.aop.framework.CglibAopProxy$CglibMethodInvocation.proceed(CglibAopProxy.java:763)
	at org.springframework.dao.support.PersistenceExceptionTranslationInterceptor.invoke(PersistenceExceptionTranslationInterceptor.java:137)
	at org.springframework.aop.framework.ReflectiveMethodInvocation.proceed(ReflectiveMethodInvocation.java:186)
	at org.springframework.aop.framework.CglibAopProxy$CglibMethodInvocation.proceed(CglibAopProxy.java:763)
	at org.springframework.aop.framework.CglibAopProxy$DynamicAdvisedInterceptor.intercept(CglibAopProxy.java:708)
	at cn.good.infrastructure.persistent.repository.TaskRepository$$EnhancerBySpringCGLIB$$c784bfba.sendMessage(<generated>)
	at cn.good.domain.task.service.TaskService.sendMessage(TaskService.java:29)
	at cn.good.trigger.job.SendMessageTaskJob.exec_db01(SendMessageTaskJob.java:42)
	at sun.reflect.GeneratedMethodAccessor144.invoke(Unknown Source)
	at sun.reflect.DelegatingMethodAccessorImpl.invoke(DelegatingMethodAccessorImpl.java:43)
	at java.lang.reflect.Method.invoke(Method.java:498)
	at org.springframework.scheduling.support.ScheduledMethodRunnable.run(ScheduledMethodRunnable.java:84)
	at org.springframework.scheduling.support.DelegatingErrorHandlingRunnable.run(DelegatingErrorHandlingRunnable.java:54)
	at org.springframework.scheduling.concurrent.ReschedulingRunnable.run(ReschedulingRunnable.java:95)
	at java.util.concurrent.Executors$RunnableAdapter.call(Executors.java:511)
	at java.util.concurrent.FutureTask.run(FutureTask.java:266)
	at java.util.concurrent.ScheduledThreadPoolExecutor$ScheduledFutureTask.access$201(ScheduledThreadPoolExecutor.java:180)
	at java.util.concurrent.ScheduledThreadPoolExecutor$ScheduledFutureTask.run(ScheduledThreadPoolExecutor.java:293)
	at java.util.concurrent.ThreadPoolExecutor.runWorker(ThreadPoolExecutor.java:1149)
	at java.util.concurrent.ThreadPoolExecutor$Worker.run(ThreadPoolExecutor.java:624)
	at java.lang.Thread.run(Thread.java:750)
25-03-31.22:12:20.009 [scheduling-1    ] ERROR SendMessageTaskJob     - 定时任务，发送MQ消息失败 userId: wkm topic: null
25-03-31.22:12:20.011 [scheduling-1    ] ERROR EventPublisher         - 发送MQ消息失败 topic:null message :null
java.lang.NullPointerException: null
	at org.springframework.amqp.support.converter.SimpleMessageConverter.createMessage(SimpleMessageConverter.java:164)
	at org.springframework.amqp.support.converter.AbstractMessageConverter.createMessage(AbstractMessageConverter.java:88)
	at org.springframework.amqp.support.converter.AbstractMessageConverter.toMessage(AbstractMessageConverter.java:70)
	at org.springframework.amqp.support.converter.AbstractMessageConverter.toMessage(AbstractMessageConverter.java:58)
	at org.springframework.amqp.rabbit.core.RabbitTemplate.convertMessageIfNecessary(RabbitTemplate.java:1861)
	at org.springframework.amqp.rabbit.core.RabbitTemplate.convertAndSend(RabbitTemplate.java:1167)
	at org.springframework.amqp.rabbit.core.RabbitTemplate.convertAndSend(RabbitTemplate.java:1149)
	at cn.good.infrastructure.event.EventPublisher.publish(EventPublisher.java:35)
	at cn.good.infrastructure.persistent.repository.TaskRepository.sendMessage(TaskRepository.java:45)
	at cn.good.infrastructure.persistent.repository.TaskRepository$$FastClassBySpringCGLIB$$10d01039.invoke(<generated>)
	at org.springframework.cglib.proxy.MethodProxy.invoke(MethodProxy.java:218)
	at org.springframework.aop.framework.CglibAopProxy$CglibMethodInvocation.invokeJoinpoint(CglibAopProxy.java:793)
	at org.springframework.aop.framework.ReflectiveMethodInvocation.proceed(ReflectiveMethodInvocation.java:163)
	at org.springframework.aop.framework.CglibAopProxy$CglibMethodInvocation.proceed(CglibAopProxy.java:763)
	at org.springframework.dao.support.PersistenceExceptionTranslationInterceptor.invoke(PersistenceExceptionTranslationInterceptor.java:137)
	at org.springframework.aop.framework.ReflectiveMethodInvocation.proceed(ReflectiveMethodInvocation.java:186)
	at org.springframework.aop.framework.CglibAopProxy$CglibMethodInvocation.proceed(CglibAopProxy.java:763)
	at org.springframework.aop.framework.CglibAopProxy$DynamicAdvisedInterceptor.intercept(CglibAopProxy.java:708)
	at cn.good.infrastructure.persistent.repository.TaskRepository$$EnhancerBySpringCGLIB$$c784bfba.sendMessage(<generated>)
	at cn.good.domain.task.service.TaskService.sendMessage(TaskService.java:29)
	at cn.good.trigger.job.SendMessageTaskJob.exec_db01(SendMessageTaskJob.java:42)
	at sun.reflect.GeneratedMethodAccessor144.invoke(Unknown Source)
	at sun.reflect.DelegatingMethodAccessorImpl.invoke(DelegatingMethodAccessorImpl.java:43)
	at java.lang.reflect.Method.invoke(Method.java:498)
	at org.springframework.scheduling.support.ScheduledMethodRunnable.run(ScheduledMethodRunnable.java:84)
	at org.springframework.scheduling.support.DelegatingErrorHandlingRunnable.run(DelegatingErrorHandlingRunnable.java:54)
	at org.springframework.scheduling.concurrent.ReschedulingRunnable.run(ReschedulingRunnable.java:95)
	at java.util.concurrent.Executors$RunnableAdapter.call(Executors.java:511)
	at java.util.concurrent.FutureTask.run(FutureTask.java:266)
	at java.util.concurrent.ScheduledThreadPoolExecutor$ScheduledFutureTask.access$201(ScheduledThreadPoolExecutor.java:180)
	at java.util.concurrent.ScheduledThreadPoolExecutor$ScheduledFutureTask.run(ScheduledThreadPoolExecutor.java:293)
	at java.util.concurrent.ThreadPoolExecutor.runWorker(ThreadPoolExecutor.java:1149)
	at java.util.concurrent.ThreadPoolExecutor$Worker.run(ThreadPoolExecutor.java:624)
	at java.lang.Thread.run(Thread.java:750)
25-03-31.22:12:20.011 [scheduling-1    ] ERROR SendMessageTaskJob     - 定时任务，发送MQ消息失败 userId: wkm topic: null
25-03-31.22:12:25.025 [scheduling-1    ] ERROR EventPublisher         - 发送MQ消息失败 topic:null message :null
java.lang.NullPointerException: null
	at org.springframework.amqp.support.converter.SimpleMessageConverter.createMessage(SimpleMessageConverter.java:164)
	at org.springframework.amqp.support.converter.AbstractMessageConverter.createMessage(AbstractMessageConverter.java:88)
	at org.springframework.amqp.support.converter.AbstractMessageConverter.toMessage(AbstractMessageConverter.java:70)
	at org.springframework.amqp.support.converter.AbstractMessageConverter.toMessage(AbstractMessageConverter.java:58)
	at org.springframework.amqp.rabbit.core.RabbitTemplate.convertMessageIfNecessary(RabbitTemplate.java:1861)
	at org.springframework.amqp.rabbit.core.RabbitTemplate.convertAndSend(RabbitTemplate.java:1167)
	at org.springframework.amqp.rabbit.core.RabbitTemplate.convertAndSend(RabbitTemplate.java:1149)
	at cn.good.infrastructure.event.EventPublisher.publish(EventPublisher.java:35)
	at cn.good.infrastructure.persistent.repository.TaskRepository.sendMessage(TaskRepository.java:45)
	at cn.good.infrastructure.persistent.repository.TaskRepository$$FastClassBySpringCGLIB$$10d01039.invoke(<generated>)
	at org.springframework.cglib.proxy.MethodProxy.invoke(MethodProxy.java:218)
	at org.springframework.aop.framework.CglibAopProxy$CglibMethodInvocation.invokeJoinpoint(CglibAopProxy.java:793)
	at org.springframework.aop.framework.ReflectiveMethodInvocation.proceed(ReflectiveMethodInvocation.java:163)
	at org.springframework.aop.framework.CglibAopProxy$CglibMethodInvocation.proceed(CglibAopProxy.java:763)
	at org.springframework.dao.support.PersistenceExceptionTranslationInterceptor.invoke(PersistenceExceptionTranslationInterceptor.java:137)
	at org.springframework.aop.framework.ReflectiveMethodInvocation.proceed(ReflectiveMethodInvocation.java:186)
	at org.springframework.aop.framework.CglibAopProxy$CglibMethodInvocation.proceed(CglibAopProxy.java:763)
	at org.springframework.aop.framework.CglibAopProxy$DynamicAdvisedInterceptor.intercept(CglibAopProxy.java:708)
	at cn.good.infrastructure.persistent.repository.TaskRepository$$EnhancerBySpringCGLIB$$c784bfba.sendMessage(<generated>)
	at cn.good.domain.task.service.TaskService.sendMessage(TaskService.java:29)
	at cn.good.trigger.job.SendMessageTaskJob.exec_db01(SendMessageTaskJob.java:42)
	at sun.reflect.GeneratedMethodAccessor144.invoke(Unknown Source)
	at sun.reflect.DelegatingMethodAccessorImpl.invoke(DelegatingMethodAccessorImpl.java:43)
	at java.lang.reflect.Method.invoke(Method.java:498)
	at org.springframework.scheduling.support.ScheduledMethodRunnable.run(ScheduledMethodRunnable.java:84)
	at org.springframework.scheduling.support.DelegatingErrorHandlingRunnable.run(DelegatingErrorHandlingRunnable.java:54)
	at org.springframework.scheduling.concurrent.ReschedulingRunnable.run(ReschedulingRunnable.java:95)
	at java.util.concurrent.Executors$RunnableAdapter.call(Executors.java:511)
	at java.util.concurrent.FutureTask.run(FutureTask.java:266)
	at java.util.concurrent.ScheduledThreadPoolExecutor$ScheduledFutureTask.access$201(ScheduledThreadPoolExecutor.java:180)
	at java.util.concurrent.ScheduledThreadPoolExecutor$ScheduledFutureTask.run(ScheduledThreadPoolExecutor.java:293)
	at java.util.concurrent.ThreadPoolExecutor.runWorker(ThreadPoolExecutor.java:1149)
	at java.util.concurrent.ThreadPoolExecutor$Worker.run(ThreadPoolExecutor.java:624)
	at java.lang.Thread.run(Thread.java:750)
25-03-31.22:12:25.025 [scheduling-1    ] ERROR SendMessageTaskJob     - 定时任务，发送MQ消息失败 userId: wkm topic: null
25-03-31.22:12:25.031 [scheduling-1    ] ERROR EventPublisher         - 发送MQ消息失败 topic:null message :null
java.lang.NullPointerException: null
	at org.springframework.amqp.support.converter.SimpleMessageConverter.createMessage(SimpleMessageConverter.java:164)
	at org.springframework.amqp.support.converter.AbstractMessageConverter.createMessage(AbstractMessageConverter.java:88)
	at org.springframework.amqp.support.converter.AbstractMessageConverter.toMessage(AbstractMessageConverter.java:70)
	at org.springframework.amqp.support.converter.AbstractMessageConverter.toMessage(AbstractMessageConverter.java:58)
	at org.springframework.amqp.rabbit.core.RabbitTemplate.convertMessageIfNecessary(RabbitTemplate.java:1861)
	at org.springframework.amqp.rabbit.core.RabbitTemplate.convertAndSend(RabbitTemplate.java:1167)
	at org.springframework.amqp.rabbit.core.RabbitTemplate.convertAndSend(RabbitTemplate.java:1149)
	at cn.good.infrastructure.event.EventPublisher.publish(EventPublisher.java:35)
	at cn.good.infrastructure.persistent.repository.TaskRepository.sendMessage(TaskRepository.java:45)
	at cn.good.infrastructure.persistent.repository.TaskRepository$$FastClassBySpringCGLIB$$10d01039.invoke(<generated>)
	at org.springframework.cglib.proxy.MethodProxy.invoke(MethodProxy.java:218)
	at org.springframework.aop.framework.CglibAopProxy$CglibMethodInvocation.invokeJoinpoint(CglibAopProxy.java:793)
	at org.springframework.aop.framework.ReflectiveMethodInvocation.proceed(ReflectiveMethodInvocation.java:163)
	at org.springframework.aop.framework.CglibAopProxy$CglibMethodInvocation.proceed(CglibAopProxy.java:763)
	at org.springframework.dao.support.PersistenceExceptionTranslationInterceptor.invoke(PersistenceExceptionTranslationInterceptor.java:137)
	at org.springframework.aop.framework.ReflectiveMethodInvocation.proceed(ReflectiveMethodInvocation.java:186)
	at org.springframework.aop.framework.CglibAopProxy$CglibMethodInvocation.proceed(CglibAopProxy.java:763)
	at org.springframework.aop.framework.CglibAopProxy$DynamicAdvisedInterceptor.intercept(CglibAopProxy.java:708)
	at cn.good.infrastructure.persistent.repository.TaskRepository$$EnhancerBySpringCGLIB$$c784bfba.sendMessage(<generated>)
	at cn.good.domain.task.service.TaskService.sendMessage(TaskService.java:29)
	at cn.good.trigger.job.SendMessageTaskJob.exec_db01(SendMessageTaskJob.java:42)
	at sun.reflect.GeneratedMethodAccessor144.invoke(Unknown Source)
	at sun.reflect.DelegatingMethodAccessorImpl.invoke(DelegatingMethodAccessorImpl.java:43)
	at java.lang.reflect.Method.invoke(Method.java:498)
	at org.springframework.scheduling.support.ScheduledMethodRunnable.run(ScheduledMethodRunnable.java:84)
	at org.springframework.scheduling.support.DelegatingErrorHandlingRunnable.run(DelegatingErrorHandlingRunnable.java:54)
	at org.springframework.scheduling.concurrent.ReschedulingRunnable.run(ReschedulingRunnable.java:95)
	at java.util.concurrent.Executors$RunnableAdapter.call(Executors.java:511)
	at java.util.concurrent.FutureTask.run(FutureTask.java:266)
	at java.util.concurrent.ScheduledThreadPoolExecutor$ScheduledFutureTask.access$201(ScheduledThreadPoolExecutor.java:180)
	at java.util.concurrent.ScheduledThreadPoolExecutor$ScheduledFutureTask.run(ScheduledThreadPoolExecutor.java:293)
	at java.util.concurrent.ThreadPoolExecutor.runWorker(ThreadPoolExecutor.java:1149)
	at java.util.concurrent.ThreadPoolExecutor$Worker.run(ThreadPoolExecutor.java:624)
	at java.lang.Thread.run(Thread.java:750)
25-03-31.22:12:25.031 [scheduling-1    ] ERROR SendMessageTaskJob     - 定时任务，发送MQ消息失败 userId: wkm topic: null
25-03-31.22:12:25.036 [scheduling-1    ] ERROR EventPublisher         - 发送MQ消息失败 topic:null message :null
java.lang.NullPointerException: null
	at org.springframework.amqp.support.converter.SimpleMessageConverter.createMessage(SimpleMessageConverter.java:164)
	at org.springframework.amqp.support.converter.AbstractMessageConverter.createMessage(AbstractMessageConverter.java:88)
	at org.springframework.amqp.support.converter.AbstractMessageConverter.toMessage(AbstractMessageConverter.java:70)
	at org.springframework.amqp.support.converter.AbstractMessageConverter.toMessage(AbstractMessageConverter.java:58)
	at org.springframework.amqp.rabbit.core.RabbitTemplate.convertMessageIfNecessary(RabbitTemplate.java:1861)
	at org.springframework.amqp.rabbit.core.RabbitTemplate.convertAndSend(RabbitTemplate.java:1167)
	at org.springframework.amqp.rabbit.core.RabbitTemplate.convertAndSend(RabbitTemplate.java:1149)
	at cn.good.infrastructure.event.EventPublisher.publish(EventPublisher.java:35)
	at cn.good.infrastructure.persistent.repository.TaskRepository.sendMessage(TaskRepository.java:45)
	at cn.good.infrastructure.persistent.repository.TaskRepository$$FastClassBySpringCGLIB$$10d01039.invoke(<generated>)
	at org.springframework.cglib.proxy.MethodProxy.invoke(MethodProxy.java:218)
	at org.springframework.aop.framework.CglibAopProxy$CglibMethodInvocation.invokeJoinpoint(CglibAopProxy.java:793)
	at org.springframework.aop.framework.ReflectiveMethodInvocation.proceed(ReflectiveMethodInvocation.java:163)
	at org.springframework.aop.framework.CglibAopProxy$CglibMethodInvocation.proceed(CglibAopProxy.java:763)
	at org.springframework.dao.support.PersistenceExceptionTranslationInterceptor.invoke(PersistenceExceptionTranslationInterceptor.java:137)
	at org.springframework.aop.framework.ReflectiveMethodInvocation.proceed(ReflectiveMethodInvocation.java:186)
	at org.springframework.aop.framework.CglibAopProxy$CglibMethodInvocation.proceed(CglibAopProxy.java:763)
	at org.springframework.aop.framework.CglibAopProxy$DynamicAdvisedInterceptor.intercept(CglibAopProxy.java:708)
	at cn.good.infrastructure.persistent.repository.TaskRepository$$EnhancerBySpringCGLIB$$c784bfba.sendMessage(<generated>)
	at cn.good.domain.task.service.TaskService.sendMessage(TaskService.java:29)
	at cn.good.trigger.job.SendMessageTaskJob.exec_db01(SendMessageTaskJob.java:42)
	at sun.reflect.GeneratedMethodAccessor144.invoke(Unknown Source)
	at sun.reflect.DelegatingMethodAccessorImpl.invoke(DelegatingMethodAccessorImpl.java:43)
	at java.lang.reflect.Method.invoke(Method.java:498)
	at org.springframework.scheduling.support.ScheduledMethodRunnable.run(ScheduledMethodRunnable.java:84)
	at org.springframework.scheduling.support.DelegatingErrorHandlingRunnable.run(DelegatingErrorHandlingRunnable.java:54)
	at org.springframework.scheduling.concurrent.ReschedulingRunnable.run(ReschedulingRunnable.java:95)
	at java.util.concurrent.Executors$RunnableAdapter.call(Executors.java:511)
	at java.util.concurrent.FutureTask.run(FutureTask.java:266)
	at java.util.concurrent.ScheduledThreadPoolExecutor$ScheduledFutureTask.access$201(ScheduledThreadPoolExecutor.java:180)
	at java.util.concurrent.ScheduledThreadPoolExecutor$ScheduledFutureTask.run(ScheduledThreadPoolExecutor.java:293)
	at java.util.concurrent.ThreadPoolExecutor.runWorker(ThreadPoolExecutor.java:1149)
	at java.util.concurrent.ThreadPoolExecutor$Worker.run(ThreadPoolExecutor.java:624)
	at java.lang.Thread.run(Thread.java:750)
25-03-31.22:12:25.037 [scheduling-1    ] ERROR SendMessageTaskJob     - 定时任务，发送MQ消息失败 userId: wkm topic: null
25-03-31.22:12:30.011 [scheduling-1    ] ERROR EventPublisher         - 发送MQ消息失败 topic:null message :null
java.lang.NullPointerException: null
	at org.springframework.amqp.support.converter.SimpleMessageConverter.createMessage(SimpleMessageConverter.java:164)
	at org.springframework.amqp.support.converter.AbstractMessageConverter.createMessage(AbstractMessageConverter.java:88)
	at org.springframework.amqp.support.converter.AbstractMessageConverter.toMessage(AbstractMessageConverter.java:70)
	at org.springframework.amqp.support.converter.AbstractMessageConverter.toMessage(AbstractMessageConverter.java:58)
	at org.springframework.amqp.rabbit.core.RabbitTemplate.convertMessageIfNecessary(RabbitTemplate.java:1861)
	at org.springframework.amqp.rabbit.core.RabbitTemplate.convertAndSend(RabbitTemplate.java:1167)
	at org.springframework.amqp.rabbit.core.RabbitTemplate.convertAndSend(RabbitTemplate.java:1149)
	at cn.good.infrastructure.event.EventPublisher.publish(EventPublisher.java:35)
	at cn.good.infrastructure.persistent.repository.TaskRepository.sendMessage(TaskRepository.java:45)
	at cn.good.infrastructure.persistent.repository.TaskRepository$$FastClassBySpringCGLIB$$10d01039.invoke(<generated>)
	at org.springframework.cglib.proxy.MethodProxy.invoke(MethodProxy.java:218)
	at org.springframework.aop.framework.CglibAopProxy$CglibMethodInvocation.invokeJoinpoint(CglibAopProxy.java:793)
	at org.springframework.aop.framework.ReflectiveMethodInvocation.proceed(ReflectiveMethodInvocation.java:163)
	at org.springframework.aop.framework.CglibAopProxy$CglibMethodInvocation.proceed(CglibAopProxy.java:763)
	at org.springframework.dao.support.PersistenceExceptionTranslationInterceptor.invoke(PersistenceExceptionTranslationInterceptor.java:137)
	at org.springframework.aop.framework.ReflectiveMethodInvocation.proceed(ReflectiveMethodInvocation.java:186)
	at org.springframework.aop.framework.CglibAopProxy$CglibMethodInvocation.proceed(CglibAopProxy.java:763)
	at org.springframework.aop.framework.CglibAopProxy$DynamicAdvisedInterceptor.intercept(CglibAopProxy.java:708)
	at cn.good.infrastructure.persistent.repository.TaskRepository$$EnhancerBySpringCGLIB$$c784bfba.sendMessage(<generated>)
	at cn.good.domain.task.service.TaskService.sendMessage(TaskService.java:29)
	at cn.good.trigger.job.SendMessageTaskJob.exec_db01(SendMessageTaskJob.java:42)
	at sun.reflect.GeneratedMethodAccessor144.invoke(Unknown Source)
	at sun.reflect.DelegatingMethodAccessorImpl.invoke(DelegatingMethodAccessorImpl.java:43)
	at java.lang.reflect.Method.invoke(Method.java:498)
	at org.springframework.scheduling.support.ScheduledMethodRunnable.run(ScheduledMethodRunnable.java:84)
	at org.springframework.scheduling.support.DelegatingErrorHandlingRunnable.run(DelegatingErrorHandlingRunnable.java:54)
	at org.springframework.scheduling.concurrent.ReschedulingRunnable.run(ReschedulingRunnable.java:95)
	at java.util.concurrent.Executors$RunnableAdapter.call(Executors.java:511)
	at java.util.concurrent.FutureTask.run(FutureTask.java:266)
	at java.util.concurrent.ScheduledThreadPoolExecutor$ScheduledFutureTask.access$201(ScheduledThreadPoolExecutor.java:180)
	at java.util.concurrent.ScheduledThreadPoolExecutor$ScheduledFutureTask.run(ScheduledThreadPoolExecutor.java:293)
	at java.util.concurrent.ThreadPoolExecutor.runWorker(ThreadPoolExecutor.java:1149)
	at java.util.concurrent.ThreadPoolExecutor$Worker.run(ThreadPoolExecutor.java:624)
	at java.lang.Thread.run(Thread.java:750)
25-03-31.22:12:30.011 [scheduling-1    ] ERROR SendMessageTaskJob     - 定时任务，发送MQ消息失败 userId: wkm topic: null
25-03-31.22:12:30.013 [scheduling-1    ] ERROR EventPublisher         - 发送MQ消息失败 topic:null message :null
java.lang.NullPointerException: null
	at org.springframework.amqp.support.converter.SimpleMessageConverter.createMessage(SimpleMessageConverter.java:164)
	at org.springframework.amqp.support.converter.AbstractMessageConverter.createMessage(AbstractMessageConverter.java:88)
	at org.springframework.amqp.support.converter.AbstractMessageConverter.toMessage(AbstractMessageConverter.java:70)
	at org.springframework.amqp.support.converter.AbstractMessageConverter.toMessage(AbstractMessageConverter.java:58)
	at org.springframework.amqp.rabbit.core.RabbitTemplate.convertMessageIfNecessary(RabbitTemplate.java:1861)
	at org.springframework.amqp.rabbit.core.RabbitTemplate.convertAndSend(RabbitTemplate.java:1167)
	at org.springframework.amqp.rabbit.core.RabbitTemplate.convertAndSend(RabbitTemplate.java:1149)
	at cn.good.infrastructure.event.EventPublisher.publish(EventPublisher.java:35)
	at cn.good.infrastructure.persistent.repository.TaskRepository.sendMessage(TaskRepository.java:45)
	at cn.good.infrastructure.persistent.repository.TaskRepository$$FastClassBySpringCGLIB$$10d01039.invoke(<generated>)
	at org.springframework.cglib.proxy.MethodProxy.invoke(MethodProxy.java:218)
	at org.springframework.aop.framework.CglibAopProxy$CglibMethodInvocation.invokeJoinpoint(CglibAopProxy.java:793)
	at org.springframework.aop.framework.ReflectiveMethodInvocation.proceed(ReflectiveMethodInvocation.java:163)
	at org.springframework.aop.framework.CglibAopProxy$CglibMethodInvocation.proceed(CglibAopProxy.java:763)
	at org.springframework.dao.support.PersistenceExceptionTranslationInterceptor.invoke(PersistenceExceptionTranslationInterceptor.java:137)
	at org.springframework.aop.framework.ReflectiveMethodInvocation.proceed(ReflectiveMethodInvocation.java:186)
	at org.springframework.aop.framework.CglibAopProxy$CglibMethodInvocation.proceed(CglibAopProxy.java:763)
	at org.springframework.aop.framework.CglibAopProxy$DynamicAdvisedInterceptor.intercept(CglibAopProxy.java:708)
	at cn.good.infrastructure.persistent.repository.TaskRepository$$EnhancerBySpringCGLIB$$c784bfba.sendMessage(<generated>)
	at cn.good.domain.task.service.TaskService.sendMessage(TaskService.java:29)
	at cn.good.trigger.job.SendMessageTaskJob.exec_db01(SendMessageTaskJob.java:42)
	at sun.reflect.GeneratedMethodAccessor144.invoke(Unknown Source)
	at sun.reflect.DelegatingMethodAccessorImpl.invoke(DelegatingMethodAccessorImpl.java:43)
	at java.lang.reflect.Method.invoke(Method.java:498)
	at org.springframework.scheduling.support.ScheduledMethodRunnable.run(ScheduledMethodRunnable.java:84)
	at org.springframework.scheduling.support.DelegatingErrorHandlingRunnable.run(DelegatingErrorHandlingRunnable.java:54)
	at org.springframework.scheduling.concurrent.ReschedulingRunnable.run(ReschedulingRunnable.java:95)
	at java.util.concurrent.Executors$RunnableAdapter.call(Executors.java:511)
	at java.util.concurrent.FutureTask.run(FutureTask.java:266)
	at java.util.concurrent.ScheduledThreadPoolExecutor$ScheduledFutureTask.access$201(ScheduledThreadPoolExecutor.java:180)
	at java.util.concurrent.ScheduledThreadPoolExecutor$ScheduledFutureTask.run(ScheduledThreadPoolExecutor.java:293)
	at java.util.concurrent.ThreadPoolExecutor.runWorker(ThreadPoolExecutor.java:1149)
	at java.util.concurrent.ThreadPoolExecutor$Worker.run(ThreadPoolExecutor.java:624)
	at java.lang.Thread.run(Thread.java:750)
25-03-31.22:12:30.013 [scheduling-1    ] ERROR SendMessageTaskJob     - 定时任务，发送MQ消息失败 userId: wkm topic: null
25-03-31.22:12:30.015 [scheduling-1    ] ERROR EventPublisher         - 发送MQ消息失败 topic:null message :null
java.lang.NullPointerException: null
	at org.springframework.amqp.support.converter.SimpleMessageConverter.createMessage(SimpleMessageConverter.java:164)
	at org.springframework.amqp.support.converter.AbstractMessageConverter.createMessage(AbstractMessageConverter.java:88)
	at org.springframework.amqp.support.converter.AbstractMessageConverter.toMessage(AbstractMessageConverter.java:70)
	at org.springframework.amqp.support.converter.AbstractMessageConverter.toMessage(AbstractMessageConverter.java:58)
	at org.springframework.amqp.rabbit.core.RabbitTemplate.convertMessageIfNecessary(RabbitTemplate.java:1861)
	at org.springframework.amqp.rabbit.core.RabbitTemplate.convertAndSend(RabbitTemplate.java:1167)
	at org.springframework.amqp.rabbit.core.RabbitTemplate.convertAndSend(RabbitTemplate.java:1149)
	at cn.good.infrastructure.event.EventPublisher.publish(EventPublisher.java:35)
	at cn.good.infrastructure.persistent.repository.TaskRepository.sendMessage(TaskRepository.java:45)
	at cn.good.infrastructure.persistent.repository.TaskRepository$$FastClassBySpringCGLIB$$10d01039.invoke(<generated>)
	at org.springframework.cglib.proxy.MethodProxy.invoke(MethodProxy.java:218)
	at org.springframework.aop.framework.CglibAopProxy$CglibMethodInvocation.invokeJoinpoint(CglibAopProxy.java:793)
	at org.springframework.aop.framework.ReflectiveMethodInvocation.proceed(ReflectiveMethodInvocation.java:163)
	at org.springframework.aop.framework.CglibAopProxy$CglibMethodInvocation.proceed(CglibAopProxy.java:763)
	at org.springframework.dao.support.PersistenceExceptionTranslationInterceptor.invoke(PersistenceExceptionTranslationInterceptor.java:137)
	at org.springframework.aop.framework.ReflectiveMethodInvocation.proceed(ReflectiveMethodInvocation.java:186)
	at org.springframework.aop.framework.CglibAopProxy$CglibMethodInvocation.proceed(CglibAopProxy.java:763)
	at org.springframework.aop.framework.CglibAopProxy$DynamicAdvisedInterceptor.intercept(CglibAopProxy.java:708)
	at cn.good.infrastructure.persistent.repository.TaskRepository$$EnhancerBySpringCGLIB$$c784bfba.sendMessage(<generated>)
	at cn.good.domain.task.service.TaskService.sendMessage(TaskService.java:29)
	at cn.good.trigger.job.SendMessageTaskJob.exec_db01(SendMessageTaskJob.java:42)
	at sun.reflect.GeneratedMethodAccessor144.invoke(Unknown Source)
	at sun.reflect.DelegatingMethodAccessorImpl.invoke(DelegatingMethodAccessorImpl.java:43)
	at java.lang.reflect.Method.invoke(Method.java:498)
	at org.springframework.scheduling.support.ScheduledMethodRunnable.run(ScheduledMethodRunnable.java:84)
	at org.springframework.scheduling.support.DelegatingErrorHandlingRunnable.run(DelegatingErrorHandlingRunnable.java:54)
	at org.springframework.scheduling.concurrent.ReschedulingRunnable.run(ReschedulingRunnable.java:95)
	at java.util.concurrent.Executors$RunnableAdapter.call(Executors.java:511)
	at java.util.concurrent.FutureTask.run(FutureTask.java:266)
	at java.util.concurrent.ScheduledThreadPoolExecutor$ScheduledFutureTask.access$201(ScheduledThreadPoolExecutor.java:180)
	at java.util.concurrent.ScheduledThreadPoolExecutor$ScheduledFutureTask.run(ScheduledThreadPoolExecutor.java:293)
	at java.util.concurrent.ThreadPoolExecutor.runWorker(ThreadPoolExecutor.java:1149)
	at java.util.concurrent.ThreadPoolExecutor$Worker.run(ThreadPoolExecutor.java:624)
	at java.lang.Thread.run(Thread.java:750)
25-03-31.22:12:30.015 [scheduling-1    ] ERROR SendMessageTaskJob     - 定时任务，发送MQ消息失败 userId: wkm topic: null
25-03-31.22:12:35.016 [scheduling-1    ] ERROR EventPublisher         - 发送MQ消息失败 topic:null message :null
java.lang.NullPointerException: null
	at org.springframework.amqp.support.converter.SimpleMessageConverter.createMessage(SimpleMessageConverter.java:164)
	at org.springframework.amqp.support.converter.AbstractMessageConverter.createMessage(AbstractMessageConverter.java:88)
	at org.springframework.amqp.support.converter.AbstractMessageConverter.toMessage(AbstractMessageConverter.java:70)
	at org.springframework.amqp.support.converter.AbstractMessageConverter.toMessage(AbstractMessageConverter.java:58)
	at org.springframework.amqp.rabbit.core.RabbitTemplate.convertMessageIfNecessary(RabbitTemplate.java:1861)
	at org.springframework.amqp.rabbit.core.RabbitTemplate.convertAndSend(RabbitTemplate.java:1167)
	at org.springframework.amqp.rabbit.core.RabbitTemplate.convertAndSend(RabbitTemplate.java:1149)
	at cn.good.infrastructure.event.EventPublisher.publish(EventPublisher.java:35)
	at cn.good.infrastructure.persistent.repository.TaskRepository.sendMessage(TaskRepository.java:45)
	at cn.good.infrastructure.persistent.repository.TaskRepository$$FastClassBySpringCGLIB$$10d01039.invoke(<generated>)
	at org.springframework.cglib.proxy.MethodProxy.invoke(MethodProxy.java:218)
	at org.springframework.aop.framework.CglibAopProxy$CglibMethodInvocation.invokeJoinpoint(CglibAopProxy.java:793)
	at org.springframework.aop.framework.ReflectiveMethodInvocation.proceed(ReflectiveMethodInvocation.java:163)
	at org.springframework.aop.framework.CglibAopProxy$CglibMethodInvocation.proceed(CglibAopProxy.java:763)
	at org.springframework.dao.support.PersistenceExceptionTranslationInterceptor.invoke(PersistenceExceptionTranslationInterceptor.java:137)
	at org.springframework.aop.framework.ReflectiveMethodInvocation.proceed(ReflectiveMethodInvocation.java:186)
	at org.springframework.aop.framework.CglibAopProxy$CglibMethodInvocation.proceed(CglibAopProxy.java:763)
	at org.springframework.aop.framework.CglibAopProxy$DynamicAdvisedInterceptor.intercept(CglibAopProxy.java:708)
	at cn.good.infrastructure.persistent.repository.TaskRepository$$EnhancerBySpringCGLIB$$c784bfba.sendMessage(<generated>)
	at cn.good.domain.task.service.TaskService.sendMessage(TaskService.java:29)
	at cn.good.trigger.job.SendMessageTaskJob.exec_db01(SendMessageTaskJob.java:42)
	at sun.reflect.GeneratedMethodAccessor144.invoke(Unknown Source)
	at sun.reflect.DelegatingMethodAccessorImpl.invoke(DelegatingMethodAccessorImpl.java:43)
	at java.lang.reflect.Method.invoke(Method.java:498)
	at org.springframework.scheduling.support.ScheduledMethodRunnable.run(ScheduledMethodRunnable.java:84)
	at org.springframework.scheduling.support.DelegatingErrorHandlingRunnable.run(DelegatingErrorHandlingRunnable.java:54)
	at org.springframework.scheduling.concurrent.ReschedulingRunnable.run(ReschedulingRunnable.java:95)
	at java.util.concurrent.Executors$RunnableAdapter.call(Executors.java:511)
	at java.util.concurrent.FutureTask.run(FutureTask.java:266)
	at java.util.concurrent.ScheduledThreadPoolExecutor$ScheduledFutureTask.access$201(ScheduledThreadPoolExecutor.java:180)
	at java.util.concurrent.ScheduledThreadPoolExecutor$ScheduledFutureTask.run(ScheduledThreadPoolExecutor.java:293)
	at java.util.concurrent.ThreadPoolExecutor.runWorker(ThreadPoolExecutor.java:1149)
	at java.util.concurrent.ThreadPoolExecutor$Worker.run(ThreadPoolExecutor.java:624)
	at java.lang.Thread.run(Thread.java:750)
25-03-31.22:12:35.016 [scheduling-1    ] ERROR SendMessageTaskJob     - 定时任务，发送MQ消息失败 userId: wkm topic: null
25-03-31.22:12:35.019 [scheduling-1    ] ERROR EventPublisher         - 发送MQ消息失败 topic:null message :null
java.lang.NullPointerException: null
	at org.springframework.amqp.support.converter.SimpleMessageConverter.createMessage(SimpleMessageConverter.java:164)
	at org.springframework.amqp.support.converter.AbstractMessageConverter.createMessage(AbstractMessageConverter.java:88)
	at org.springframework.amqp.support.converter.AbstractMessageConverter.toMessage(AbstractMessageConverter.java:70)
	at org.springframework.amqp.support.converter.AbstractMessageConverter.toMessage(AbstractMessageConverter.java:58)
	at org.springframework.amqp.rabbit.core.RabbitTemplate.convertMessageIfNecessary(RabbitTemplate.java:1861)
	at org.springframework.amqp.rabbit.core.RabbitTemplate.convertAndSend(RabbitTemplate.java:1167)
	at org.springframework.amqp.rabbit.core.RabbitTemplate.convertAndSend(RabbitTemplate.java:1149)
	at cn.good.infrastructure.event.EventPublisher.publish(EventPublisher.java:35)
	at cn.good.infrastructure.persistent.repository.TaskRepository.sendMessage(TaskRepository.java:45)
	at cn.good.infrastructure.persistent.repository.TaskRepository$$FastClassBySpringCGLIB$$10d01039.invoke(<generated>)
	at org.springframework.cglib.proxy.MethodProxy.invoke(MethodProxy.java:218)
	at org.springframework.aop.framework.CglibAopProxy$CglibMethodInvocation.invokeJoinpoint(CglibAopProxy.java:793)
	at org.springframework.aop.framework.ReflectiveMethodInvocation.proceed(ReflectiveMethodInvocation.java:163)
	at org.springframework.aop.framework.CglibAopProxy$CglibMethodInvocation.proceed(CglibAopProxy.java:763)
	at org.springframework.dao.support.PersistenceExceptionTranslationInterceptor.invoke(PersistenceExceptionTranslationInterceptor.java:137)
	at org.springframework.aop.framework.ReflectiveMethodInvocation.proceed(ReflectiveMethodInvocation.java:186)
	at org.springframework.aop.framework.CglibAopProxy$CglibMethodInvocation.proceed(CglibAopProxy.java:763)
	at org.springframework.aop.framework.CglibAopProxy$DynamicAdvisedInterceptor.intercept(CglibAopProxy.java:708)
	at cn.good.infrastructure.persistent.repository.TaskRepository$$EnhancerBySpringCGLIB$$c784bfba.sendMessage(<generated>)
	at cn.good.domain.task.service.TaskService.sendMessage(TaskService.java:29)
	at cn.good.trigger.job.SendMessageTaskJob.exec_db01(SendMessageTaskJob.java:42)
	at sun.reflect.GeneratedMethodAccessor144.invoke(Unknown Source)
	at sun.reflect.DelegatingMethodAccessorImpl.invoke(DelegatingMethodAccessorImpl.java:43)
	at java.lang.reflect.Method.invoke(Method.java:498)
	at org.springframework.scheduling.support.ScheduledMethodRunnable.run(ScheduledMethodRunnable.java:84)
	at org.springframework.scheduling.support.DelegatingErrorHandlingRunnable.run(DelegatingErrorHandlingRunnable.java:54)
	at org.springframework.scheduling.concurrent.ReschedulingRunnable.run(ReschedulingRunnable.java:95)
	at java.util.concurrent.Executors$RunnableAdapter.call(Executors.java:511)
	at java.util.concurrent.FutureTask.run(FutureTask.java:266)
	at java.util.concurrent.ScheduledThreadPoolExecutor$ScheduledFutureTask.access$201(ScheduledThreadPoolExecutor.java:180)
	at java.util.concurrent.ScheduledThreadPoolExecutor$ScheduledFutureTask.run(ScheduledThreadPoolExecutor.java:293)
	at java.util.concurrent.ThreadPoolExecutor.runWorker(ThreadPoolExecutor.java:1149)
	at java.util.concurrent.ThreadPoolExecutor$Worker.run(ThreadPoolExecutor.java:624)
	at java.lang.Thread.run(Thread.java:750)
25-03-31.22:12:35.019 [scheduling-1    ] ERROR SendMessageTaskJob     - 定时任务，发送MQ消息失败 userId: wkm topic: null
25-03-31.22:12:35.022 [scheduling-1    ] ERROR EventPublisher         - 发送MQ消息失败 topic:null message :null
java.lang.NullPointerException: null
	at org.springframework.amqp.support.converter.SimpleMessageConverter.createMessage(SimpleMessageConverter.java:164)
	at org.springframework.amqp.support.converter.AbstractMessageConverter.createMessage(AbstractMessageConverter.java:88)
	at org.springframework.amqp.support.converter.AbstractMessageConverter.toMessage(AbstractMessageConverter.java:70)
	at org.springframework.amqp.support.converter.AbstractMessageConverter.toMessage(AbstractMessageConverter.java:58)
	at org.springframework.amqp.rabbit.core.RabbitTemplate.convertMessageIfNecessary(RabbitTemplate.java:1861)
	at org.springframework.amqp.rabbit.core.RabbitTemplate.convertAndSend(RabbitTemplate.java:1167)
	at org.springframework.amqp.rabbit.core.RabbitTemplate.convertAndSend(RabbitTemplate.java:1149)
	at cn.good.infrastructure.event.EventPublisher.publish(EventPublisher.java:35)
	at cn.good.infrastructure.persistent.repository.TaskRepository.sendMessage(TaskRepository.java:45)
	at cn.good.infrastructure.persistent.repository.TaskRepository$$FastClassBySpringCGLIB$$10d01039.invoke(<generated>)
	at org.springframework.cglib.proxy.MethodProxy.invoke(MethodProxy.java:218)
	at org.springframework.aop.framework.CglibAopProxy$CglibMethodInvocation.invokeJoinpoint(CglibAopProxy.java:793)
	at org.springframework.aop.framework.ReflectiveMethodInvocation.proceed(ReflectiveMethodInvocation.java:163)
	at org.springframework.aop.framework.CglibAopProxy$CglibMethodInvocation.proceed(CglibAopProxy.java:763)
	at org.springframework.dao.support.PersistenceExceptionTranslationInterceptor.invoke(PersistenceExceptionTranslationInterceptor.java:137)
	at org.springframework.aop.framework.ReflectiveMethodInvocation.proceed(ReflectiveMethodInvocation.java:186)
	at org.springframework.aop.framework.CglibAopProxy$CglibMethodInvocation.proceed(CglibAopProxy.java:763)
	at org.springframework.aop.framework.CglibAopProxy$DynamicAdvisedInterceptor.intercept(CglibAopProxy.java:708)
	at cn.good.infrastructure.persistent.repository.TaskRepository$$EnhancerBySpringCGLIB$$c784bfba.sendMessage(<generated>)
	at cn.good.domain.task.service.TaskService.sendMessage(TaskService.java:29)
	at cn.good.trigger.job.SendMessageTaskJob.exec_db01(SendMessageTaskJob.java:42)
	at sun.reflect.GeneratedMethodAccessor144.invoke(Unknown Source)
	at sun.reflect.DelegatingMethodAccessorImpl.invoke(DelegatingMethodAccessorImpl.java:43)
	at java.lang.reflect.Method.invoke(Method.java:498)
	at org.springframework.scheduling.support.ScheduledMethodRunnable.run(ScheduledMethodRunnable.java:84)
	at org.springframework.scheduling.support.DelegatingErrorHandlingRunnable.run(DelegatingErrorHandlingRunnable.java:54)
	at org.springframework.scheduling.concurrent.ReschedulingRunnable.run(ReschedulingRunnable.java:95)
	at java.util.concurrent.Executors$RunnableAdapter.call(Executors.java:511)
	at java.util.concurrent.FutureTask.run(FutureTask.java:266)
	at java.util.concurrent.ScheduledThreadPoolExecutor$ScheduledFutureTask.access$201(ScheduledThreadPoolExecutor.java:180)
	at java.util.concurrent.ScheduledThreadPoolExecutor$ScheduledFutureTask.run(ScheduledThreadPoolExecutor.java:293)
	at java.util.concurrent.ThreadPoolExecutor.runWorker(ThreadPoolExecutor.java:1149)
	at java.util.concurrent.ThreadPoolExecutor$Worker.run(ThreadPoolExecutor.java:624)
	at java.lang.Thread.run(Thread.java:750)
25-03-31.22:12:35.022 [scheduling-1    ] ERROR SendMessageTaskJob     - 定时任务，发送MQ消息失败 userId: wkm topic: null
25-03-31.22:12:40.013 [scheduling-1    ] ERROR EventPublisher         - 发送MQ消息失败 topic:null message :null
java.lang.NullPointerException: null
	at org.springframework.amqp.support.converter.SimpleMessageConverter.createMessage(SimpleMessageConverter.java:164)
	at org.springframework.amqp.support.converter.AbstractMessageConverter.createMessage(AbstractMessageConverter.java:88)
	at org.springframework.amqp.support.converter.AbstractMessageConverter.toMessage(AbstractMessageConverter.java:70)
	at org.springframework.amqp.support.converter.AbstractMessageConverter.toMessage(AbstractMessageConverter.java:58)
	at org.springframework.amqp.rabbit.core.RabbitTemplate.convertMessageIfNecessary(RabbitTemplate.java:1861)
	at org.springframework.amqp.rabbit.core.RabbitTemplate.convertAndSend(RabbitTemplate.java:1167)
	at org.springframework.amqp.rabbit.core.RabbitTemplate.convertAndSend(RabbitTemplate.java:1149)
	at cn.good.infrastructure.event.EventPublisher.publish(EventPublisher.java:35)
	at cn.good.infrastructure.persistent.repository.TaskRepository.sendMessage(TaskRepository.java:45)
	at cn.good.infrastructure.persistent.repository.TaskRepository$$FastClassBySpringCGLIB$$10d01039.invoke(<generated>)
	at org.springframework.cglib.proxy.MethodProxy.invoke(MethodProxy.java:218)
	at org.springframework.aop.framework.CglibAopProxy$CglibMethodInvocation.invokeJoinpoint(CglibAopProxy.java:793)
	at org.springframework.aop.framework.ReflectiveMethodInvocation.proceed(ReflectiveMethodInvocation.java:163)
	at org.springframework.aop.framework.CglibAopProxy$CglibMethodInvocation.proceed(CglibAopProxy.java:763)
	at org.springframework.dao.support.PersistenceExceptionTranslationInterceptor.invoke(PersistenceExceptionTranslationInterceptor.java:137)
	at org.springframework.aop.framework.ReflectiveMethodInvocation.proceed(ReflectiveMethodInvocation.java:186)
	at org.springframework.aop.framework.CglibAopProxy$CglibMethodInvocation.proceed(CglibAopProxy.java:763)
	at org.springframework.aop.framework.CglibAopProxy$DynamicAdvisedInterceptor.intercept(CglibAopProxy.java:708)
	at cn.good.infrastructure.persistent.repository.TaskRepository$$EnhancerBySpringCGLIB$$c784bfba.sendMessage(<generated>)
	at cn.good.domain.task.service.TaskService.sendMessage(TaskService.java:29)
	at cn.good.trigger.job.SendMessageTaskJob.exec_db01(SendMessageTaskJob.java:42)
	at sun.reflect.GeneratedMethodAccessor144.invoke(Unknown Source)
	at sun.reflect.DelegatingMethodAccessorImpl.invoke(DelegatingMethodAccessorImpl.java:43)
	at java.lang.reflect.Method.invoke(Method.java:498)
	at org.springframework.scheduling.support.ScheduledMethodRunnable.run(ScheduledMethodRunnable.java:84)
	at org.springframework.scheduling.support.DelegatingErrorHandlingRunnable.run(DelegatingErrorHandlingRunnable.java:54)
	at org.springframework.scheduling.concurrent.ReschedulingRunnable.run(ReschedulingRunnable.java:95)
	at java.util.concurrent.Executors$RunnableAdapter.call(Executors.java:511)
	at java.util.concurrent.FutureTask.run(FutureTask.java:266)
	at java.util.concurrent.ScheduledThreadPoolExecutor$ScheduledFutureTask.access$201(ScheduledThreadPoolExecutor.java:180)
	at java.util.concurrent.ScheduledThreadPoolExecutor$ScheduledFutureTask.run(ScheduledThreadPoolExecutor.java:293)
	at java.util.concurrent.ThreadPoolExecutor.runWorker(ThreadPoolExecutor.java:1149)
	at java.util.concurrent.ThreadPoolExecutor$Worker.run(ThreadPoolExecutor.java:624)
	at java.lang.Thread.run(Thread.java:750)
25-03-31.22:12:40.013 [scheduling-1    ] ERROR SendMessageTaskJob     - 定时任务，发送MQ消息失败 userId: wkm topic: null
25-03-31.22:12:40.014 [scheduling-1    ] ERROR EventPublisher         - 发送MQ消息失败 topic:null message :null
java.lang.NullPointerException: null
	at org.springframework.amqp.support.converter.SimpleMessageConverter.createMessage(SimpleMessageConverter.java:164)
	at org.springframework.amqp.support.converter.AbstractMessageConverter.createMessage(AbstractMessageConverter.java:88)
	at org.springframework.amqp.support.converter.AbstractMessageConverter.toMessage(AbstractMessageConverter.java:70)
	at org.springframework.amqp.support.converter.AbstractMessageConverter.toMessage(AbstractMessageConverter.java:58)
	at org.springframework.amqp.rabbit.core.RabbitTemplate.convertMessageIfNecessary(RabbitTemplate.java:1861)
	at org.springframework.amqp.rabbit.core.RabbitTemplate.convertAndSend(RabbitTemplate.java:1167)
	at org.springframework.amqp.rabbit.core.RabbitTemplate.convertAndSend(RabbitTemplate.java:1149)
	at cn.good.infrastructure.event.EventPublisher.publish(EventPublisher.java:35)
	at cn.good.infrastructure.persistent.repository.TaskRepository.sendMessage(TaskRepository.java:45)
	at cn.good.infrastructure.persistent.repository.TaskRepository$$FastClassBySpringCGLIB$$10d01039.invoke(<generated>)
	at org.springframework.cglib.proxy.MethodProxy.invoke(MethodProxy.java:218)
	at org.springframework.aop.framework.CglibAopProxy$CglibMethodInvocation.invokeJoinpoint(CglibAopProxy.java:793)
	at org.springframework.aop.framework.ReflectiveMethodInvocation.proceed(ReflectiveMethodInvocation.java:163)
	at org.springframework.aop.framework.CglibAopProxy$CglibMethodInvocation.proceed(CglibAopProxy.java:763)
	at org.springframework.dao.support.PersistenceExceptionTranslationInterceptor.invoke(PersistenceExceptionTranslationInterceptor.java:137)
	at org.springframework.aop.framework.ReflectiveMethodInvocation.proceed(ReflectiveMethodInvocation.java:186)
	at org.springframework.aop.framework.CglibAopProxy$CglibMethodInvocation.proceed(CglibAopProxy.java:763)
	at org.springframework.aop.framework.CglibAopProxy$DynamicAdvisedInterceptor.intercept(CglibAopProxy.java:708)
	at cn.good.infrastructure.persistent.repository.TaskRepository$$EnhancerBySpringCGLIB$$c784bfba.sendMessage(<generated>)
	at cn.good.domain.task.service.TaskService.sendMessage(TaskService.java:29)
	at cn.good.trigger.job.SendMessageTaskJob.exec_db01(SendMessageTaskJob.java:42)
	at sun.reflect.GeneratedMethodAccessor144.invoke(Unknown Source)
	at sun.reflect.DelegatingMethodAccessorImpl.invoke(DelegatingMethodAccessorImpl.java:43)
	at java.lang.reflect.Method.invoke(Method.java:498)
	at org.springframework.scheduling.support.ScheduledMethodRunnable.run(ScheduledMethodRunnable.java:84)
	at org.springframework.scheduling.support.DelegatingErrorHandlingRunnable.run(DelegatingErrorHandlingRunnable.java:54)
	at org.springframework.scheduling.concurrent.ReschedulingRunnable.run(ReschedulingRunnable.java:95)
	at java.util.concurrent.Executors$RunnableAdapter.call(Executors.java:511)
	at java.util.concurrent.FutureTask.run(FutureTask.java:266)
	at java.util.concurrent.ScheduledThreadPoolExecutor$ScheduledFutureTask.access$201(ScheduledThreadPoolExecutor.java:180)
	at java.util.concurrent.ScheduledThreadPoolExecutor$ScheduledFutureTask.run(ScheduledThreadPoolExecutor.java:293)
	at java.util.concurrent.ThreadPoolExecutor.runWorker(ThreadPoolExecutor.java:1149)
	at java.util.concurrent.ThreadPoolExecutor$Worker.run(ThreadPoolExecutor.java:624)
	at java.lang.Thread.run(Thread.java:750)
25-03-31.22:12:40.014 [scheduling-1    ] ERROR SendMessageTaskJob     - 定时任务，发送MQ消息失败 userId: wkm topic: null
25-03-31.22:12:40.016 [scheduling-1    ] ERROR EventPublisher         - 发送MQ消息失败 topic:null message :null
java.lang.NullPointerException: null
	at org.springframework.amqp.support.converter.SimpleMessageConverter.createMessage(SimpleMessageConverter.java:164)
	at org.springframework.amqp.support.converter.AbstractMessageConverter.createMessage(AbstractMessageConverter.java:88)
	at org.springframework.amqp.support.converter.AbstractMessageConverter.toMessage(AbstractMessageConverter.java:70)
	at org.springframework.amqp.support.converter.AbstractMessageConverter.toMessage(AbstractMessageConverter.java:58)
	at org.springframework.amqp.rabbit.core.RabbitTemplate.convertMessageIfNecessary(RabbitTemplate.java:1861)
	at org.springframework.amqp.rabbit.core.RabbitTemplate.convertAndSend(RabbitTemplate.java:1167)
	at org.springframework.amqp.rabbit.core.RabbitTemplate.convertAndSend(RabbitTemplate.java:1149)
	at cn.good.infrastructure.event.EventPublisher.publish(EventPublisher.java:35)
	at cn.good.infrastructure.persistent.repository.TaskRepository.sendMessage(TaskRepository.java:45)
	at cn.good.infrastructure.persistent.repository.TaskRepository$$FastClassBySpringCGLIB$$10d01039.invoke(<generated>)
	at org.springframework.cglib.proxy.MethodProxy.invoke(MethodProxy.java:218)
	at org.springframework.aop.framework.CglibAopProxy$CglibMethodInvocation.invokeJoinpoint(CglibAopProxy.java:793)
	at org.springframework.aop.framework.ReflectiveMethodInvocation.proceed(ReflectiveMethodInvocation.java:163)
	at org.springframework.aop.framework.CglibAopProxy$CglibMethodInvocation.proceed(CglibAopProxy.java:763)
	at org.springframework.dao.support.PersistenceExceptionTranslationInterceptor.invoke(PersistenceExceptionTranslationInterceptor.java:137)
	at org.springframework.aop.framework.ReflectiveMethodInvocation.proceed(ReflectiveMethodInvocation.java:186)
	at org.springframework.aop.framework.CglibAopProxy$CglibMethodInvocation.proceed(CglibAopProxy.java:763)
	at org.springframework.aop.framework.CglibAopProxy$DynamicAdvisedInterceptor.intercept(CglibAopProxy.java:708)
	at cn.good.infrastructure.persistent.repository.TaskRepository$$EnhancerBySpringCGLIB$$c784bfba.sendMessage(<generated>)
	at cn.good.domain.task.service.TaskService.sendMessage(TaskService.java:29)
	at cn.good.trigger.job.SendMessageTaskJob.exec_db01(SendMessageTaskJob.java:42)
	at sun.reflect.GeneratedMethodAccessor144.invoke(Unknown Source)
	at sun.reflect.DelegatingMethodAccessorImpl.invoke(DelegatingMethodAccessorImpl.java:43)
	at java.lang.reflect.Method.invoke(Method.java:498)
	at org.springframework.scheduling.support.ScheduledMethodRunnable.run(ScheduledMethodRunnable.java:84)
	at org.springframework.scheduling.support.DelegatingErrorHandlingRunnable.run(DelegatingErrorHandlingRunnable.java:54)
	at org.springframework.scheduling.concurrent.ReschedulingRunnable.run(ReschedulingRunnable.java:95)
	at java.util.concurrent.Executors$RunnableAdapter.call(Executors.java:511)
	at java.util.concurrent.FutureTask.run(FutureTask.java:266)
	at java.util.concurrent.ScheduledThreadPoolExecutor$ScheduledFutureTask.access$201(ScheduledThreadPoolExecutor.java:180)
	at java.util.concurrent.ScheduledThreadPoolExecutor$ScheduledFutureTask.run(ScheduledThreadPoolExecutor.java:293)
	at java.util.concurrent.ThreadPoolExecutor.runWorker(ThreadPoolExecutor.java:1149)
	at java.util.concurrent.ThreadPoolExecutor$Worker.run(ThreadPoolExecutor.java:624)
	at java.lang.Thread.run(Thread.java:750)
25-03-31.22:12:40.016 [scheduling-1    ] ERROR SendMessageTaskJob     - 定时任务，发送MQ消息失败 userId: wkm topic: null
25-03-31.22:12:45.014 [scheduling-1    ] ERROR EventPublisher         - 发送MQ消息失败 topic:null message :null
java.lang.NullPointerException: null
	at org.springframework.amqp.support.converter.SimpleMessageConverter.createMessage(SimpleMessageConverter.java:164)
	at org.springframework.amqp.support.converter.AbstractMessageConverter.createMessage(AbstractMessageConverter.java:88)
	at org.springframework.amqp.support.converter.AbstractMessageConverter.toMessage(AbstractMessageConverter.java:70)
	at org.springframework.amqp.support.converter.AbstractMessageConverter.toMessage(AbstractMessageConverter.java:58)
	at org.springframework.amqp.rabbit.core.RabbitTemplate.convertMessageIfNecessary(RabbitTemplate.java:1861)
	at org.springframework.amqp.rabbit.core.RabbitTemplate.convertAndSend(RabbitTemplate.java:1167)
	at org.springframework.amqp.rabbit.core.RabbitTemplate.convertAndSend(RabbitTemplate.java:1149)
	at cn.good.infrastructure.event.EventPublisher.publish(EventPublisher.java:35)
	at cn.good.infrastructure.persistent.repository.TaskRepository.sendMessage(TaskRepository.java:45)
	at cn.good.infrastructure.persistent.repository.TaskRepository$$FastClassBySpringCGLIB$$10d01039.invoke(<generated>)
	at org.springframework.cglib.proxy.MethodProxy.invoke(MethodProxy.java:218)
	at org.springframework.aop.framework.CglibAopProxy$CglibMethodInvocation.invokeJoinpoint(CglibAopProxy.java:793)
	at org.springframework.aop.framework.ReflectiveMethodInvocation.proceed(ReflectiveMethodInvocation.java:163)
	at org.springframework.aop.framework.CglibAopProxy$CglibMethodInvocation.proceed(CglibAopProxy.java:763)
	at org.springframework.dao.support.PersistenceExceptionTranslationInterceptor.invoke(PersistenceExceptionTranslationInterceptor.java:137)
	at org.springframework.aop.framework.ReflectiveMethodInvocation.proceed(ReflectiveMethodInvocation.java:186)
	at org.springframework.aop.framework.CglibAopProxy$CglibMethodInvocation.proceed(CglibAopProxy.java:763)
	at org.springframework.aop.framework.CglibAopProxy$DynamicAdvisedInterceptor.intercept(CglibAopProxy.java:708)
	at cn.good.infrastructure.persistent.repository.TaskRepository$$EnhancerBySpringCGLIB$$c784bfba.sendMessage(<generated>)
	at cn.good.domain.task.service.TaskService.sendMessage(TaskService.java:29)
	at cn.good.trigger.job.SendMessageTaskJob.exec_db01(SendMessageTaskJob.java:42)
	at sun.reflect.GeneratedMethodAccessor144.invoke(Unknown Source)
	at sun.reflect.DelegatingMethodAccessorImpl.invoke(DelegatingMethodAccessorImpl.java:43)
	at java.lang.reflect.Method.invoke(Method.java:498)
	at org.springframework.scheduling.support.ScheduledMethodRunnable.run(ScheduledMethodRunnable.java:84)
	at org.springframework.scheduling.support.DelegatingErrorHandlingRunnable.run(DelegatingErrorHandlingRunnable.java:54)
	at org.springframework.scheduling.concurrent.ReschedulingRunnable.run(ReschedulingRunnable.java:95)
	at java.util.concurrent.Executors$RunnableAdapter.call(Executors.java:511)
	at java.util.concurrent.FutureTask.run(FutureTask.java:266)
	at java.util.concurrent.ScheduledThreadPoolExecutor$ScheduledFutureTask.access$201(ScheduledThreadPoolExecutor.java:180)
	at java.util.concurrent.ScheduledThreadPoolExecutor$ScheduledFutureTask.run(ScheduledThreadPoolExecutor.java:293)
	at java.util.concurrent.ThreadPoolExecutor.runWorker(ThreadPoolExecutor.java:1149)
	at java.util.concurrent.ThreadPoolExecutor$Worker.run(ThreadPoolExecutor.java:624)
	at java.lang.Thread.run(Thread.java:750)
25-03-31.22:12:45.014 [scheduling-1    ] ERROR SendMessageTaskJob     - 定时任务，发送MQ消息失败 userId: wkm topic: null
25-03-31.22:12:45.015 [scheduling-1    ] ERROR EventPublisher         - 发送MQ消息失败 topic:null message :null
java.lang.NullPointerException: null
	at org.springframework.amqp.support.converter.SimpleMessageConverter.createMessage(SimpleMessageConverter.java:164)
	at org.springframework.amqp.support.converter.AbstractMessageConverter.createMessage(AbstractMessageConverter.java:88)
	at org.springframework.amqp.support.converter.AbstractMessageConverter.toMessage(AbstractMessageConverter.java:70)
	at org.springframework.amqp.support.converter.AbstractMessageConverter.toMessage(AbstractMessageConverter.java:58)
	at org.springframework.amqp.rabbit.core.RabbitTemplate.convertMessageIfNecessary(RabbitTemplate.java:1861)
	at org.springframework.amqp.rabbit.core.RabbitTemplate.convertAndSend(RabbitTemplate.java:1167)
	at org.springframework.amqp.rabbit.core.RabbitTemplate.convertAndSend(RabbitTemplate.java:1149)
	at cn.good.infrastructure.event.EventPublisher.publish(EventPublisher.java:35)
	at cn.good.infrastructure.persistent.repository.TaskRepository.sendMessage(TaskRepository.java:45)
	at cn.good.infrastructure.persistent.repository.TaskRepository$$FastClassBySpringCGLIB$$10d01039.invoke(<generated>)
	at org.springframework.cglib.proxy.MethodProxy.invoke(MethodProxy.java:218)
	at org.springframework.aop.framework.CglibAopProxy$CglibMethodInvocation.invokeJoinpoint(CglibAopProxy.java:793)
	at org.springframework.aop.framework.ReflectiveMethodInvocation.proceed(ReflectiveMethodInvocation.java:163)
	at org.springframework.aop.framework.CglibAopProxy$CglibMethodInvocation.proceed(CglibAopProxy.java:763)
	at org.springframework.dao.support.PersistenceExceptionTranslationInterceptor.invoke(PersistenceExceptionTranslationInterceptor.java:137)
	at org.springframework.aop.framework.ReflectiveMethodInvocation.proceed(ReflectiveMethodInvocation.java:186)
	at org.springframework.aop.framework.CglibAopProxy$CglibMethodInvocation.proceed(CglibAopProxy.java:763)
	at org.springframework.aop.framework.CglibAopProxy$DynamicAdvisedInterceptor.intercept(CglibAopProxy.java:708)
	at cn.good.infrastructure.persistent.repository.TaskRepository$$EnhancerBySpringCGLIB$$c784bfba.sendMessage(<generated>)
	at cn.good.domain.task.service.TaskService.sendMessage(TaskService.java:29)
	at cn.good.trigger.job.SendMessageTaskJob.exec_db01(SendMessageTaskJob.java:42)
	at sun.reflect.GeneratedMethodAccessor144.invoke(Unknown Source)
	at sun.reflect.DelegatingMethodAccessorImpl.invoke(DelegatingMethodAccessorImpl.java:43)
	at java.lang.reflect.Method.invoke(Method.java:498)
	at org.springframework.scheduling.support.ScheduledMethodRunnable.run(ScheduledMethodRunnable.java:84)
	at org.springframework.scheduling.support.DelegatingErrorHandlingRunnable.run(DelegatingErrorHandlingRunnable.java:54)
	at org.springframework.scheduling.concurrent.ReschedulingRunnable.run(ReschedulingRunnable.java:95)
	at java.util.concurrent.Executors$RunnableAdapter.call(Executors.java:511)
	at java.util.concurrent.FutureTask.run(FutureTask.java:266)
	at java.util.concurrent.ScheduledThreadPoolExecutor$ScheduledFutureTask.access$201(ScheduledThreadPoolExecutor.java:180)
	at java.util.concurrent.ScheduledThreadPoolExecutor$ScheduledFutureTask.run(ScheduledThreadPoolExecutor.java:293)
	at java.util.concurrent.ThreadPoolExecutor.runWorker(ThreadPoolExecutor.java:1149)
	at java.util.concurrent.ThreadPoolExecutor$Worker.run(ThreadPoolExecutor.java:624)
	at java.lang.Thread.run(Thread.java:750)
25-03-31.22:12:45.015 [scheduling-1    ] ERROR SendMessageTaskJob     - 定时任务，发送MQ消息失败 userId: wkm topic: null
25-03-31.22:12:45.017 [scheduling-1    ] ERROR EventPublisher         - 发送MQ消息失败 topic:null message :null
java.lang.NullPointerException: null
	at org.springframework.amqp.support.converter.SimpleMessageConverter.createMessage(SimpleMessageConverter.java:164)
	at org.springframework.amqp.support.converter.AbstractMessageConverter.createMessage(AbstractMessageConverter.java:88)
	at org.springframework.amqp.support.converter.AbstractMessageConverter.toMessage(AbstractMessageConverter.java:70)
	at org.springframework.amqp.support.converter.AbstractMessageConverter.toMessage(AbstractMessageConverter.java:58)
	at org.springframework.amqp.rabbit.core.RabbitTemplate.convertMessageIfNecessary(RabbitTemplate.java:1861)
	at org.springframework.amqp.rabbit.core.RabbitTemplate.convertAndSend(RabbitTemplate.java:1167)
	at org.springframework.amqp.rabbit.core.RabbitTemplate.convertAndSend(RabbitTemplate.java:1149)
	at cn.good.infrastructure.event.EventPublisher.publish(EventPublisher.java:35)
	at cn.good.infrastructure.persistent.repository.TaskRepository.sendMessage(TaskRepository.java:45)
	at cn.good.infrastructure.persistent.repository.TaskRepository$$FastClassBySpringCGLIB$$10d01039.invoke(<generated>)
	at org.springframework.cglib.proxy.MethodProxy.invoke(MethodProxy.java:218)
	at org.springframework.aop.framework.CglibAopProxy$CglibMethodInvocation.invokeJoinpoint(CglibAopProxy.java:793)
	at org.springframework.aop.framework.ReflectiveMethodInvocation.proceed(ReflectiveMethodInvocation.java:163)
	at org.springframework.aop.framework.CglibAopProxy$CglibMethodInvocation.proceed(CglibAopProxy.java:763)
	at org.springframework.dao.support.PersistenceExceptionTranslationInterceptor.invoke(PersistenceExceptionTranslationInterceptor.java:137)
	at org.springframework.aop.framework.ReflectiveMethodInvocation.proceed(ReflectiveMethodInvocation.java:186)
	at org.springframework.aop.framework.CglibAopProxy$CglibMethodInvocation.proceed(CglibAopProxy.java:763)
	at org.springframework.aop.framework.CglibAopProxy$DynamicAdvisedInterceptor.intercept(CglibAopProxy.java:708)
	at cn.good.infrastructure.persistent.repository.TaskRepository$$EnhancerBySpringCGLIB$$c784bfba.sendMessage(<generated>)
	at cn.good.domain.task.service.TaskService.sendMessage(TaskService.java:29)
	at cn.good.trigger.job.SendMessageTaskJob.exec_db01(SendMessageTaskJob.java:42)
	at sun.reflect.GeneratedMethodAccessor144.invoke(Unknown Source)
	at sun.reflect.DelegatingMethodAccessorImpl.invoke(DelegatingMethodAccessorImpl.java:43)
	at java.lang.reflect.Method.invoke(Method.java:498)
	at org.springframework.scheduling.support.ScheduledMethodRunnable.run(ScheduledMethodRunnable.java:84)
	at org.springframework.scheduling.support.DelegatingErrorHandlingRunnable.run(DelegatingErrorHandlingRunnable.java:54)
	at org.springframework.scheduling.concurrent.ReschedulingRunnable.run(ReschedulingRunnable.java:95)
	at java.util.concurrent.Executors$RunnableAdapter.call(Executors.java:511)
	at java.util.concurrent.FutureTask.run(FutureTask.java:266)
	at java.util.concurrent.ScheduledThreadPoolExecutor$ScheduledFutureTask.access$201(ScheduledThreadPoolExecutor.java:180)
	at java.util.concurrent.ScheduledThreadPoolExecutor$ScheduledFutureTask.run(ScheduledThreadPoolExecutor.java:293)
	at java.util.concurrent.ThreadPoolExecutor.runWorker(ThreadPoolExecutor.java:1149)
	at java.util.concurrent.ThreadPoolExecutor$Worker.run(ThreadPoolExecutor.java:624)
	at java.lang.Thread.run(Thread.java:750)
25-03-31.22:12:45.017 [scheduling-1    ] ERROR SendMessageTaskJob     - 定时任务，发送MQ消息失败 userId: wkm topic: null
25-03-31.22:12:50.027 [scheduling-1    ] ERROR EventPublisher         - 发送MQ消息失败 topic:null message :null
java.lang.NullPointerException: null
	at org.springframework.amqp.support.converter.SimpleMessageConverter.createMessage(SimpleMessageConverter.java:164)
	at org.springframework.amqp.support.converter.AbstractMessageConverter.createMessage(AbstractMessageConverter.java:88)
	at org.springframework.amqp.support.converter.AbstractMessageConverter.toMessage(AbstractMessageConverter.java:70)
	at org.springframework.amqp.support.converter.AbstractMessageConverter.toMessage(AbstractMessageConverter.java:58)
	at org.springframework.amqp.rabbit.core.RabbitTemplate.convertMessageIfNecessary(RabbitTemplate.java:1861)
	at org.springframework.amqp.rabbit.core.RabbitTemplate.convertAndSend(RabbitTemplate.java:1167)
	at org.springframework.amqp.rabbit.core.RabbitTemplate.convertAndSend(RabbitTemplate.java:1149)
	at cn.good.infrastructure.event.EventPublisher.publish(EventPublisher.java:35)
	at cn.good.infrastructure.persistent.repository.TaskRepository.sendMessage(TaskRepository.java:45)
	at cn.good.infrastructure.persistent.repository.TaskRepository$$FastClassBySpringCGLIB$$10d01039.invoke(<generated>)
	at org.springframework.cglib.proxy.MethodProxy.invoke(MethodProxy.java:218)
	at org.springframework.aop.framework.CglibAopProxy$CglibMethodInvocation.invokeJoinpoint(CglibAopProxy.java:793)
	at org.springframework.aop.framework.ReflectiveMethodInvocation.proceed(ReflectiveMethodInvocation.java:163)
	at org.springframework.aop.framework.CglibAopProxy$CglibMethodInvocation.proceed(CglibAopProxy.java:763)
	at org.springframework.dao.support.PersistenceExceptionTranslationInterceptor.invoke(PersistenceExceptionTranslationInterceptor.java:137)
	at org.springframework.aop.framework.ReflectiveMethodInvocation.proceed(ReflectiveMethodInvocation.java:186)
	at org.springframework.aop.framework.CglibAopProxy$CglibMethodInvocation.proceed(CglibAopProxy.java:763)
	at org.springframework.aop.framework.CglibAopProxy$DynamicAdvisedInterceptor.intercept(CglibAopProxy.java:708)
	at cn.good.infrastructure.persistent.repository.TaskRepository$$EnhancerBySpringCGLIB$$c784bfba.sendMessage(<generated>)
	at cn.good.domain.task.service.TaskService.sendMessage(TaskService.java:29)
	at cn.good.trigger.job.SendMessageTaskJob.exec_db01(SendMessageTaskJob.java:42)
	at sun.reflect.GeneratedMethodAccessor144.invoke(Unknown Source)
	at sun.reflect.DelegatingMethodAccessorImpl.invoke(DelegatingMethodAccessorImpl.java:43)
	at java.lang.reflect.Method.invoke(Method.java:498)
	at org.springframework.scheduling.support.ScheduledMethodRunnable.run(ScheduledMethodRunnable.java:84)
	at org.springframework.scheduling.support.DelegatingErrorHandlingRunnable.run(DelegatingErrorHandlingRunnable.java:54)
	at org.springframework.scheduling.concurrent.ReschedulingRunnable.run(ReschedulingRunnable.java:95)
	at java.util.concurrent.Executors$RunnableAdapter.call(Executors.java:511)
	at java.util.concurrent.FutureTask.run(FutureTask.java:266)
	at java.util.concurrent.ScheduledThreadPoolExecutor$ScheduledFutureTask.access$201(ScheduledThreadPoolExecutor.java:180)
	at java.util.concurrent.ScheduledThreadPoolExecutor$ScheduledFutureTask.run(ScheduledThreadPoolExecutor.java:293)
	at java.util.concurrent.ThreadPoolExecutor.runWorker(ThreadPoolExecutor.java:1149)
	at java.util.concurrent.ThreadPoolExecutor$Worker.run(ThreadPoolExecutor.java:624)
	at java.lang.Thread.run(Thread.java:750)
25-03-31.22:12:50.027 [scheduling-1    ] ERROR SendMessageTaskJob     - 定时任务，发送MQ消息失败 userId: wkm topic: null
25-03-31.22:12:50.032 [scheduling-1    ] ERROR EventPublisher         - 发送MQ消息失败 topic:null message :null
java.lang.NullPointerException: null
	at org.springframework.amqp.support.converter.SimpleMessageConverter.createMessage(SimpleMessageConverter.java:164)
	at org.springframework.amqp.support.converter.AbstractMessageConverter.createMessage(AbstractMessageConverter.java:88)
	at org.springframework.amqp.support.converter.AbstractMessageConverter.toMessage(AbstractMessageConverter.java:70)
	at org.springframework.amqp.support.converter.AbstractMessageConverter.toMessage(AbstractMessageConverter.java:58)
	at org.springframework.amqp.rabbit.core.RabbitTemplate.convertMessageIfNecessary(RabbitTemplate.java:1861)
	at org.springframework.amqp.rabbit.core.RabbitTemplate.convertAndSend(RabbitTemplate.java:1167)
	at org.springframework.amqp.rabbit.core.RabbitTemplate.convertAndSend(RabbitTemplate.java:1149)
	at cn.good.infrastructure.event.EventPublisher.publish(EventPublisher.java:35)
	at cn.good.infrastructure.persistent.repository.TaskRepository.sendMessage(TaskRepository.java:45)
	at cn.good.infrastructure.persistent.repository.TaskRepository$$FastClassBySpringCGLIB$$10d01039.invoke(<generated>)
	at org.springframework.cglib.proxy.MethodProxy.invoke(MethodProxy.java:218)
	at org.springframework.aop.framework.CglibAopProxy$CglibMethodInvocation.invokeJoinpoint(CglibAopProxy.java:793)
	at org.springframework.aop.framework.ReflectiveMethodInvocation.proceed(ReflectiveMethodInvocation.java:163)
	at org.springframework.aop.framework.CglibAopProxy$CglibMethodInvocation.proceed(CglibAopProxy.java:763)
	at org.springframework.dao.support.PersistenceExceptionTranslationInterceptor.invoke(PersistenceExceptionTranslationInterceptor.java:137)
	at org.springframework.aop.framework.ReflectiveMethodInvocation.proceed(ReflectiveMethodInvocation.java:186)
	at org.springframework.aop.framework.CglibAopProxy$CglibMethodInvocation.proceed(CglibAopProxy.java:763)
	at org.springframework.aop.framework.CglibAopProxy$DynamicAdvisedInterceptor.intercept(CglibAopProxy.java:708)
	at cn.good.infrastructure.persistent.repository.TaskRepository$$EnhancerBySpringCGLIB$$c784bfba.sendMessage(<generated>)
	at cn.good.domain.task.service.TaskService.sendMessage(TaskService.java:29)
	at cn.good.trigger.job.SendMessageTaskJob.exec_db01(SendMessageTaskJob.java:42)
	at sun.reflect.GeneratedMethodAccessor144.invoke(Unknown Source)
	at sun.reflect.DelegatingMethodAccessorImpl.invoke(DelegatingMethodAccessorImpl.java:43)
	at java.lang.reflect.Method.invoke(Method.java:498)
	at org.springframework.scheduling.support.ScheduledMethodRunnable.run(ScheduledMethodRunnable.java:84)
	at org.springframework.scheduling.support.DelegatingErrorHandlingRunnable.run(DelegatingErrorHandlingRunnable.java:54)
	at org.springframework.scheduling.concurrent.ReschedulingRunnable.run(ReschedulingRunnable.java:95)
	at java.util.concurrent.Executors$RunnableAdapter.call(Executors.java:511)
	at java.util.concurrent.FutureTask.run(FutureTask.java:266)
	at java.util.concurrent.ScheduledThreadPoolExecutor$ScheduledFutureTask.access$201(ScheduledThreadPoolExecutor.java:180)
	at java.util.concurrent.ScheduledThreadPoolExecutor$ScheduledFutureTask.run(ScheduledThreadPoolExecutor.java:293)
	at java.util.concurrent.ThreadPoolExecutor.runWorker(ThreadPoolExecutor.java:1149)
	at java.util.concurrent.ThreadPoolExecutor$Worker.run(ThreadPoolExecutor.java:624)
	at java.lang.Thread.run(Thread.java:750)
25-03-31.22:12:50.033 [scheduling-1    ] ERROR SendMessageTaskJob     - 定时任务，发送MQ消息失败 userId: wkm topic: null
25-03-31.22:12:50.038 [scheduling-1    ] ERROR EventPublisher         - 发送MQ消息失败 topic:null message :null
java.lang.NullPointerException: null
	at org.springframework.amqp.support.converter.SimpleMessageConverter.createMessage(SimpleMessageConverter.java:164)
	at org.springframework.amqp.support.converter.AbstractMessageConverter.createMessage(AbstractMessageConverter.java:88)
	at org.springframework.amqp.support.converter.AbstractMessageConverter.toMessage(AbstractMessageConverter.java:70)
	at org.springframework.amqp.support.converter.AbstractMessageConverter.toMessage(AbstractMessageConverter.java:58)
	at org.springframework.amqp.rabbit.core.RabbitTemplate.convertMessageIfNecessary(RabbitTemplate.java:1861)
	at org.springframework.amqp.rabbit.core.RabbitTemplate.convertAndSend(RabbitTemplate.java:1167)
	at org.springframework.amqp.rabbit.core.RabbitTemplate.convertAndSend(RabbitTemplate.java:1149)
	at cn.good.infrastructure.event.EventPublisher.publish(EventPublisher.java:35)
	at cn.good.infrastructure.persistent.repository.TaskRepository.sendMessage(TaskRepository.java:45)
	at cn.good.infrastructure.persistent.repository.TaskRepository$$FastClassBySpringCGLIB$$10d01039.invoke(<generated>)
	at org.springframework.cglib.proxy.MethodProxy.invoke(MethodProxy.java:218)
	at org.springframework.aop.framework.CglibAopProxy$CglibMethodInvocation.invokeJoinpoint(CglibAopProxy.java:793)
	at org.springframework.aop.framework.ReflectiveMethodInvocation.proceed(ReflectiveMethodInvocation.java:163)
	at org.springframework.aop.framework.CglibAopProxy$CglibMethodInvocation.proceed(CglibAopProxy.java:763)
	at org.springframework.dao.support.PersistenceExceptionTranslationInterceptor.invoke(PersistenceExceptionTranslationInterceptor.java:137)
	at org.springframework.aop.framework.ReflectiveMethodInvocation.proceed(ReflectiveMethodInvocation.java:186)
	at org.springframework.aop.framework.CglibAopProxy$CglibMethodInvocation.proceed(CglibAopProxy.java:763)
	at org.springframework.aop.framework.CglibAopProxy$DynamicAdvisedInterceptor.intercept(CglibAopProxy.java:708)
	at cn.good.infrastructure.persistent.repository.TaskRepository$$EnhancerBySpringCGLIB$$c784bfba.sendMessage(<generated>)
	at cn.good.domain.task.service.TaskService.sendMessage(TaskService.java:29)
	at cn.good.trigger.job.SendMessageTaskJob.exec_db01(SendMessageTaskJob.java:42)
	at sun.reflect.GeneratedMethodAccessor144.invoke(Unknown Source)
	at sun.reflect.DelegatingMethodAccessorImpl.invoke(DelegatingMethodAccessorImpl.java:43)
	at java.lang.reflect.Method.invoke(Method.java:498)
	at org.springframework.scheduling.support.ScheduledMethodRunnable.run(ScheduledMethodRunnable.java:84)
	at org.springframework.scheduling.support.DelegatingErrorHandlingRunnable.run(DelegatingErrorHandlingRunnable.java:54)
	at org.springframework.scheduling.concurrent.ReschedulingRunnable.run(ReschedulingRunnable.java:95)
	at java.util.concurrent.Executors$RunnableAdapter.call(Executors.java:511)
	at java.util.concurrent.FutureTask.run(FutureTask.java:266)
	at java.util.concurrent.ScheduledThreadPoolExecutor$ScheduledFutureTask.access$201(ScheduledThreadPoolExecutor.java:180)
	at java.util.concurrent.ScheduledThreadPoolExecutor$ScheduledFutureTask.run(ScheduledThreadPoolExecutor.java:293)
	at java.util.concurrent.ThreadPoolExecutor.runWorker(ThreadPoolExecutor.java:1149)
	at java.util.concurrent.ThreadPoolExecutor$Worker.run(ThreadPoolExecutor.java:624)
	at java.lang.Thread.run(Thread.java:750)
25-03-31.22:12:50.038 [scheduling-1    ] ERROR SendMessageTaskJob     - 定时任务，发送MQ消息失败 userId: wkm topic: null
25-03-31.22:12:55.011 [scheduling-1    ] ERROR EventPublisher         - 发送MQ消息失败 topic:null message :null
java.lang.NullPointerException: null
	at org.springframework.amqp.support.converter.SimpleMessageConverter.createMessage(SimpleMessageConverter.java:164)
	at org.springframework.amqp.support.converter.AbstractMessageConverter.createMessage(AbstractMessageConverter.java:88)
	at org.springframework.amqp.support.converter.AbstractMessageConverter.toMessage(AbstractMessageConverter.java:70)
	at org.springframework.amqp.support.converter.AbstractMessageConverter.toMessage(AbstractMessageConverter.java:58)
	at org.springframework.amqp.rabbit.core.RabbitTemplate.convertMessageIfNecessary(RabbitTemplate.java:1861)
	at org.springframework.amqp.rabbit.core.RabbitTemplate.convertAndSend(RabbitTemplate.java:1167)
	at org.springframework.amqp.rabbit.core.RabbitTemplate.convertAndSend(RabbitTemplate.java:1149)
	at cn.good.infrastructure.event.EventPublisher.publish(EventPublisher.java:35)
	at cn.good.infrastructure.persistent.repository.TaskRepository.sendMessage(TaskRepository.java:45)
	at cn.good.infrastructure.persistent.repository.TaskRepository$$FastClassBySpringCGLIB$$10d01039.invoke(<generated>)
	at org.springframework.cglib.proxy.MethodProxy.invoke(MethodProxy.java:218)
	at org.springframework.aop.framework.CglibAopProxy$CglibMethodInvocation.invokeJoinpoint(CglibAopProxy.java:793)
	at org.springframework.aop.framework.ReflectiveMethodInvocation.proceed(ReflectiveMethodInvocation.java:163)
	at org.springframework.aop.framework.CglibAopProxy$CglibMethodInvocation.proceed(CglibAopProxy.java:763)
	at org.springframework.dao.support.PersistenceExceptionTranslationInterceptor.invoke(PersistenceExceptionTranslationInterceptor.java:137)
	at org.springframework.aop.framework.ReflectiveMethodInvocation.proceed(ReflectiveMethodInvocation.java:186)
	at org.springframework.aop.framework.CglibAopProxy$CglibMethodInvocation.proceed(CglibAopProxy.java:763)
	at org.springframework.aop.framework.CglibAopProxy$DynamicAdvisedInterceptor.intercept(CglibAopProxy.java:708)
	at cn.good.infrastructure.persistent.repository.TaskRepository$$EnhancerBySpringCGLIB$$c784bfba.sendMessage(<generated>)
	at cn.good.domain.task.service.TaskService.sendMessage(TaskService.java:29)
	at cn.good.trigger.job.SendMessageTaskJob.exec_db01(SendMessageTaskJob.java:42)
	at sun.reflect.GeneratedMethodAccessor144.invoke(Unknown Source)
	at sun.reflect.DelegatingMethodAccessorImpl.invoke(DelegatingMethodAccessorImpl.java:43)
	at java.lang.reflect.Method.invoke(Method.java:498)
	at org.springframework.scheduling.support.ScheduledMethodRunnable.run(ScheduledMethodRunnable.java:84)
	at org.springframework.scheduling.support.DelegatingErrorHandlingRunnable.run(DelegatingErrorHandlingRunnable.java:54)
	at org.springframework.scheduling.concurrent.ReschedulingRunnable.run(ReschedulingRunnable.java:95)
	at java.util.concurrent.Executors$RunnableAdapter.call(Executors.java:511)
	at java.util.concurrent.FutureTask.run(FutureTask.java:266)
	at java.util.concurrent.ScheduledThreadPoolExecutor$ScheduledFutureTask.access$201(ScheduledThreadPoolExecutor.java:180)
	at java.util.concurrent.ScheduledThreadPoolExecutor$ScheduledFutureTask.run(ScheduledThreadPoolExecutor.java:293)
	at java.util.concurrent.ThreadPoolExecutor.runWorker(ThreadPoolExecutor.java:1149)
	at java.util.concurrent.ThreadPoolExecutor$Worker.run(ThreadPoolExecutor.java:624)
	at java.lang.Thread.run(Thread.java:750)
25-03-31.22:12:55.012 [scheduling-1    ] ERROR SendMessageTaskJob     - 定时任务，发送MQ消息失败 userId: wkm topic: null
25-03-31.22:12:55.015 [scheduling-1    ] ERROR EventPublisher         - 发送MQ消息失败 topic:null message :null
java.lang.NullPointerException: null
	at org.springframework.amqp.support.converter.SimpleMessageConverter.createMessage(SimpleMessageConverter.java:164)
	at org.springframework.amqp.support.converter.AbstractMessageConverter.createMessage(AbstractMessageConverter.java:88)
	at org.springframework.amqp.support.converter.AbstractMessageConverter.toMessage(AbstractMessageConverter.java:70)
	at org.springframework.amqp.support.converter.AbstractMessageConverter.toMessage(AbstractMessageConverter.java:58)
	at org.springframework.amqp.rabbit.core.RabbitTemplate.convertMessageIfNecessary(RabbitTemplate.java:1861)
	at org.springframework.amqp.rabbit.core.RabbitTemplate.convertAndSend(RabbitTemplate.java:1167)
	at org.springframework.amqp.rabbit.core.RabbitTemplate.convertAndSend(RabbitTemplate.java:1149)
	at cn.good.infrastructure.event.EventPublisher.publish(EventPublisher.java:35)
	at cn.good.infrastructure.persistent.repository.TaskRepository.sendMessage(TaskRepository.java:45)
	at cn.good.infrastructure.persistent.repository.TaskRepository$$FastClassBySpringCGLIB$$10d01039.invoke(<generated>)
	at org.springframework.cglib.proxy.MethodProxy.invoke(MethodProxy.java:218)
	at org.springframework.aop.framework.CglibAopProxy$CglibMethodInvocation.invokeJoinpoint(CglibAopProxy.java:793)
	at org.springframework.aop.framework.ReflectiveMethodInvocation.proceed(ReflectiveMethodInvocation.java:163)
	at org.springframework.aop.framework.CglibAopProxy$CglibMethodInvocation.proceed(CglibAopProxy.java:763)
	at org.springframework.dao.support.PersistenceExceptionTranslationInterceptor.invoke(PersistenceExceptionTranslationInterceptor.java:137)
	at org.springframework.aop.framework.ReflectiveMethodInvocation.proceed(ReflectiveMethodInvocation.java:186)
	at org.springframework.aop.framework.CglibAopProxy$CglibMethodInvocation.proceed(CglibAopProxy.java:763)
	at org.springframework.aop.framework.CglibAopProxy$DynamicAdvisedInterceptor.intercept(CglibAopProxy.java:708)
	at cn.good.infrastructure.persistent.repository.TaskRepository$$EnhancerBySpringCGLIB$$c784bfba.sendMessage(<generated>)
	at cn.good.domain.task.service.TaskService.sendMessage(TaskService.java:29)
	at cn.good.trigger.job.SendMessageTaskJob.exec_db01(SendMessageTaskJob.java:42)
	at sun.reflect.GeneratedMethodAccessor144.invoke(Unknown Source)
	at sun.reflect.DelegatingMethodAccessorImpl.invoke(DelegatingMethodAccessorImpl.java:43)
	at java.lang.reflect.Method.invoke(Method.java:498)
	at org.springframework.scheduling.support.ScheduledMethodRunnable.run(ScheduledMethodRunnable.java:84)
	at org.springframework.scheduling.support.DelegatingErrorHandlingRunnable.run(DelegatingErrorHandlingRunnable.java:54)
	at org.springframework.scheduling.concurrent.ReschedulingRunnable.run(ReschedulingRunnable.java:95)
	at java.util.concurrent.Executors$RunnableAdapter.call(Executors.java:511)
	at java.util.concurrent.FutureTask.run(FutureTask.java:266)
	at java.util.concurrent.ScheduledThreadPoolExecutor$ScheduledFutureTask.access$201(ScheduledThreadPoolExecutor.java:180)
	at java.util.concurrent.ScheduledThreadPoolExecutor$ScheduledFutureTask.run(ScheduledThreadPoolExecutor.java:293)
	at java.util.concurrent.ThreadPoolExecutor.runWorker(ThreadPoolExecutor.java:1149)
	at java.util.concurrent.ThreadPoolExecutor$Worker.run(ThreadPoolExecutor.java:624)
	at java.lang.Thread.run(Thread.java:750)
25-03-31.22:12:55.015 [scheduling-1    ] ERROR SendMessageTaskJob     - 定时任务，发送MQ消息失败 userId: wkm topic: null
25-03-31.22:12:55.016 [scheduling-1    ] ERROR EventPublisher         - 发送MQ消息失败 topic:null message :null
java.lang.NullPointerException: null
	at org.springframework.amqp.support.converter.SimpleMessageConverter.createMessage(SimpleMessageConverter.java:164)
	at org.springframework.amqp.support.converter.AbstractMessageConverter.createMessage(AbstractMessageConverter.java:88)
	at org.springframework.amqp.support.converter.AbstractMessageConverter.toMessage(AbstractMessageConverter.java:70)
	at org.springframework.amqp.support.converter.AbstractMessageConverter.toMessage(AbstractMessageConverter.java:58)
	at org.springframework.amqp.rabbit.core.RabbitTemplate.convertMessageIfNecessary(RabbitTemplate.java:1861)
	at org.springframework.amqp.rabbit.core.RabbitTemplate.convertAndSend(RabbitTemplate.java:1167)
	at org.springframework.amqp.rabbit.core.RabbitTemplate.convertAndSend(RabbitTemplate.java:1149)
	at cn.good.infrastructure.event.EventPublisher.publish(EventPublisher.java:35)
	at cn.good.infrastructure.persistent.repository.TaskRepository.sendMessage(TaskRepository.java:45)
	at cn.good.infrastructure.persistent.repository.TaskRepository$$FastClassBySpringCGLIB$$10d01039.invoke(<generated>)
	at org.springframework.cglib.proxy.MethodProxy.invoke(MethodProxy.java:218)
	at org.springframework.aop.framework.CglibAopProxy$CglibMethodInvocation.invokeJoinpoint(CglibAopProxy.java:793)
	at org.springframework.aop.framework.ReflectiveMethodInvocation.proceed(ReflectiveMethodInvocation.java:163)
	at org.springframework.aop.framework.CglibAopProxy$CglibMethodInvocation.proceed(CglibAopProxy.java:763)
	at org.springframework.dao.support.PersistenceExceptionTranslationInterceptor.invoke(PersistenceExceptionTranslationInterceptor.java:137)
	at org.springframework.aop.framework.ReflectiveMethodInvocation.proceed(ReflectiveMethodInvocation.java:186)
	at org.springframework.aop.framework.CglibAopProxy$CglibMethodInvocation.proceed(CglibAopProxy.java:763)
	at org.springframework.aop.framework.CglibAopProxy$DynamicAdvisedInterceptor.intercept(CglibAopProxy.java:708)
	at cn.good.infrastructure.persistent.repository.TaskRepository$$EnhancerBySpringCGLIB$$c784bfba.sendMessage(<generated>)
	at cn.good.domain.task.service.TaskService.sendMessage(TaskService.java:29)
	at cn.good.trigger.job.SendMessageTaskJob.exec_db01(SendMessageTaskJob.java:42)
	at sun.reflect.GeneratedMethodAccessor144.invoke(Unknown Source)
	at sun.reflect.DelegatingMethodAccessorImpl.invoke(DelegatingMethodAccessorImpl.java:43)
	at java.lang.reflect.Method.invoke(Method.java:498)
	at org.springframework.scheduling.support.ScheduledMethodRunnable.run(ScheduledMethodRunnable.java:84)
	at org.springframework.scheduling.support.DelegatingErrorHandlingRunnable.run(DelegatingErrorHandlingRunnable.java:54)
	at org.springframework.scheduling.concurrent.ReschedulingRunnable.run(ReschedulingRunnable.java:95)
	at java.util.concurrent.Executors$RunnableAdapter.call(Executors.java:511)
	at java.util.concurrent.FutureTask.run(FutureTask.java:266)
	at java.util.concurrent.ScheduledThreadPoolExecutor$ScheduledFutureTask.access$201(ScheduledThreadPoolExecutor.java:180)
	at java.util.concurrent.ScheduledThreadPoolExecutor$ScheduledFutureTask.run(ScheduledThreadPoolExecutor.java:293)
	at java.util.concurrent.ThreadPoolExecutor.runWorker(ThreadPoolExecutor.java:1149)
	at java.util.concurrent.ThreadPoolExecutor$Worker.run(ThreadPoolExecutor.java:624)
	at java.lang.Thread.run(Thread.java:750)
25-03-31.22:12:55.016 [scheduling-1    ] ERROR SendMessageTaskJob     - 定时任务，发送MQ消息失败 userId: wkm topic: null
25-03-31.22:13:00.005 [scheduling-1    ] ERROR EventPublisher         - 发送MQ消息失败 topic:null message :null
java.lang.NullPointerException: null
	at org.springframework.amqp.support.converter.SimpleMessageConverter.createMessage(SimpleMessageConverter.java:164)
	at org.springframework.amqp.support.converter.AbstractMessageConverter.createMessage(AbstractMessageConverter.java:88)
	at org.springframework.amqp.support.converter.AbstractMessageConverter.toMessage(AbstractMessageConverter.java:70)
	at org.springframework.amqp.support.converter.AbstractMessageConverter.toMessage(AbstractMessageConverter.java:58)
	at org.springframework.amqp.rabbit.core.RabbitTemplate.convertMessageIfNecessary(RabbitTemplate.java:1861)
	at org.springframework.amqp.rabbit.core.RabbitTemplate.convertAndSend(RabbitTemplate.java:1167)
	at org.springframework.amqp.rabbit.core.RabbitTemplate.convertAndSend(RabbitTemplate.java:1149)
	at cn.good.infrastructure.event.EventPublisher.publish(EventPublisher.java:35)
	at cn.good.infrastructure.persistent.repository.TaskRepository.sendMessage(TaskRepository.java:45)
	at cn.good.infrastructure.persistent.repository.TaskRepository$$FastClassBySpringCGLIB$$10d01039.invoke(<generated>)
	at org.springframework.cglib.proxy.MethodProxy.invoke(MethodProxy.java:218)
	at org.springframework.aop.framework.CglibAopProxy$CglibMethodInvocation.invokeJoinpoint(CglibAopProxy.java:793)
	at org.springframework.aop.framework.ReflectiveMethodInvocation.proceed(ReflectiveMethodInvocation.java:163)
	at org.springframework.aop.framework.CglibAopProxy$CglibMethodInvocation.proceed(CglibAopProxy.java:763)
	at org.springframework.dao.support.PersistenceExceptionTranslationInterceptor.invoke(PersistenceExceptionTranslationInterceptor.java:137)
	at org.springframework.aop.framework.ReflectiveMethodInvocation.proceed(ReflectiveMethodInvocation.java:186)
	at org.springframework.aop.framework.CglibAopProxy$CglibMethodInvocation.proceed(CglibAopProxy.java:763)
	at org.springframework.aop.framework.CglibAopProxy$DynamicAdvisedInterceptor.intercept(CglibAopProxy.java:708)
	at cn.good.infrastructure.persistent.repository.TaskRepository$$EnhancerBySpringCGLIB$$c784bfba.sendMessage(<generated>)
	at cn.good.domain.task.service.TaskService.sendMessage(TaskService.java:29)
	at cn.good.trigger.job.SendMessageTaskJob.exec_db01(SendMessageTaskJob.java:42)
	at sun.reflect.GeneratedMethodAccessor144.invoke(Unknown Source)
	at sun.reflect.DelegatingMethodAccessorImpl.invoke(DelegatingMethodAccessorImpl.java:43)
	at java.lang.reflect.Method.invoke(Method.java:498)
	at org.springframework.scheduling.support.ScheduledMethodRunnable.run(ScheduledMethodRunnable.java:84)
	at org.springframework.scheduling.support.DelegatingErrorHandlingRunnable.run(DelegatingErrorHandlingRunnable.java:54)
	at org.springframework.scheduling.concurrent.ReschedulingRunnable.run(ReschedulingRunnable.java:95)
	at java.util.concurrent.Executors$RunnableAdapter.call(Executors.java:511)
	at java.util.concurrent.FutureTask.run(FutureTask.java:266)
	at java.util.concurrent.ScheduledThreadPoolExecutor$ScheduledFutureTask.access$201(ScheduledThreadPoolExecutor.java:180)
	at java.util.concurrent.ScheduledThreadPoolExecutor$ScheduledFutureTask.run(ScheduledThreadPoolExecutor.java:293)
	at java.util.concurrent.ThreadPoolExecutor.runWorker(ThreadPoolExecutor.java:1149)
	at java.util.concurrent.ThreadPoolExecutor$Worker.run(ThreadPoolExecutor.java:624)
	at java.lang.Thread.run(Thread.java:750)
25-03-31.22:13:00.005 [scheduling-1    ] ERROR SendMessageTaskJob     - 定时任务，发送MQ消息失败 userId: wkm topic: null
25-03-31.22:13:00.007 [scheduling-1    ] ERROR EventPublisher         - 发送MQ消息失败 topic:null message :null
java.lang.NullPointerException: null
	at org.springframework.amqp.support.converter.SimpleMessageConverter.createMessage(SimpleMessageConverter.java:164)
	at org.springframework.amqp.support.converter.AbstractMessageConverter.createMessage(AbstractMessageConverter.java:88)
	at org.springframework.amqp.support.converter.AbstractMessageConverter.toMessage(AbstractMessageConverter.java:70)
	at org.springframework.amqp.support.converter.AbstractMessageConverter.toMessage(AbstractMessageConverter.java:58)
	at org.springframework.amqp.rabbit.core.RabbitTemplate.convertMessageIfNecessary(RabbitTemplate.java:1861)
	at org.springframework.amqp.rabbit.core.RabbitTemplate.convertAndSend(RabbitTemplate.java:1167)
	at org.springframework.amqp.rabbit.core.RabbitTemplate.convertAndSend(RabbitTemplate.java:1149)
	at cn.good.infrastructure.event.EventPublisher.publish(EventPublisher.java:35)
	at cn.good.infrastructure.persistent.repository.TaskRepository.sendMessage(TaskRepository.java:45)
	at cn.good.infrastructure.persistent.repository.TaskRepository$$FastClassBySpringCGLIB$$10d01039.invoke(<generated>)
	at org.springframework.cglib.proxy.MethodProxy.invoke(MethodProxy.java:218)
	at org.springframework.aop.framework.CglibAopProxy$CglibMethodInvocation.invokeJoinpoint(CglibAopProxy.java:793)
	at org.springframework.aop.framework.ReflectiveMethodInvocation.proceed(ReflectiveMethodInvocation.java:163)
	at org.springframework.aop.framework.CglibAopProxy$CglibMethodInvocation.proceed(CglibAopProxy.java:763)
	at org.springframework.dao.support.PersistenceExceptionTranslationInterceptor.invoke(PersistenceExceptionTranslationInterceptor.java:137)
	at org.springframework.aop.framework.ReflectiveMethodInvocation.proceed(ReflectiveMethodInvocation.java:186)
	at org.springframework.aop.framework.CglibAopProxy$CglibMethodInvocation.proceed(CglibAopProxy.java:763)
	at org.springframework.aop.framework.CglibAopProxy$DynamicAdvisedInterceptor.intercept(CglibAopProxy.java:708)
	at cn.good.infrastructure.persistent.repository.TaskRepository$$EnhancerBySpringCGLIB$$c784bfba.sendMessage(<generated>)
	at cn.good.domain.task.service.TaskService.sendMessage(TaskService.java:29)
	at cn.good.trigger.job.SendMessageTaskJob.exec_db01(SendMessageTaskJob.java:42)
	at sun.reflect.GeneratedMethodAccessor144.invoke(Unknown Source)
	at sun.reflect.DelegatingMethodAccessorImpl.invoke(DelegatingMethodAccessorImpl.java:43)
	at java.lang.reflect.Method.invoke(Method.java:498)
	at org.springframework.scheduling.support.ScheduledMethodRunnable.run(ScheduledMethodRunnable.java:84)
	at org.springframework.scheduling.support.DelegatingErrorHandlingRunnable.run(DelegatingErrorHandlingRunnable.java:54)
	at org.springframework.scheduling.concurrent.ReschedulingRunnable.run(ReschedulingRunnable.java:95)
	at java.util.concurrent.Executors$RunnableAdapter.call(Executors.java:511)
	at java.util.concurrent.FutureTask.run(FutureTask.java:266)
	at java.util.concurrent.ScheduledThreadPoolExecutor$ScheduledFutureTask.access$201(ScheduledThreadPoolExecutor.java:180)
	at java.util.concurrent.ScheduledThreadPoolExecutor$ScheduledFutureTask.run(ScheduledThreadPoolExecutor.java:293)
	at java.util.concurrent.ThreadPoolExecutor.runWorker(ThreadPoolExecutor.java:1149)
	at java.util.concurrent.ThreadPoolExecutor$Worker.run(ThreadPoolExecutor.java:624)
	at java.lang.Thread.run(Thread.java:750)
25-03-31.22:13:00.008 [scheduling-1    ] ERROR SendMessageTaskJob     - 定时任务，发送MQ消息失败 userId: wkm topic: null
25-03-31.22:13:00.010 [scheduling-1    ] ERROR EventPublisher         - 发送MQ消息失败 topic:null message :null
java.lang.NullPointerException: null
	at org.springframework.amqp.support.converter.SimpleMessageConverter.createMessage(SimpleMessageConverter.java:164)
	at org.springframework.amqp.support.converter.AbstractMessageConverter.createMessage(AbstractMessageConverter.java:88)
	at org.springframework.amqp.support.converter.AbstractMessageConverter.toMessage(AbstractMessageConverter.java:70)
	at org.springframework.amqp.support.converter.AbstractMessageConverter.toMessage(AbstractMessageConverter.java:58)
	at org.springframework.amqp.rabbit.core.RabbitTemplate.convertMessageIfNecessary(RabbitTemplate.java:1861)
	at org.springframework.amqp.rabbit.core.RabbitTemplate.convertAndSend(RabbitTemplate.java:1167)
	at org.springframework.amqp.rabbit.core.RabbitTemplate.convertAndSend(RabbitTemplate.java:1149)
	at cn.good.infrastructure.event.EventPublisher.publish(EventPublisher.java:35)
	at cn.good.infrastructure.persistent.repository.TaskRepository.sendMessage(TaskRepository.java:45)
	at cn.good.infrastructure.persistent.repository.TaskRepository$$FastClassBySpringCGLIB$$10d01039.invoke(<generated>)
	at org.springframework.cglib.proxy.MethodProxy.invoke(MethodProxy.java:218)
	at org.springframework.aop.framework.CglibAopProxy$CglibMethodInvocation.invokeJoinpoint(CglibAopProxy.java:793)
	at org.springframework.aop.framework.ReflectiveMethodInvocation.proceed(ReflectiveMethodInvocation.java:163)
	at org.springframework.aop.framework.CglibAopProxy$CglibMethodInvocation.proceed(CglibAopProxy.java:763)
	at org.springframework.dao.support.PersistenceExceptionTranslationInterceptor.invoke(PersistenceExceptionTranslationInterceptor.java:137)
	at org.springframework.aop.framework.ReflectiveMethodInvocation.proceed(ReflectiveMethodInvocation.java:186)
	at org.springframework.aop.framework.CglibAopProxy$CglibMethodInvocation.proceed(CglibAopProxy.java:763)
	at org.springframework.aop.framework.CglibAopProxy$DynamicAdvisedInterceptor.intercept(CglibAopProxy.java:708)
	at cn.good.infrastructure.persistent.repository.TaskRepository$$EnhancerBySpringCGLIB$$c784bfba.sendMessage(<generated>)
	at cn.good.domain.task.service.TaskService.sendMessage(TaskService.java:29)
	at cn.good.trigger.job.SendMessageTaskJob.exec_db01(SendMessageTaskJob.java:42)
	at sun.reflect.GeneratedMethodAccessor144.invoke(Unknown Source)
	at sun.reflect.DelegatingMethodAccessorImpl.invoke(DelegatingMethodAccessorImpl.java:43)
	at java.lang.reflect.Method.invoke(Method.java:498)
	at org.springframework.scheduling.support.ScheduledMethodRunnable.run(ScheduledMethodRunnable.java:84)
	at org.springframework.scheduling.support.DelegatingErrorHandlingRunnable.run(DelegatingErrorHandlingRunnable.java:54)
	at org.springframework.scheduling.concurrent.ReschedulingRunnable.run(ReschedulingRunnable.java:95)
	at java.util.concurrent.Executors$RunnableAdapter.call(Executors.java:511)
	at java.util.concurrent.FutureTask.run(FutureTask.java:266)
	at java.util.concurrent.ScheduledThreadPoolExecutor$ScheduledFutureTask.access$201(ScheduledThreadPoolExecutor.java:180)
	at java.util.concurrent.ScheduledThreadPoolExecutor$ScheduledFutureTask.run(ScheduledThreadPoolExecutor.java:293)
	at java.util.concurrent.ThreadPoolExecutor.runWorker(ThreadPoolExecutor.java:1149)
	at java.util.concurrent.ThreadPoolExecutor$Worker.run(ThreadPoolExecutor.java:624)
	at java.lang.Thread.run(Thread.java:750)
25-03-31.22:13:00.010 [scheduling-1    ] ERROR SendMessageTaskJob     - 定时任务，发送MQ消息失败 userId: wkm topic: null
25-03-31.22:13:05.012 [scheduling-1    ] ERROR EventPublisher         - 发送MQ消息失败 topic:null message :null
java.lang.NullPointerException: null
	at org.springframework.amqp.support.converter.SimpleMessageConverter.createMessage(SimpleMessageConverter.java:164)
	at org.springframework.amqp.support.converter.AbstractMessageConverter.createMessage(AbstractMessageConverter.java:88)
	at org.springframework.amqp.support.converter.AbstractMessageConverter.toMessage(AbstractMessageConverter.java:70)
	at org.springframework.amqp.support.converter.AbstractMessageConverter.toMessage(AbstractMessageConverter.java:58)
	at org.springframework.amqp.rabbit.core.RabbitTemplate.convertMessageIfNecessary(RabbitTemplate.java:1861)
	at org.springframework.amqp.rabbit.core.RabbitTemplate.convertAndSend(RabbitTemplate.java:1167)
	at org.springframework.amqp.rabbit.core.RabbitTemplate.convertAndSend(RabbitTemplate.java:1149)
	at cn.good.infrastructure.event.EventPublisher.publish(EventPublisher.java:35)
	at cn.good.infrastructure.persistent.repository.TaskRepository.sendMessage(TaskRepository.java:45)
	at cn.good.infrastructure.persistent.repository.TaskRepository$$FastClassBySpringCGLIB$$10d01039.invoke(<generated>)
	at org.springframework.cglib.proxy.MethodProxy.invoke(MethodProxy.java:218)
	at org.springframework.aop.framework.CglibAopProxy$CglibMethodInvocation.invokeJoinpoint(CglibAopProxy.java:793)
	at org.springframework.aop.framework.ReflectiveMethodInvocation.proceed(ReflectiveMethodInvocation.java:163)
	at org.springframework.aop.framework.CglibAopProxy$CglibMethodInvocation.proceed(CglibAopProxy.java:763)
	at org.springframework.dao.support.PersistenceExceptionTranslationInterceptor.invoke(PersistenceExceptionTranslationInterceptor.java:137)
	at org.springframework.aop.framework.ReflectiveMethodInvocation.proceed(ReflectiveMethodInvocation.java:186)
	at org.springframework.aop.framework.CglibAopProxy$CglibMethodInvocation.proceed(CglibAopProxy.java:763)
	at org.springframework.aop.framework.CglibAopProxy$DynamicAdvisedInterceptor.intercept(CglibAopProxy.java:708)
	at cn.good.infrastructure.persistent.repository.TaskRepository$$EnhancerBySpringCGLIB$$c784bfba.sendMessage(<generated>)
	at cn.good.domain.task.service.TaskService.sendMessage(TaskService.java:29)
	at cn.good.trigger.job.SendMessageTaskJob.exec_db01(SendMessageTaskJob.java:42)
	at sun.reflect.GeneratedMethodAccessor144.invoke(Unknown Source)
	at sun.reflect.DelegatingMethodAccessorImpl.invoke(DelegatingMethodAccessorImpl.java:43)
	at java.lang.reflect.Method.invoke(Method.java:498)
	at org.springframework.scheduling.support.ScheduledMethodRunnable.run(ScheduledMethodRunnable.java:84)
	at org.springframework.scheduling.support.DelegatingErrorHandlingRunnable.run(DelegatingErrorHandlingRunnable.java:54)
	at org.springframework.scheduling.concurrent.ReschedulingRunnable.run(ReschedulingRunnable.java:95)
	at java.util.concurrent.Executors$RunnableAdapter.call(Executors.java:511)
	at java.util.concurrent.FutureTask.run(FutureTask.java:266)
	at java.util.concurrent.ScheduledThreadPoolExecutor$ScheduledFutureTask.access$201(ScheduledThreadPoolExecutor.java:180)
	at java.util.concurrent.ScheduledThreadPoolExecutor$ScheduledFutureTask.run(ScheduledThreadPoolExecutor.java:293)
	at java.util.concurrent.ThreadPoolExecutor.runWorker(ThreadPoolExecutor.java:1149)
	at java.util.concurrent.ThreadPoolExecutor$Worker.run(ThreadPoolExecutor.java:624)
	at java.lang.Thread.run(Thread.java:750)
25-03-31.22:13:05.013 [scheduling-1    ] ERROR SendMessageTaskJob     - 定时任务，发送MQ消息失败 userId: wkm topic: null
25-03-31.22:13:05.014 [scheduling-1    ] ERROR EventPublisher         - 发送MQ消息失败 topic:null message :null
java.lang.NullPointerException: null
	at org.springframework.amqp.support.converter.SimpleMessageConverter.createMessage(SimpleMessageConverter.java:164)
	at org.springframework.amqp.support.converter.AbstractMessageConverter.createMessage(AbstractMessageConverter.java:88)
	at org.springframework.amqp.support.converter.AbstractMessageConverter.toMessage(AbstractMessageConverter.java:70)
	at org.springframework.amqp.support.converter.AbstractMessageConverter.toMessage(AbstractMessageConverter.java:58)
	at org.springframework.amqp.rabbit.core.RabbitTemplate.convertMessageIfNecessary(RabbitTemplate.java:1861)
	at org.springframework.amqp.rabbit.core.RabbitTemplate.convertAndSend(RabbitTemplate.java:1167)
	at org.springframework.amqp.rabbit.core.RabbitTemplate.convertAndSend(RabbitTemplate.java:1149)
	at cn.good.infrastructure.event.EventPublisher.publish(EventPublisher.java:35)
	at cn.good.infrastructure.persistent.repository.TaskRepository.sendMessage(TaskRepository.java:45)
	at cn.good.infrastructure.persistent.repository.TaskRepository$$FastClassBySpringCGLIB$$10d01039.invoke(<generated>)
	at org.springframework.cglib.proxy.MethodProxy.invoke(MethodProxy.java:218)
	at org.springframework.aop.framework.CglibAopProxy$CglibMethodInvocation.invokeJoinpoint(CglibAopProxy.java:793)
	at org.springframework.aop.framework.ReflectiveMethodInvocation.proceed(ReflectiveMethodInvocation.java:163)
	at org.springframework.aop.framework.CglibAopProxy$CglibMethodInvocation.proceed(CglibAopProxy.java:763)
	at org.springframework.dao.support.PersistenceExceptionTranslationInterceptor.invoke(PersistenceExceptionTranslationInterceptor.java:137)
	at org.springframework.aop.framework.ReflectiveMethodInvocation.proceed(ReflectiveMethodInvocation.java:186)
	at org.springframework.aop.framework.CglibAopProxy$CglibMethodInvocation.proceed(CglibAopProxy.java:763)
	at org.springframework.aop.framework.CglibAopProxy$DynamicAdvisedInterceptor.intercept(CglibAopProxy.java:708)
	at cn.good.infrastructure.persistent.repository.TaskRepository$$EnhancerBySpringCGLIB$$c784bfba.sendMessage(<generated>)
	at cn.good.domain.task.service.TaskService.sendMessage(TaskService.java:29)
	at cn.good.trigger.job.SendMessageTaskJob.exec_db01(SendMessageTaskJob.java:42)
	at sun.reflect.GeneratedMethodAccessor144.invoke(Unknown Source)
	at sun.reflect.DelegatingMethodAccessorImpl.invoke(DelegatingMethodAccessorImpl.java:43)
	at java.lang.reflect.Method.invoke(Method.java:498)
	at org.springframework.scheduling.support.ScheduledMethodRunnable.run(ScheduledMethodRunnable.java:84)
	at org.springframework.scheduling.support.DelegatingErrorHandlingRunnable.run(DelegatingErrorHandlingRunnable.java:54)
	at org.springframework.scheduling.concurrent.ReschedulingRunnable.run(ReschedulingRunnable.java:95)
	at java.util.concurrent.Executors$RunnableAdapter.call(Executors.java:511)
	at java.util.concurrent.FutureTask.run(FutureTask.java:266)
	at java.util.concurrent.ScheduledThreadPoolExecutor$ScheduledFutureTask.access$201(ScheduledThreadPoolExecutor.java:180)
	at java.util.concurrent.ScheduledThreadPoolExecutor$ScheduledFutureTask.run(ScheduledThreadPoolExecutor.java:293)
	at java.util.concurrent.ThreadPoolExecutor.runWorker(ThreadPoolExecutor.java:1149)
	at java.util.concurrent.ThreadPoolExecutor$Worker.run(ThreadPoolExecutor.java:624)
	at java.lang.Thread.run(Thread.java:750)
25-03-31.22:13:05.014 [scheduling-1    ] ERROR SendMessageTaskJob     - 定时任务，发送MQ消息失败 userId: wkm topic: null
25-03-31.22:13:05.016 [scheduling-1    ] ERROR EventPublisher         - 发送MQ消息失败 topic:null message :null
java.lang.NullPointerException: null
	at org.springframework.amqp.support.converter.SimpleMessageConverter.createMessage(SimpleMessageConverter.java:164)
	at org.springframework.amqp.support.converter.AbstractMessageConverter.createMessage(AbstractMessageConverter.java:88)
	at org.springframework.amqp.support.converter.AbstractMessageConverter.toMessage(AbstractMessageConverter.java:70)
	at org.springframework.amqp.support.converter.AbstractMessageConverter.toMessage(AbstractMessageConverter.java:58)
	at org.springframework.amqp.rabbit.core.RabbitTemplate.convertMessageIfNecessary(RabbitTemplate.java:1861)
	at org.springframework.amqp.rabbit.core.RabbitTemplate.convertAndSend(RabbitTemplate.java:1167)
	at org.springframework.amqp.rabbit.core.RabbitTemplate.convertAndSend(RabbitTemplate.java:1149)
	at cn.good.infrastructure.event.EventPublisher.publish(EventPublisher.java:35)
	at cn.good.infrastructure.persistent.repository.TaskRepository.sendMessage(TaskRepository.java:45)
	at cn.good.infrastructure.persistent.repository.TaskRepository$$FastClassBySpringCGLIB$$10d01039.invoke(<generated>)
	at org.springframework.cglib.proxy.MethodProxy.invoke(MethodProxy.java:218)
	at org.springframework.aop.framework.CglibAopProxy$CglibMethodInvocation.invokeJoinpoint(CglibAopProxy.java:793)
	at org.springframework.aop.framework.ReflectiveMethodInvocation.proceed(ReflectiveMethodInvocation.java:163)
	at org.springframework.aop.framework.CglibAopProxy$CglibMethodInvocation.proceed(CglibAopProxy.java:763)
	at org.springframework.dao.support.PersistenceExceptionTranslationInterceptor.invoke(PersistenceExceptionTranslationInterceptor.java:137)
	at org.springframework.aop.framework.ReflectiveMethodInvocation.proceed(ReflectiveMethodInvocation.java:186)
	at org.springframework.aop.framework.CglibAopProxy$CglibMethodInvocation.proceed(CglibAopProxy.java:763)
	at org.springframework.aop.framework.CglibAopProxy$DynamicAdvisedInterceptor.intercept(CglibAopProxy.java:708)
	at cn.good.infrastructure.persistent.repository.TaskRepository$$EnhancerBySpringCGLIB$$c784bfba.sendMessage(<generated>)
	at cn.good.domain.task.service.TaskService.sendMessage(TaskService.java:29)
	at cn.good.trigger.job.SendMessageTaskJob.exec_db01(SendMessageTaskJob.java:42)
	at sun.reflect.GeneratedMethodAccessor144.invoke(Unknown Source)
	at sun.reflect.DelegatingMethodAccessorImpl.invoke(DelegatingMethodAccessorImpl.java:43)
	at java.lang.reflect.Method.invoke(Method.java:498)
	at org.springframework.scheduling.support.ScheduledMethodRunnable.run(ScheduledMethodRunnable.java:84)
	at org.springframework.scheduling.support.DelegatingErrorHandlingRunnable.run(DelegatingErrorHandlingRunnable.java:54)
	at org.springframework.scheduling.concurrent.ReschedulingRunnable.run(ReschedulingRunnable.java:95)
	at java.util.concurrent.Executors$RunnableAdapter.call(Executors.java:511)
	at java.util.concurrent.FutureTask.run(FutureTask.java:266)
	at java.util.concurrent.ScheduledThreadPoolExecutor$ScheduledFutureTask.access$201(ScheduledThreadPoolExecutor.java:180)
	at java.util.concurrent.ScheduledThreadPoolExecutor$ScheduledFutureTask.run(ScheduledThreadPoolExecutor.java:293)
	at java.util.concurrent.ThreadPoolExecutor.runWorker(ThreadPoolExecutor.java:1149)
	at java.util.concurrent.ThreadPoolExecutor$Worker.run(ThreadPoolExecutor.java:624)
	at java.lang.Thread.run(Thread.java:750)
25-03-31.22:13:05.016 [scheduling-1    ] ERROR SendMessageTaskJob     - 定时任务，发送MQ消息失败 userId: wkm topic: null
25-03-31.22:13:10.018 [scheduling-1    ] ERROR EventPublisher         - 发送MQ消息失败 topic:null message :null
java.lang.NullPointerException: null
	at org.springframework.amqp.support.converter.SimpleMessageConverter.createMessage(SimpleMessageConverter.java:164)
	at org.springframework.amqp.support.converter.AbstractMessageConverter.createMessage(AbstractMessageConverter.java:88)
	at org.springframework.amqp.support.converter.AbstractMessageConverter.toMessage(AbstractMessageConverter.java:70)
	at org.springframework.amqp.support.converter.AbstractMessageConverter.toMessage(AbstractMessageConverter.java:58)
	at org.springframework.amqp.rabbit.core.RabbitTemplate.convertMessageIfNecessary(RabbitTemplate.java:1861)
	at org.springframework.amqp.rabbit.core.RabbitTemplate.convertAndSend(RabbitTemplate.java:1167)
	at org.springframework.amqp.rabbit.core.RabbitTemplate.convertAndSend(RabbitTemplate.java:1149)
	at cn.good.infrastructure.event.EventPublisher.publish(EventPublisher.java:35)
	at cn.good.infrastructure.persistent.repository.TaskRepository.sendMessage(TaskRepository.java:45)
	at cn.good.infrastructure.persistent.repository.TaskRepository$$FastClassBySpringCGLIB$$10d01039.invoke(<generated>)
	at org.springframework.cglib.proxy.MethodProxy.invoke(MethodProxy.java:218)
	at org.springframework.aop.framework.CglibAopProxy$CglibMethodInvocation.invokeJoinpoint(CglibAopProxy.java:793)
	at org.springframework.aop.framework.ReflectiveMethodInvocation.proceed(ReflectiveMethodInvocation.java:163)
	at org.springframework.aop.framework.CglibAopProxy$CglibMethodInvocation.proceed(CglibAopProxy.java:763)
	at org.springframework.dao.support.PersistenceExceptionTranslationInterceptor.invoke(PersistenceExceptionTranslationInterceptor.java:137)
	at org.springframework.aop.framework.ReflectiveMethodInvocation.proceed(ReflectiveMethodInvocation.java:186)
	at org.springframework.aop.framework.CglibAopProxy$CglibMethodInvocation.proceed(CglibAopProxy.java:763)
	at org.springframework.aop.framework.CglibAopProxy$DynamicAdvisedInterceptor.intercept(CglibAopProxy.java:708)
	at cn.good.infrastructure.persistent.repository.TaskRepository$$EnhancerBySpringCGLIB$$c784bfba.sendMessage(<generated>)
	at cn.good.domain.task.service.TaskService.sendMessage(TaskService.java:29)
	at cn.good.trigger.job.SendMessageTaskJob.exec_db01(SendMessageTaskJob.java:42)
	at sun.reflect.GeneratedMethodAccessor144.invoke(Unknown Source)
	at sun.reflect.DelegatingMethodAccessorImpl.invoke(DelegatingMethodAccessorImpl.java:43)
	at java.lang.reflect.Method.invoke(Method.java:498)
	at org.springframework.scheduling.support.ScheduledMethodRunnable.run(ScheduledMethodRunnable.java:84)
	at org.springframework.scheduling.support.DelegatingErrorHandlingRunnable.run(DelegatingErrorHandlingRunnable.java:54)
	at org.springframework.scheduling.concurrent.ReschedulingRunnable.run(ReschedulingRunnable.java:95)
	at java.util.concurrent.Executors$RunnableAdapter.call(Executors.java:511)
	at java.util.concurrent.FutureTask.run(FutureTask.java:266)
	at java.util.concurrent.ScheduledThreadPoolExecutor$ScheduledFutureTask.access$201(ScheduledThreadPoolExecutor.java:180)
	at java.util.concurrent.ScheduledThreadPoolExecutor$ScheduledFutureTask.run(ScheduledThreadPoolExecutor.java:293)
	at java.util.concurrent.ThreadPoolExecutor.runWorker(ThreadPoolExecutor.java:1149)
	at java.util.concurrent.ThreadPoolExecutor$Worker.run(ThreadPoolExecutor.java:624)
	at java.lang.Thread.run(Thread.java:750)
25-03-31.22:13:10.018 [scheduling-1    ] ERROR SendMessageTaskJob     - 定时任务，发送MQ消息失败 userId: wkm topic: null
25-03-31.22:13:10.023 [scheduling-1    ] ERROR EventPublisher         - 发送MQ消息失败 topic:null message :null
java.lang.NullPointerException: null
	at org.springframework.amqp.support.converter.SimpleMessageConverter.createMessage(SimpleMessageConverter.java:164)
	at org.springframework.amqp.support.converter.AbstractMessageConverter.createMessage(AbstractMessageConverter.java:88)
	at org.springframework.amqp.support.converter.AbstractMessageConverter.toMessage(AbstractMessageConverter.java:70)
	at org.springframework.amqp.support.converter.AbstractMessageConverter.toMessage(AbstractMessageConverter.java:58)
	at org.springframework.amqp.rabbit.core.RabbitTemplate.convertMessageIfNecessary(RabbitTemplate.java:1861)
	at org.springframework.amqp.rabbit.core.RabbitTemplate.convertAndSend(RabbitTemplate.java:1167)
	at org.springframework.amqp.rabbit.core.RabbitTemplate.convertAndSend(RabbitTemplate.java:1149)
	at cn.good.infrastructure.event.EventPublisher.publish(EventPublisher.java:35)
	at cn.good.infrastructure.persistent.repository.TaskRepository.sendMessage(TaskRepository.java:45)
	at cn.good.infrastructure.persistent.repository.TaskRepository$$FastClassBySpringCGLIB$$10d01039.invoke(<generated>)
	at org.springframework.cglib.proxy.MethodProxy.invoke(MethodProxy.java:218)
	at org.springframework.aop.framework.CglibAopProxy$CglibMethodInvocation.invokeJoinpoint(CglibAopProxy.java:793)
	at org.springframework.aop.framework.ReflectiveMethodInvocation.proceed(ReflectiveMethodInvocation.java:163)
	at org.springframework.aop.framework.CglibAopProxy$CglibMethodInvocation.proceed(CglibAopProxy.java:763)
	at org.springframework.dao.support.PersistenceExceptionTranslationInterceptor.invoke(PersistenceExceptionTranslationInterceptor.java:137)
	at org.springframework.aop.framework.ReflectiveMethodInvocation.proceed(ReflectiveMethodInvocation.java:186)
	at org.springframework.aop.framework.CglibAopProxy$CglibMethodInvocation.proceed(CglibAopProxy.java:763)
	at org.springframework.aop.framework.CglibAopProxy$DynamicAdvisedInterceptor.intercept(CglibAopProxy.java:708)
	at cn.good.infrastructure.persistent.repository.TaskRepository$$EnhancerBySpringCGLIB$$c784bfba.sendMessage(<generated>)
	at cn.good.domain.task.service.TaskService.sendMessage(TaskService.java:29)
	at cn.good.trigger.job.SendMessageTaskJob.exec_db01(SendMessageTaskJob.java:42)
	at sun.reflect.GeneratedMethodAccessor144.invoke(Unknown Source)
	at sun.reflect.DelegatingMethodAccessorImpl.invoke(DelegatingMethodAccessorImpl.java:43)
	at java.lang.reflect.Method.invoke(Method.java:498)
	at org.springframework.scheduling.support.ScheduledMethodRunnable.run(ScheduledMethodRunnable.java:84)
	at org.springframework.scheduling.support.DelegatingErrorHandlingRunnable.run(DelegatingErrorHandlingRunnable.java:54)
	at org.springframework.scheduling.concurrent.ReschedulingRunnable.run(ReschedulingRunnable.java:95)
	at java.util.concurrent.Executors$RunnableAdapter.call(Executors.java:511)
	at java.util.concurrent.FutureTask.run(FutureTask.java:266)
	at java.util.concurrent.ScheduledThreadPoolExecutor$ScheduledFutureTask.access$201(ScheduledThreadPoolExecutor.java:180)
	at java.util.concurrent.ScheduledThreadPoolExecutor$ScheduledFutureTask.run(ScheduledThreadPoolExecutor.java:293)
	at java.util.concurrent.ThreadPoolExecutor.runWorker(ThreadPoolExecutor.java:1149)
	at java.util.concurrent.ThreadPoolExecutor$Worker.run(ThreadPoolExecutor.java:624)
	at java.lang.Thread.run(Thread.java:750)
25-03-31.22:13:10.024 [scheduling-1    ] ERROR SendMessageTaskJob     - 定时任务，发送MQ消息失败 userId: wkm topic: null
25-03-31.22:13:10.029 [scheduling-1    ] ERROR EventPublisher         - 发送MQ消息失败 topic:null message :null
java.lang.NullPointerException: null
	at org.springframework.amqp.support.converter.SimpleMessageConverter.createMessage(SimpleMessageConverter.java:164)
	at org.springframework.amqp.support.converter.AbstractMessageConverter.createMessage(AbstractMessageConverter.java:88)
	at org.springframework.amqp.support.converter.AbstractMessageConverter.toMessage(AbstractMessageConverter.java:70)
	at org.springframework.amqp.support.converter.AbstractMessageConverter.toMessage(AbstractMessageConverter.java:58)
	at org.springframework.amqp.rabbit.core.RabbitTemplate.convertMessageIfNecessary(RabbitTemplate.java:1861)
	at org.springframework.amqp.rabbit.core.RabbitTemplate.convertAndSend(RabbitTemplate.java:1167)
	at org.springframework.amqp.rabbit.core.RabbitTemplate.convertAndSend(RabbitTemplate.java:1149)
	at cn.good.infrastructure.event.EventPublisher.publish(EventPublisher.java:35)
	at cn.good.infrastructure.persistent.repository.TaskRepository.sendMessage(TaskRepository.java:45)
	at cn.good.infrastructure.persistent.repository.TaskRepository$$FastClassBySpringCGLIB$$10d01039.invoke(<generated>)
	at org.springframework.cglib.proxy.MethodProxy.invoke(MethodProxy.java:218)
	at org.springframework.aop.framework.CglibAopProxy$CglibMethodInvocation.invokeJoinpoint(CglibAopProxy.java:793)
	at org.springframework.aop.framework.ReflectiveMethodInvocation.proceed(ReflectiveMethodInvocation.java:163)
	at org.springframework.aop.framework.CglibAopProxy$CglibMethodInvocation.proceed(CglibAopProxy.java:763)
	at org.springframework.dao.support.PersistenceExceptionTranslationInterceptor.invoke(PersistenceExceptionTranslationInterceptor.java:137)
	at org.springframework.aop.framework.ReflectiveMethodInvocation.proceed(ReflectiveMethodInvocation.java:186)
	at org.springframework.aop.framework.CglibAopProxy$CglibMethodInvocation.proceed(CglibAopProxy.java:763)
	at org.springframework.aop.framework.CglibAopProxy$DynamicAdvisedInterceptor.intercept(CglibAopProxy.java:708)
	at cn.good.infrastructure.persistent.repository.TaskRepository$$EnhancerBySpringCGLIB$$c784bfba.sendMessage(<generated>)
	at cn.good.domain.task.service.TaskService.sendMessage(TaskService.java:29)
	at cn.good.trigger.job.SendMessageTaskJob.exec_db01(SendMessageTaskJob.java:42)
	at sun.reflect.GeneratedMethodAccessor144.invoke(Unknown Source)
	at sun.reflect.DelegatingMethodAccessorImpl.invoke(DelegatingMethodAccessorImpl.java:43)
	at java.lang.reflect.Method.invoke(Method.java:498)
	at org.springframework.scheduling.support.ScheduledMethodRunnable.run(ScheduledMethodRunnable.java:84)
	at org.springframework.scheduling.support.DelegatingErrorHandlingRunnable.run(DelegatingErrorHandlingRunnable.java:54)
	at org.springframework.scheduling.concurrent.ReschedulingRunnable.run(ReschedulingRunnable.java:95)
	at java.util.concurrent.Executors$RunnableAdapter.call(Executors.java:511)
	at java.util.concurrent.FutureTask.run(FutureTask.java:266)
	at java.util.concurrent.ScheduledThreadPoolExecutor$ScheduledFutureTask.access$201(ScheduledThreadPoolExecutor.java:180)
	at java.util.concurrent.ScheduledThreadPoolExecutor$ScheduledFutureTask.run(ScheduledThreadPoolExecutor.java:293)
	at java.util.concurrent.ThreadPoolExecutor.runWorker(ThreadPoolExecutor.java:1149)
	at java.util.concurrent.ThreadPoolExecutor$Worker.run(ThreadPoolExecutor.java:624)
	at java.lang.Thread.run(Thread.java:750)
25-03-31.22:13:10.029 [scheduling-1    ] ERROR SendMessageTaskJob     - 定时任务，发送MQ消息失败 userId: wkm topic: null
25-03-31.22:13:15.004 [scheduling-1    ] ERROR EventPublisher         - 发送MQ消息失败 topic:null message :null
java.lang.NullPointerException: null
	at org.springframework.amqp.support.converter.SimpleMessageConverter.createMessage(SimpleMessageConverter.java:164)
	at org.springframework.amqp.support.converter.AbstractMessageConverter.createMessage(AbstractMessageConverter.java:88)
	at org.springframework.amqp.support.converter.AbstractMessageConverter.toMessage(AbstractMessageConverter.java:70)
	at org.springframework.amqp.support.converter.AbstractMessageConverter.toMessage(AbstractMessageConverter.java:58)
	at org.springframework.amqp.rabbit.core.RabbitTemplate.convertMessageIfNecessary(RabbitTemplate.java:1861)
	at org.springframework.amqp.rabbit.core.RabbitTemplate.convertAndSend(RabbitTemplate.java:1167)
	at org.springframework.amqp.rabbit.core.RabbitTemplate.convertAndSend(RabbitTemplate.java:1149)
	at cn.good.infrastructure.event.EventPublisher.publish(EventPublisher.java:35)
	at cn.good.infrastructure.persistent.repository.TaskRepository.sendMessage(TaskRepository.java:45)
	at cn.good.infrastructure.persistent.repository.TaskRepository$$FastClassBySpringCGLIB$$10d01039.invoke(<generated>)
	at org.springframework.cglib.proxy.MethodProxy.invoke(MethodProxy.java:218)
	at org.springframework.aop.framework.CglibAopProxy$CglibMethodInvocation.invokeJoinpoint(CglibAopProxy.java:793)
	at org.springframework.aop.framework.ReflectiveMethodInvocation.proceed(ReflectiveMethodInvocation.java:163)
	at org.springframework.aop.framework.CglibAopProxy$CglibMethodInvocation.proceed(CglibAopProxy.java:763)
	at org.springframework.dao.support.PersistenceExceptionTranslationInterceptor.invoke(PersistenceExceptionTranslationInterceptor.java:137)
	at org.springframework.aop.framework.ReflectiveMethodInvocation.proceed(ReflectiveMethodInvocation.java:186)
	at org.springframework.aop.framework.CglibAopProxy$CglibMethodInvocation.proceed(CglibAopProxy.java:763)
	at org.springframework.aop.framework.CglibAopProxy$DynamicAdvisedInterceptor.intercept(CglibAopProxy.java:708)
	at cn.good.infrastructure.persistent.repository.TaskRepository$$EnhancerBySpringCGLIB$$c784bfba.sendMessage(<generated>)
	at cn.good.domain.task.service.TaskService.sendMessage(TaskService.java:29)
	at cn.good.trigger.job.SendMessageTaskJob.exec_db01(SendMessageTaskJob.java:42)
	at sun.reflect.GeneratedMethodAccessor144.invoke(Unknown Source)
	at sun.reflect.DelegatingMethodAccessorImpl.invoke(DelegatingMethodAccessorImpl.java:43)
	at java.lang.reflect.Method.invoke(Method.java:498)
	at org.springframework.scheduling.support.ScheduledMethodRunnable.run(ScheduledMethodRunnable.java:84)
	at org.springframework.scheduling.support.DelegatingErrorHandlingRunnable.run(DelegatingErrorHandlingRunnable.java:54)
	at org.springframework.scheduling.concurrent.ReschedulingRunnable.run(ReschedulingRunnable.java:95)
	at java.util.concurrent.Executors$RunnableAdapter.call(Executors.java:511)
	at java.util.concurrent.FutureTask.run(FutureTask.java:266)
	at java.util.concurrent.ScheduledThreadPoolExecutor$ScheduledFutureTask.access$201(ScheduledThreadPoolExecutor.java:180)
	at java.util.concurrent.ScheduledThreadPoolExecutor$ScheduledFutureTask.run(ScheduledThreadPoolExecutor.java:293)
	at java.util.concurrent.ThreadPoolExecutor.runWorker(ThreadPoolExecutor.java:1149)
	at java.util.concurrent.ThreadPoolExecutor$Worker.run(ThreadPoolExecutor.java:624)
	at java.lang.Thread.run(Thread.java:750)
25-03-31.22:13:15.004 [scheduling-1    ] ERROR SendMessageTaskJob     - 定时任务，发送MQ消息失败 userId: wkm topic: null
25-03-31.22:13:15.007 [scheduling-1    ] ERROR EventPublisher         - 发送MQ消息失败 topic:null message :null
java.lang.NullPointerException: null
	at org.springframework.amqp.support.converter.SimpleMessageConverter.createMessage(SimpleMessageConverter.java:164)
	at org.springframework.amqp.support.converter.AbstractMessageConverter.createMessage(AbstractMessageConverter.java:88)
	at org.springframework.amqp.support.converter.AbstractMessageConverter.toMessage(AbstractMessageConverter.java:70)
	at org.springframework.amqp.support.converter.AbstractMessageConverter.toMessage(AbstractMessageConverter.java:58)
	at org.springframework.amqp.rabbit.core.RabbitTemplate.convertMessageIfNecessary(RabbitTemplate.java:1861)
	at org.springframework.amqp.rabbit.core.RabbitTemplate.convertAndSend(RabbitTemplate.java:1167)
	at org.springframework.amqp.rabbit.core.RabbitTemplate.convertAndSend(RabbitTemplate.java:1149)
	at cn.good.infrastructure.event.EventPublisher.publish(EventPublisher.java:35)
	at cn.good.infrastructure.persistent.repository.TaskRepository.sendMessage(TaskRepository.java:45)
	at cn.good.infrastructure.persistent.repository.TaskRepository$$FastClassBySpringCGLIB$$10d01039.invoke(<generated>)
	at org.springframework.cglib.proxy.MethodProxy.invoke(MethodProxy.java:218)
	at org.springframework.aop.framework.CglibAopProxy$CglibMethodInvocation.invokeJoinpoint(CglibAopProxy.java:793)
	at org.springframework.aop.framework.ReflectiveMethodInvocation.proceed(ReflectiveMethodInvocation.java:163)
	at org.springframework.aop.framework.CglibAopProxy$CglibMethodInvocation.proceed(CglibAopProxy.java:763)
	at org.springframework.dao.support.PersistenceExceptionTranslationInterceptor.invoke(PersistenceExceptionTranslationInterceptor.java:137)
	at org.springframework.aop.framework.ReflectiveMethodInvocation.proceed(ReflectiveMethodInvocation.java:186)
	at org.springframework.aop.framework.CglibAopProxy$CglibMethodInvocation.proceed(CglibAopProxy.java:763)
	at org.springframework.aop.framework.CglibAopProxy$DynamicAdvisedInterceptor.intercept(CglibAopProxy.java:708)
	at cn.good.infrastructure.persistent.repository.TaskRepository$$EnhancerBySpringCGLIB$$c784bfba.sendMessage(<generated>)
	at cn.good.domain.task.service.TaskService.sendMessage(TaskService.java:29)
	at cn.good.trigger.job.SendMessageTaskJob.exec_db01(SendMessageTaskJob.java:42)
	at sun.reflect.GeneratedMethodAccessor144.invoke(Unknown Source)
	at sun.reflect.DelegatingMethodAccessorImpl.invoke(DelegatingMethodAccessorImpl.java:43)
	at java.lang.reflect.Method.invoke(Method.java:498)
	at org.springframework.scheduling.support.ScheduledMethodRunnable.run(ScheduledMethodRunnable.java:84)
	at org.springframework.scheduling.support.DelegatingErrorHandlingRunnable.run(DelegatingErrorHandlingRunnable.java:54)
	at org.springframework.scheduling.concurrent.ReschedulingRunnable.run(ReschedulingRunnable.java:95)
	at java.util.concurrent.Executors$RunnableAdapter.call(Executors.java:511)
	at java.util.concurrent.FutureTask.run(FutureTask.java:266)
	at java.util.concurrent.ScheduledThreadPoolExecutor$ScheduledFutureTask.access$201(ScheduledThreadPoolExecutor.java:180)
	at java.util.concurrent.ScheduledThreadPoolExecutor$ScheduledFutureTask.run(ScheduledThreadPoolExecutor.java:293)
	at java.util.concurrent.ThreadPoolExecutor.runWorker(ThreadPoolExecutor.java:1149)
	at java.util.concurrent.ThreadPoolExecutor$Worker.run(ThreadPoolExecutor.java:624)
	at java.lang.Thread.run(Thread.java:750)
25-03-31.22:13:15.007 [scheduling-1    ] ERROR SendMessageTaskJob     - 定时任务，发送MQ消息失败 userId: wkm topic: null
25-03-31.22:13:15.009 [scheduling-1    ] ERROR EventPublisher         - 发送MQ消息失败 topic:null message :null
java.lang.NullPointerException: null
	at org.springframework.amqp.support.converter.SimpleMessageConverter.createMessage(SimpleMessageConverter.java:164)
	at org.springframework.amqp.support.converter.AbstractMessageConverter.createMessage(AbstractMessageConverter.java:88)
	at org.springframework.amqp.support.converter.AbstractMessageConverter.toMessage(AbstractMessageConverter.java:70)
	at org.springframework.amqp.support.converter.AbstractMessageConverter.toMessage(AbstractMessageConverter.java:58)
	at org.springframework.amqp.rabbit.core.RabbitTemplate.convertMessageIfNecessary(RabbitTemplate.java:1861)
	at org.springframework.amqp.rabbit.core.RabbitTemplate.convertAndSend(RabbitTemplate.java:1167)
	at org.springframework.amqp.rabbit.core.RabbitTemplate.convertAndSend(RabbitTemplate.java:1149)
	at cn.good.infrastructure.event.EventPublisher.publish(EventPublisher.java:35)
	at cn.good.infrastructure.persistent.repository.TaskRepository.sendMessage(TaskRepository.java:45)
	at cn.good.infrastructure.persistent.repository.TaskRepository$$FastClassBySpringCGLIB$$10d01039.invoke(<generated>)
	at org.springframework.cglib.proxy.MethodProxy.invoke(MethodProxy.java:218)
	at org.springframework.aop.framework.CglibAopProxy$CglibMethodInvocation.invokeJoinpoint(CglibAopProxy.java:793)
	at org.springframework.aop.framework.ReflectiveMethodInvocation.proceed(ReflectiveMethodInvocation.java:163)
	at org.springframework.aop.framework.CglibAopProxy$CglibMethodInvocation.proceed(CglibAopProxy.java:763)
	at org.springframework.dao.support.PersistenceExceptionTranslationInterceptor.invoke(PersistenceExceptionTranslationInterceptor.java:137)
	at org.springframework.aop.framework.ReflectiveMethodInvocation.proceed(ReflectiveMethodInvocation.java:186)
	at org.springframework.aop.framework.CglibAopProxy$CglibMethodInvocation.proceed(CglibAopProxy.java:763)
	at org.springframework.aop.framework.CglibAopProxy$DynamicAdvisedInterceptor.intercept(CglibAopProxy.java:708)
	at cn.good.infrastructure.persistent.repository.TaskRepository$$EnhancerBySpringCGLIB$$c784bfba.sendMessage(<generated>)
	at cn.good.domain.task.service.TaskService.sendMessage(TaskService.java:29)
	at cn.good.trigger.job.SendMessageTaskJob.exec_db01(SendMessageTaskJob.java:42)
	at sun.reflect.GeneratedMethodAccessor144.invoke(Unknown Source)
	at sun.reflect.DelegatingMethodAccessorImpl.invoke(DelegatingMethodAccessorImpl.java:43)
	at java.lang.reflect.Method.invoke(Method.java:498)
	at org.springframework.scheduling.support.ScheduledMethodRunnable.run(ScheduledMethodRunnable.java:84)
	at org.springframework.scheduling.support.DelegatingErrorHandlingRunnable.run(DelegatingErrorHandlingRunnable.java:54)
	at org.springframework.scheduling.concurrent.ReschedulingRunnable.run(ReschedulingRunnable.java:95)
	at java.util.concurrent.Executors$RunnableAdapter.call(Executors.java:511)
	at java.util.concurrent.FutureTask.run(FutureTask.java:266)
	at java.util.concurrent.ScheduledThreadPoolExecutor$ScheduledFutureTask.access$201(ScheduledThreadPoolExecutor.java:180)
	at java.util.concurrent.ScheduledThreadPoolExecutor$ScheduledFutureTask.run(ScheduledThreadPoolExecutor.java:293)
	at java.util.concurrent.ThreadPoolExecutor.runWorker(ThreadPoolExecutor.java:1149)
	at java.util.concurrent.ThreadPoolExecutor$Worker.run(ThreadPoolExecutor.java:624)
	at java.lang.Thread.run(Thread.java:750)
25-03-31.22:13:15.009 [scheduling-1    ] ERROR SendMessageTaskJob     - 定时任务，发送MQ消息失败 userId: wkm topic: null
25-03-31.22:13:20.019 [scheduling-1    ] ERROR EventPublisher         - 发送MQ消息失败 topic:null message :null
java.lang.NullPointerException: null
	at org.springframework.amqp.support.converter.SimpleMessageConverter.createMessage(SimpleMessageConverter.java:164)
	at org.springframework.amqp.support.converter.AbstractMessageConverter.createMessage(AbstractMessageConverter.java:88)
	at org.springframework.amqp.support.converter.AbstractMessageConverter.toMessage(AbstractMessageConverter.java:70)
	at org.springframework.amqp.support.converter.AbstractMessageConverter.toMessage(AbstractMessageConverter.java:58)
	at org.springframework.amqp.rabbit.core.RabbitTemplate.convertMessageIfNecessary(RabbitTemplate.java:1861)
	at org.springframework.amqp.rabbit.core.RabbitTemplate.convertAndSend(RabbitTemplate.java:1167)
	at org.springframework.amqp.rabbit.core.RabbitTemplate.convertAndSend(RabbitTemplate.java:1149)
	at cn.good.infrastructure.event.EventPublisher.publish(EventPublisher.java:35)
	at cn.good.infrastructure.persistent.repository.TaskRepository.sendMessage(TaskRepository.java:45)
	at cn.good.infrastructure.persistent.repository.TaskRepository$$FastClassBySpringCGLIB$$10d01039.invoke(<generated>)
	at org.springframework.cglib.proxy.MethodProxy.invoke(MethodProxy.java:218)
	at org.springframework.aop.framework.CglibAopProxy$CglibMethodInvocation.invokeJoinpoint(CglibAopProxy.java:793)
	at org.springframework.aop.framework.ReflectiveMethodInvocation.proceed(ReflectiveMethodInvocation.java:163)
	at org.springframework.aop.framework.CglibAopProxy$CglibMethodInvocation.proceed(CglibAopProxy.java:763)
	at org.springframework.dao.support.PersistenceExceptionTranslationInterceptor.invoke(PersistenceExceptionTranslationInterceptor.java:137)
	at org.springframework.aop.framework.ReflectiveMethodInvocation.proceed(ReflectiveMethodInvocation.java:186)
	at org.springframework.aop.framework.CglibAopProxy$CglibMethodInvocation.proceed(CglibAopProxy.java:763)
	at org.springframework.aop.framework.CglibAopProxy$DynamicAdvisedInterceptor.intercept(CglibAopProxy.java:708)
	at cn.good.infrastructure.persistent.repository.TaskRepository$$EnhancerBySpringCGLIB$$c784bfba.sendMessage(<generated>)
	at cn.good.domain.task.service.TaskService.sendMessage(TaskService.java:29)
	at cn.good.trigger.job.SendMessageTaskJob.exec_db01(SendMessageTaskJob.java:42)
	at sun.reflect.GeneratedMethodAccessor144.invoke(Unknown Source)
	at sun.reflect.DelegatingMethodAccessorImpl.invoke(DelegatingMethodAccessorImpl.java:43)
	at java.lang.reflect.Method.invoke(Method.java:498)
	at org.springframework.scheduling.support.ScheduledMethodRunnable.run(ScheduledMethodRunnable.java:84)
	at org.springframework.scheduling.support.DelegatingErrorHandlingRunnable.run(DelegatingErrorHandlingRunnable.java:54)
	at org.springframework.scheduling.concurrent.ReschedulingRunnable.run(ReschedulingRunnable.java:95)
	at java.util.concurrent.Executors$RunnableAdapter.call(Executors.java:511)
	at java.util.concurrent.FutureTask.run(FutureTask.java:266)
	at java.util.concurrent.ScheduledThreadPoolExecutor$ScheduledFutureTask.access$201(ScheduledThreadPoolExecutor.java:180)
	at java.util.concurrent.ScheduledThreadPoolExecutor$ScheduledFutureTask.run(ScheduledThreadPoolExecutor.java:293)
	at java.util.concurrent.ThreadPoolExecutor.runWorker(ThreadPoolExecutor.java:1149)
	at java.util.concurrent.ThreadPoolExecutor$Worker.run(ThreadPoolExecutor.java:624)
	at java.lang.Thread.run(Thread.java:750)
25-03-31.22:13:20.019 [scheduling-1    ] ERROR SendMessageTaskJob     - 定时任务，发送MQ消息失败 userId: wkm topic: null
25-03-31.22:13:20.023 [scheduling-1    ] ERROR EventPublisher         - 发送MQ消息失败 topic:null message :null
java.lang.NullPointerException: null
	at org.springframework.amqp.support.converter.SimpleMessageConverter.createMessage(SimpleMessageConverter.java:164)
	at org.springframework.amqp.support.converter.AbstractMessageConverter.createMessage(AbstractMessageConverter.java:88)
	at org.springframework.amqp.support.converter.AbstractMessageConverter.toMessage(AbstractMessageConverter.java:70)
	at org.springframework.amqp.support.converter.AbstractMessageConverter.toMessage(AbstractMessageConverter.java:58)
	at org.springframework.amqp.rabbit.core.RabbitTemplate.convertMessageIfNecessary(RabbitTemplate.java:1861)
	at org.springframework.amqp.rabbit.core.RabbitTemplate.convertAndSend(RabbitTemplate.java:1167)
	at org.springframework.amqp.rabbit.core.RabbitTemplate.convertAndSend(RabbitTemplate.java:1149)
	at cn.good.infrastructure.event.EventPublisher.publish(EventPublisher.java:35)
	at cn.good.infrastructure.persistent.repository.TaskRepository.sendMessage(TaskRepository.java:45)
	at cn.good.infrastructure.persistent.repository.TaskRepository$$FastClassBySpringCGLIB$$10d01039.invoke(<generated>)
	at org.springframework.cglib.proxy.MethodProxy.invoke(MethodProxy.java:218)
	at org.springframework.aop.framework.CglibAopProxy$CglibMethodInvocation.invokeJoinpoint(CglibAopProxy.java:793)
	at org.springframework.aop.framework.ReflectiveMethodInvocation.proceed(ReflectiveMethodInvocation.java:163)
	at org.springframework.aop.framework.CglibAopProxy$CglibMethodInvocation.proceed(CglibAopProxy.java:763)
	at org.springframework.dao.support.PersistenceExceptionTranslationInterceptor.invoke(PersistenceExceptionTranslationInterceptor.java:137)
	at org.springframework.aop.framework.ReflectiveMethodInvocation.proceed(ReflectiveMethodInvocation.java:186)
	at org.springframework.aop.framework.CglibAopProxy$CglibMethodInvocation.proceed(CglibAopProxy.java:763)
	at org.springframework.aop.framework.CglibAopProxy$DynamicAdvisedInterceptor.intercept(CglibAopProxy.java:708)
	at cn.good.infrastructure.persistent.repository.TaskRepository$$EnhancerBySpringCGLIB$$c784bfba.sendMessage(<generated>)
	at cn.good.domain.task.service.TaskService.sendMessage(TaskService.java:29)
	at cn.good.trigger.job.SendMessageTaskJob.exec_db01(SendMessageTaskJob.java:42)
	at sun.reflect.GeneratedMethodAccessor144.invoke(Unknown Source)
	at sun.reflect.DelegatingMethodAccessorImpl.invoke(DelegatingMethodAccessorImpl.java:43)
	at java.lang.reflect.Method.invoke(Method.java:498)
	at org.springframework.scheduling.support.ScheduledMethodRunnable.run(ScheduledMethodRunnable.java:84)
	at org.springframework.scheduling.support.DelegatingErrorHandlingRunnable.run(DelegatingErrorHandlingRunnable.java:54)
	at org.springframework.scheduling.concurrent.ReschedulingRunnable.run(ReschedulingRunnable.java:95)
	at java.util.concurrent.Executors$RunnableAdapter.call(Executors.java:511)
	at java.util.concurrent.FutureTask.run(FutureTask.java:266)
	at java.util.concurrent.ScheduledThreadPoolExecutor$ScheduledFutureTask.access$201(ScheduledThreadPoolExecutor.java:180)
	at java.util.concurrent.ScheduledThreadPoolExecutor$ScheduledFutureTask.run(ScheduledThreadPoolExecutor.java:293)
	at java.util.concurrent.ThreadPoolExecutor.runWorker(ThreadPoolExecutor.java:1149)
	at java.util.concurrent.ThreadPoolExecutor$Worker.run(ThreadPoolExecutor.java:624)
	at java.lang.Thread.run(Thread.java:750)
25-03-31.22:13:20.024 [scheduling-1    ] ERROR SendMessageTaskJob     - 定时任务，发送MQ消息失败 userId: wkm topic: null
25-03-31.22:13:20.027 [scheduling-1    ] ERROR EventPublisher         - 发送MQ消息失败 topic:null message :null
java.lang.NullPointerException: null
	at org.springframework.amqp.support.converter.SimpleMessageConverter.createMessage(SimpleMessageConverter.java:164)
	at org.springframework.amqp.support.converter.AbstractMessageConverter.createMessage(AbstractMessageConverter.java:88)
	at org.springframework.amqp.support.converter.AbstractMessageConverter.toMessage(AbstractMessageConverter.java:70)
	at org.springframework.amqp.support.converter.AbstractMessageConverter.toMessage(AbstractMessageConverter.java:58)
	at org.springframework.amqp.rabbit.core.RabbitTemplate.convertMessageIfNecessary(RabbitTemplate.java:1861)
	at org.springframework.amqp.rabbit.core.RabbitTemplate.convertAndSend(RabbitTemplate.java:1167)
	at org.springframework.amqp.rabbit.core.RabbitTemplate.convertAndSend(RabbitTemplate.java:1149)
	at cn.good.infrastructure.event.EventPublisher.publish(EventPublisher.java:35)
	at cn.good.infrastructure.persistent.repository.TaskRepository.sendMessage(TaskRepository.java:45)
	at cn.good.infrastructure.persistent.repository.TaskRepository$$FastClassBySpringCGLIB$$10d01039.invoke(<generated>)
	at org.springframework.cglib.proxy.MethodProxy.invoke(MethodProxy.java:218)
	at org.springframework.aop.framework.CglibAopProxy$CglibMethodInvocation.invokeJoinpoint(CglibAopProxy.java:793)
	at org.springframework.aop.framework.ReflectiveMethodInvocation.proceed(ReflectiveMethodInvocation.java:163)
	at org.springframework.aop.framework.CglibAopProxy$CglibMethodInvocation.proceed(CglibAopProxy.java:763)
	at org.springframework.dao.support.PersistenceExceptionTranslationInterceptor.invoke(PersistenceExceptionTranslationInterceptor.java:137)
	at org.springframework.aop.framework.ReflectiveMethodInvocation.proceed(ReflectiveMethodInvocation.java:186)
	at org.springframework.aop.framework.CglibAopProxy$CglibMethodInvocation.proceed(CglibAopProxy.java:763)
	at org.springframework.aop.framework.CglibAopProxy$DynamicAdvisedInterceptor.intercept(CglibAopProxy.java:708)
	at cn.good.infrastructure.persistent.repository.TaskRepository$$EnhancerBySpringCGLIB$$c784bfba.sendMessage(<generated>)
	at cn.good.domain.task.service.TaskService.sendMessage(TaskService.java:29)
	at cn.good.trigger.job.SendMessageTaskJob.exec_db01(SendMessageTaskJob.java:42)
	at sun.reflect.GeneratedMethodAccessor144.invoke(Unknown Source)
	at sun.reflect.DelegatingMethodAccessorImpl.invoke(DelegatingMethodAccessorImpl.java:43)
	at java.lang.reflect.Method.invoke(Method.java:498)
	at org.springframework.scheduling.support.ScheduledMethodRunnable.run(ScheduledMethodRunnable.java:84)
	at org.springframework.scheduling.support.DelegatingErrorHandlingRunnable.run(DelegatingErrorHandlingRunnable.java:54)
	at org.springframework.scheduling.concurrent.ReschedulingRunnable.run(ReschedulingRunnable.java:95)
	at java.util.concurrent.Executors$RunnableAdapter.call(Executors.java:511)
	at java.util.concurrent.FutureTask.run(FutureTask.java:266)
	at java.util.concurrent.ScheduledThreadPoolExecutor$ScheduledFutureTask.access$201(ScheduledThreadPoolExecutor.java:180)
	at java.util.concurrent.ScheduledThreadPoolExecutor$ScheduledFutureTask.run(ScheduledThreadPoolExecutor.java:293)
	at java.util.concurrent.ThreadPoolExecutor.runWorker(ThreadPoolExecutor.java:1149)
	at java.util.concurrent.ThreadPoolExecutor$Worker.run(ThreadPoolExecutor.java:624)
	at java.lang.Thread.run(Thread.java:750)
25-03-31.22:13:20.027 [scheduling-1    ] ERROR SendMessageTaskJob     - 定时任务，发送MQ消息失败 userId: wkm topic: null
25-03-31.22:13:25.012 [scheduling-1    ] ERROR EventPublisher         - 发送MQ消息失败 topic:null message :null
java.lang.NullPointerException: null
	at org.springframework.amqp.support.converter.SimpleMessageConverter.createMessage(SimpleMessageConverter.java:164)
	at org.springframework.amqp.support.converter.AbstractMessageConverter.createMessage(AbstractMessageConverter.java:88)
	at org.springframework.amqp.support.converter.AbstractMessageConverter.toMessage(AbstractMessageConverter.java:70)
	at org.springframework.amqp.support.converter.AbstractMessageConverter.toMessage(AbstractMessageConverter.java:58)
	at org.springframework.amqp.rabbit.core.RabbitTemplate.convertMessageIfNecessary(RabbitTemplate.java:1861)
	at org.springframework.amqp.rabbit.core.RabbitTemplate.convertAndSend(RabbitTemplate.java:1167)
	at org.springframework.amqp.rabbit.core.RabbitTemplate.convertAndSend(RabbitTemplate.java:1149)
	at cn.good.infrastructure.event.EventPublisher.publish(EventPublisher.java:35)
	at cn.good.infrastructure.persistent.repository.TaskRepository.sendMessage(TaskRepository.java:45)
	at cn.good.infrastructure.persistent.repository.TaskRepository$$FastClassBySpringCGLIB$$10d01039.invoke(<generated>)
	at org.springframework.cglib.proxy.MethodProxy.invoke(MethodProxy.java:218)
	at org.springframework.aop.framework.CglibAopProxy$CglibMethodInvocation.invokeJoinpoint(CglibAopProxy.java:793)
	at org.springframework.aop.framework.ReflectiveMethodInvocation.proceed(ReflectiveMethodInvocation.java:163)
	at org.springframework.aop.framework.CglibAopProxy$CglibMethodInvocation.proceed(CglibAopProxy.java:763)
	at org.springframework.dao.support.PersistenceExceptionTranslationInterceptor.invoke(PersistenceExceptionTranslationInterceptor.java:137)
	at org.springframework.aop.framework.ReflectiveMethodInvocation.proceed(ReflectiveMethodInvocation.java:186)
	at org.springframework.aop.framework.CglibAopProxy$CglibMethodInvocation.proceed(CglibAopProxy.java:763)
	at org.springframework.aop.framework.CglibAopProxy$DynamicAdvisedInterceptor.intercept(CglibAopProxy.java:708)
	at cn.good.infrastructure.persistent.repository.TaskRepository$$EnhancerBySpringCGLIB$$c784bfba.sendMessage(<generated>)
	at cn.good.domain.task.service.TaskService.sendMessage(TaskService.java:29)
	at cn.good.trigger.job.SendMessageTaskJob.exec_db01(SendMessageTaskJob.java:42)
	at sun.reflect.GeneratedMethodAccessor144.invoke(Unknown Source)
	at sun.reflect.DelegatingMethodAccessorImpl.invoke(DelegatingMethodAccessorImpl.java:43)
	at java.lang.reflect.Method.invoke(Method.java:498)
	at org.springframework.scheduling.support.ScheduledMethodRunnable.run(ScheduledMethodRunnable.java:84)
	at org.springframework.scheduling.support.DelegatingErrorHandlingRunnable.run(DelegatingErrorHandlingRunnable.java:54)
	at org.springframework.scheduling.concurrent.ReschedulingRunnable.run(ReschedulingRunnable.java:95)
	at java.util.concurrent.Executors$RunnableAdapter.call(Executors.java:511)
	at java.util.concurrent.FutureTask.run(FutureTask.java:266)
	at java.util.concurrent.ScheduledThreadPoolExecutor$ScheduledFutureTask.access$201(ScheduledThreadPoolExecutor.java:180)
	at java.util.concurrent.ScheduledThreadPoolExecutor$ScheduledFutureTask.run(ScheduledThreadPoolExecutor.java:293)
	at java.util.concurrent.ThreadPoolExecutor.runWorker(ThreadPoolExecutor.java:1149)
	at java.util.concurrent.ThreadPoolExecutor$Worker.run(ThreadPoolExecutor.java:624)
	at java.lang.Thread.run(Thread.java:750)
25-03-31.22:13:25.013 [scheduling-1    ] ERROR SendMessageTaskJob     - 定时任务，发送MQ消息失败 userId: wkm topic: null
25-03-31.22:13:25.015 [scheduling-1    ] ERROR EventPublisher         - 发送MQ消息失败 topic:null message :null
java.lang.NullPointerException: null
	at org.springframework.amqp.support.converter.SimpleMessageConverter.createMessage(SimpleMessageConverter.java:164)
	at org.springframework.amqp.support.converter.AbstractMessageConverter.createMessage(AbstractMessageConverter.java:88)
	at org.springframework.amqp.support.converter.AbstractMessageConverter.toMessage(AbstractMessageConverter.java:70)
	at org.springframework.amqp.support.converter.AbstractMessageConverter.toMessage(AbstractMessageConverter.java:58)
	at org.springframework.amqp.rabbit.core.RabbitTemplate.convertMessageIfNecessary(RabbitTemplate.java:1861)
	at org.springframework.amqp.rabbit.core.RabbitTemplate.convertAndSend(RabbitTemplate.java:1167)
	at org.springframework.amqp.rabbit.core.RabbitTemplate.convertAndSend(RabbitTemplate.java:1149)
	at cn.good.infrastructure.event.EventPublisher.publish(EventPublisher.java:35)
	at cn.good.infrastructure.persistent.repository.TaskRepository.sendMessage(TaskRepository.java:45)
	at cn.good.infrastructure.persistent.repository.TaskRepository$$FastClassBySpringCGLIB$$10d01039.invoke(<generated>)
	at org.springframework.cglib.proxy.MethodProxy.invoke(MethodProxy.java:218)
	at org.springframework.aop.framework.CglibAopProxy$CglibMethodInvocation.invokeJoinpoint(CglibAopProxy.java:793)
	at org.springframework.aop.framework.ReflectiveMethodInvocation.proceed(ReflectiveMethodInvocation.java:163)
	at org.springframework.aop.framework.CglibAopProxy$CglibMethodInvocation.proceed(CglibAopProxy.java:763)
	at org.springframework.dao.support.PersistenceExceptionTranslationInterceptor.invoke(PersistenceExceptionTranslationInterceptor.java:137)
	at org.springframework.aop.framework.ReflectiveMethodInvocation.proceed(ReflectiveMethodInvocation.java:186)
	at org.springframework.aop.framework.CglibAopProxy$CglibMethodInvocation.proceed(CglibAopProxy.java:763)
	at org.springframework.aop.framework.CglibAopProxy$DynamicAdvisedInterceptor.intercept(CglibAopProxy.java:708)
	at cn.good.infrastructure.persistent.repository.TaskRepository$$EnhancerBySpringCGLIB$$c784bfba.sendMessage(<generated>)
	at cn.good.domain.task.service.TaskService.sendMessage(TaskService.java:29)
	at cn.good.trigger.job.SendMessageTaskJob.exec_db01(SendMessageTaskJob.java:42)
	at sun.reflect.GeneratedMethodAccessor144.invoke(Unknown Source)
	at sun.reflect.DelegatingMethodAccessorImpl.invoke(DelegatingMethodAccessorImpl.java:43)
	at java.lang.reflect.Method.invoke(Method.java:498)
	at org.springframework.scheduling.support.ScheduledMethodRunnable.run(ScheduledMethodRunnable.java:84)
	at org.springframework.scheduling.support.DelegatingErrorHandlingRunnable.run(DelegatingErrorHandlingRunnable.java:54)
	at org.springframework.scheduling.concurrent.ReschedulingRunnable.run(ReschedulingRunnable.java:95)
	at java.util.concurrent.Executors$RunnableAdapter.call(Executors.java:511)
	at java.util.concurrent.FutureTask.run(FutureTask.java:266)
	at java.util.concurrent.ScheduledThreadPoolExecutor$ScheduledFutureTask.access$201(ScheduledThreadPoolExecutor.java:180)
	at java.util.concurrent.ScheduledThreadPoolExecutor$ScheduledFutureTask.run(ScheduledThreadPoolExecutor.java:293)
	at java.util.concurrent.ThreadPoolExecutor.runWorker(ThreadPoolExecutor.java:1149)
	at java.util.concurrent.ThreadPoolExecutor$Worker.run(ThreadPoolExecutor.java:624)
	at java.lang.Thread.run(Thread.java:750)
25-03-31.22:13:25.015 [scheduling-1    ] ERROR SendMessageTaskJob     - 定时任务，发送MQ消息失败 userId: wkm topic: null
25-03-31.22:13:25.017 [scheduling-1    ] ERROR EventPublisher         - 发送MQ消息失败 topic:null message :null
java.lang.NullPointerException: null
	at org.springframework.amqp.support.converter.SimpleMessageConverter.createMessage(SimpleMessageConverter.java:164)
	at org.springframework.amqp.support.converter.AbstractMessageConverter.createMessage(AbstractMessageConverter.java:88)
	at org.springframework.amqp.support.converter.AbstractMessageConverter.toMessage(AbstractMessageConverter.java:70)
	at org.springframework.amqp.support.converter.AbstractMessageConverter.toMessage(AbstractMessageConverter.java:58)
	at org.springframework.amqp.rabbit.core.RabbitTemplate.convertMessageIfNecessary(RabbitTemplate.java:1861)
	at org.springframework.amqp.rabbit.core.RabbitTemplate.convertAndSend(RabbitTemplate.java:1167)
	at org.springframework.amqp.rabbit.core.RabbitTemplate.convertAndSend(RabbitTemplate.java:1149)
	at cn.good.infrastructure.event.EventPublisher.publish(EventPublisher.java:35)
	at cn.good.infrastructure.persistent.repository.TaskRepository.sendMessage(TaskRepository.java:45)
	at cn.good.infrastructure.persistent.repository.TaskRepository$$FastClassBySpringCGLIB$$10d01039.invoke(<generated>)
	at org.springframework.cglib.proxy.MethodProxy.invoke(MethodProxy.java:218)
	at org.springframework.aop.framework.CglibAopProxy$CglibMethodInvocation.invokeJoinpoint(CglibAopProxy.java:793)
	at org.springframework.aop.framework.ReflectiveMethodInvocation.proceed(ReflectiveMethodInvocation.java:163)
	at org.springframework.aop.framework.CglibAopProxy$CglibMethodInvocation.proceed(CglibAopProxy.java:763)
	at org.springframework.dao.support.PersistenceExceptionTranslationInterceptor.invoke(PersistenceExceptionTranslationInterceptor.java:137)
	at org.springframework.aop.framework.ReflectiveMethodInvocation.proceed(ReflectiveMethodInvocation.java:186)
	at org.springframework.aop.framework.CglibAopProxy$CglibMethodInvocation.proceed(CglibAopProxy.java:763)
	at org.springframework.aop.framework.CglibAopProxy$DynamicAdvisedInterceptor.intercept(CglibAopProxy.java:708)
	at cn.good.infrastructure.persistent.repository.TaskRepository$$EnhancerBySpringCGLIB$$c784bfba.sendMessage(<generated>)
	at cn.good.domain.task.service.TaskService.sendMessage(TaskService.java:29)
	at cn.good.trigger.job.SendMessageTaskJob.exec_db01(SendMessageTaskJob.java:42)
	at sun.reflect.GeneratedMethodAccessor144.invoke(Unknown Source)
	at sun.reflect.DelegatingMethodAccessorImpl.invoke(DelegatingMethodAccessorImpl.java:43)
	at java.lang.reflect.Method.invoke(Method.java:498)
	at org.springframework.scheduling.support.ScheduledMethodRunnable.run(ScheduledMethodRunnable.java:84)
	at org.springframework.scheduling.support.DelegatingErrorHandlingRunnable.run(DelegatingErrorHandlingRunnable.java:54)
	at org.springframework.scheduling.concurrent.ReschedulingRunnable.run(ReschedulingRunnable.java:95)
	at java.util.concurrent.Executors$RunnableAdapter.call(Executors.java:511)
	at java.util.concurrent.FutureTask.run(FutureTask.java:266)
	at java.util.concurrent.ScheduledThreadPoolExecutor$ScheduledFutureTask.access$201(ScheduledThreadPoolExecutor.java:180)
	at java.util.concurrent.ScheduledThreadPoolExecutor$ScheduledFutureTask.run(ScheduledThreadPoolExecutor.java:293)
	at java.util.concurrent.ThreadPoolExecutor.runWorker(ThreadPoolExecutor.java:1149)
	at java.util.concurrent.ThreadPoolExecutor$Worker.run(ThreadPoolExecutor.java:624)
	at java.lang.Thread.run(Thread.java:750)
25-03-31.22:13:25.017 [scheduling-1    ] ERROR SendMessageTaskJob     - 定时任务，发送MQ消息失败 userId: wkm topic: null
25-03-31.22:13:30.020 [scheduling-1    ] ERROR EventPublisher         - 发送MQ消息失败 topic:null message :null
java.lang.NullPointerException: null
	at org.springframework.amqp.support.converter.SimpleMessageConverter.createMessage(SimpleMessageConverter.java:164)
	at org.springframework.amqp.support.converter.AbstractMessageConverter.createMessage(AbstractMessageConverter.java:88)
	at org.springframework.amqp.support.converter.AbstractMessageConverter.toMessage(AbstractMessageConverter.java:70)
	at org.springframework.amqp.support.converter.AbstractMessageConverter.toMessage(AbstractMessageConverter.java:58)
	at org.springframework.amqp.rabbit.core.RabbitTemplate.convertMessageIfNecessary(RabbitTemplate.java:1861)
	at org.springframework.amqp.rabbit.core.RabbitTemplate.convertAndSend(RabbitTemplate.java:1167)
	at org.springframework.amqp.rabbit.core.RabbitTemplate.convertAndSend(RabbitTemplate.java:1149)
	at cn.good.infrastructure.event.EventPublisher.publish(EventPublisher.java:35)
	at cn.good.infrastructure.persistent.repository.TaskRepository.sendMessage(TaskRepository.java:45)
	at cn.good.infrastructure.persistent.repository.TaskRepository$$FastClassBySpringCGLIB$$10d01039.invoke(<generated>)
	at org.springframework.cglib.proxy.MethodProxy.invoke(MethodProxy.java:218)
	at org.springframework.aop.framework.CglibAopProxy$CglibMethodInvocation.invokeJoinpoint(CglibAopProxy.java:793)
	at org.springframework.aop.framework.ReflectiveMethodInvocation.proceed(ReflectiveMethodInvocation.java:163)
	at org.springframework.aop.framework.CglibAopProxy$CglibMethodInvocation.proceed(CglibAopProxy.java:763)
	at org.springframework.dao.support.PersistenceExceptionTranslationInterceptor.invoke(PersistenceExceptionTranslationInterceptor.java:137)
	at org.springframework.aop.framework.ReflectiveMethodInvocation.proceed(ReflectiveMethodInvocation.java:186)
	at org.springframework.aop.framework.CglibAopProxy$CglibMethodInvocation.proceed(CglibAopProxy.java:763)
	at org.springframework.aop.framework.CglibAopProxy$DynamicAdvisedInterceptor.intercept(CglibAopProxy.java:708)
	at cn.good.infrastructure.persistent.repository.TaskRepository$$EnhancerBySpringCGLIB$$c784bfba.sendMessage(<generated>)
	at cn.good.domain.task.service.TaskService.sendMessage(TaskService.java:29)
	at cn.good.trigger.job.SendMessageTaskJob.exec_db01(SendMessageTaskJob.java:42)
	at sun.reflect.GeneratedMethodAccessor144.invoke(Unknown Source)
	at sun.reflect.DelegatingMethodAccessorImpl.invoke(DelegatingMethodAccessorImpl.java:43)
	at java.lang.reflect.Method.invoke(Method.java:498)
	at org.springframework.scheduling.support.ScheduledMethodRunnable.run(ScheduledMethodRunnable.java:84)
	at org.springframework.scheduling.support.DelegatingErrorHandlingRunnable.run(DelegatingErrorHandlingRunnable.java:54)
	at org.springframework.scheduling.concurrent.ReschedulingRunnable.run(ReschedulingRunnable.java:95)
	at java.util.concurrent.Executors$RunnableAdapter.call(Executors.java:511)
	at java.util.concurrent.FutureTask.run(FutureTask.java:266)
	at java.util.concurrent.ScheduledThreadPoolExecutor$ScheduledFutureTask.access$201(ScheduledThreadPoolExecutor.java:180)
	at java.util.concurrent.ScheduledThreadPoolExecutor$ScheduledFutureTask.run(ScheduledThreadPoolExecutor.java:293)
	at java.util.concurrent.ThreadPoolExecutor.runWorker(ThreadPoolExecutor.java:1149)
	at java.util.concurrent.ThreadPoolExecutor$Worker.run(ThreadPoolExecutor.java:624)
	at java.lang.Thread.run(Thread.java:750)
25-03-31.22:13:30.020 [scheduling-1    ] ERROR SendMessageTaskJob     - 定时任务，发送MQ消息失败 userId: wkm topic: null
25-03-31.22:13:30.021 [scheduling-1    ] ERROR EventPublisher         - 发送MQ消息失败 topic:null message :null
java.lang.NullPointerException: null
	at org.springframework.amqp.support.converter.SimpleMessageConverter.createMessage(SimpleMessageConverter.java:164)
	at org.springframework.amqp.support.converter.AbstractMessageConverter.createMessage(AbstractMessageConverter.java:88)
	at org.springframework.amqp.support.converter.AbstractMessageConverter.toMessage(AbstractMessageConverter.java:70)
	at org.springframework.amqp.support.converter.AbstractMessageConverter.toMessage(AbstractMessageConverter.java:58)
	at org.springframework.amqp.rabbit.core.RabbitTemplate.convertMessageIfNecessary(RabbitTemplate.java:1861)
	at org.springframework.amqp.rabbit.core.RabbitTemplate.convertAndSend(RabbitTemplate.java:1167)
	at org.springframework.amqp.rabbit.core.RabbitTemplate.convertAndSend(RabbitTemplate.java:1149)
	at cn.good.infrastructure.event.EventPublisher.publish(EventPublisher.java:35)
	at cn.good.infrastructure.persistent.repository.TaskRepository.sendMessage(TaskRepository.java:45)
	at cn.good.infrastructure.persistent.repository.TaskRepository$$FastClassBySpringCGLIB$$10d01039.invoke(<generated>)
	at org.springframework.cglib.proxy.MethodProxy.invoke(MethodProxy.java:218)
	at org.springframework.aop.framework.CglibAopProxy$CglibMethodInvocation.invokeJoinpoint(CglibAopProxy.java:793)
	at org.springframework.aop.framework.ReflectiveMethodInvocation.proceed(ReflectiveMethodInvocation.java:163)
	at org.springframework.aop.framework.CglibAopProxy$CglibMethodInvocation.proceed(CglibAopProxy.java:763)
	at org.springframework.dao.support.PersistenceExceptionTranslationInterceptor.invoke(PersistenceExceptionTranslationInterceptor.java:137)
	at org.springframework.aop.framework.ReflectiveMethodInvocation.proceed(ReflectiveMethodInvocation.java:186)
	at org.springframework.aop.framework.CglibAopProxy$CglibMethodInvocation.proceed(CglibAopProxy.java:763)
	at org.springframework.aop.framework.CglibAopProxy$DynamicAdvisedInterceptor.intercept(CglibAopProxy.java:708)
	at cn.good.infrastructure.persistent.repository.TaskRepository$$EnhancerBySpringCGLIB$$c784bfba.sendMessage(<generated>)
	at cn.good.domain.task.service.TaskService.sendMessage(TaskService.java:29)
	at cn.good.trigger.job.SendMessageTaskJob.exec_db01(SendMessageTaskJob.java:42)
	at sun.reflect.GeneratedMethodAccessor144.invoke(Unknown Source)
	at sun.reflect.DelegatingMethodAccessorImpl.invoke(DelegatingMethodAccessorImpl.java:43)
	at java.lang.reflect.Method.invoke(Method.java:498)
	at org.springframework.scheduling.support.ScheduledMethodRunnable.run(ScheduledMethodRunnable.java:84)
	at org.springframework.scheduling.support.DelegatingErrorHandlingRunnable.run(DelegatingErrorHandlingRunnable.java:54)
	at org.springframework.scheduling.concurrent.ReschedulingRunnable.run(ReschedulingRunnable.java:95)
	at java.util.concurrent.Executors$RunnableAdapter.call(Executors.java:511)
	at java.util.concurrent.FutureTask.run(FutureTask.java:266)
	at java.util.concurrent.ScheduledThreadPoolExecutor$ScheduledFutureTask.access$201(ScheduledThreadPoolExecutor.java:180)
	at java.util.concurrent.ScheduledThreadPoolExecutor$ScheduledFutureTask.run(ScheduledThreadPoolExecutor.java:293)
	at java.util.concurrent.ThreadPoolExecutor.runWorker(ThreadPoolExecutor.java:1149)
	at java.util.concurrent.ThreadPoolExecutor$Worker.run(ThreadPoolExecutor.java:624)
	at java.lang.Thread.run(Thread.java:750)
25-03-31.22:13:30.021 [scheduling-1    ] ERROR SendMessageTaskJob     - 定时任务，发送MQ消息失败 userId: wkm topic: null
25-03-31.22:13:30.023 [scheduling-1    ] ERROR EventPublisher         - 发送MQ消息失败 topic:null message :null
java.lang.NullPointerException: null
	at org.springframework.amqp.support.converter.SimpleMessageConverter.createMessage(SimpleMessageConverter.java:164)
	at org.springframework.amqp.support.converter.AbstractMessageConverter.createMessage(AbstractMessageConverter.java:88)
	at org.springframework.amqp.support.converter.AbstractMessageConverter.toMessage(AbstractMessageConverter.java:70)
	at org.springframework.amqp.support.converter.AbstractMessageConverter.toMessage(AbstractMessageConverter.java:58)
	at org.springframework.amqp.rabbit.core.RabbitTemplate.convertMessageIfNecessary(RabbitTemplate.java:1861)
	at org.springframework.amqp.rabbit.core.RabbitTemplate.convertAndSend(RabbitTemplate.java:1167)
	at org.springframework.amqp.rabbit.core.RabbitTemplate.convertAndSend(RabbitTemplate.java:1149)
	at cn.good.infrastructure.event.EventPublisher.publish(EventPublisher.java:35)
	at cn.good.infrastructure.persistent.repository.TaskRepository.sendMessage(TaskRepository.java:45)
	at cn.good.infrastructure.persistent.repository.TaskRepository$$FastClassBySpringCGLIB$$10d01039.invoke(<generated>)
	at org.springframework.cglib.proxy.MethodProxy.invoke(MethodProxy.java:218)
	at org.springframework.aop.framework.CglibAopProxy$CglibMethodInvocation.invokeJoinpoint(CglibAopProxy.java:793)
	at org.springframework.aop.framework.ReflectiveMethodInvocation.proceed(ReflectiveMethodInvocation.java:163)
	at org.springframework.aop.framework.CglibAopProxy$CglibMethodInvocation.proceed(CglibAopProxy.java:763)
	at org.springframework.dao.support.PersistenceExceptionTranslationInterceptor.invoke(PersistenceExceptionTranslationInterceptor.java:137)
	at org.springframework.aop.framework.ReflectiveMethodInvocation.proceed(ReflectiveMethodInvocation.java:186)
	at org.springframework.aop.framework.CglibAopProxy$CglibMethodInvocation.proceed(CglibAopProxy.java:763)
	at org.springframework.aop.framework.CglibAopProxy$DynamicAdvisedInterceptor.intercept(CglibAopProxy.java:708)
	at cn.good.infrastructure.persistent.repository.TaskRepository$$EnhancerBySpringCGLIB$$c784bfba.sendMessage(<generated>)
	at cn.good.domain.task.service.TaskService.sendMessage(TaskService.java:29)
	at cn.good.trigger.job.SendMessageTaskJob.exec_db01(SendMessageTaskJob.java:42)
	at sun.reflect.GeneratedMethodAccessor144.invoke(Unknown Source)
	at sun.reflect.DelegatingMethodAccessorImpl.invoke(DelegatingMethodAccessorImpl.java:43)
	at java.lang.reflect.Method.invoke(Method.java:498)
	at org.springframework.scheduling.support.ScheduledMethodRunnable.run(ScheduledMethodRunnable.java:84)
	at org.springframework.scheduling.support.DelegatingErrorHandlingRunnable.run(DelegatingErrorHandlingRunnable.java:54)
	at org.springframework.scheduling.concurrent.ReschedulingRunnable.run(ReschedulingRunnable.java:95)
	at java.util.concurrent.Executors$RunnableAdapter.call(Executors.java:511)
	at java.util.concurrent.FutureTask.run(FutureTask.java:266)
	at java.util.concurrent.ScheduledThreadPoolExecutor$ScheduledFutureTask.access$201(ScheduledThreadPoolExecutor.java:180)
	at java.util.concurrent.ScheduledThreadPoolExecutor$ScheduledFutureTask.run(ScheduledThreadPoolExecutor.java:293)
	at java.util.concurrent.ThreadPoolExecutor.runWorker(ThreadPoolExecutor.java:1149)
	at java.util.concurrent.ThreadPoolExecutor$Worker.run(ThreadPoolExecutor.java:624)
	at java.lang.Thread.run(Thread.java:750)
25-03-31.22:13:30.023 [scheduling-1    ] ERROR SendMessageTaskJob     - 定时任务，发送MQ消息失败 userId: wkm topic: null
25-03-31.22:13:35.004 [scheduling-1    ] ERROR EventPublisher         - 发送MQ消息失败 topic:null message :null
java.lang.NullPointerException: null
	at org.springframework.amqp.support.converter.SimpleMessageConverter.createMessage(SimpleMessageConverter.java:164)
	at org.springframework.amqp.support.converter.AbstractMessageConverter.createMessage(AbstractMessageConverter.java:88)
	at org.springframework.amqp.support.converter.AbstractMessageConverter.toMessage(AbstractMessageConverter.java:70)
	at org.springframework.amqp.support.converter.AbstractMessageConverter.toMessage(AbstractMessageConverter.java:58)
	at org.springframework.amqp.rabbit.core.RabbitTemplate.convertMessageIfNecessary(RabbitTemplate.java:1861)
	at org.springframework.amqp.rabbit.core.RabbitTemplate.convertAndSend(RabbitTemplate.java:1167)
	at org.springframework.amqp.rabbit.core.RabbitTemplate.convertAndSend(RabbitTemplate.java:1149)
	at cn.good.infrastructure.event.EventPublisher.publish(EventPublisher.java:35)
	at cn.good.infrastructure.persistent.repository.TaskRepository.sendMessage(TaskRepository.java:45)
	at cn.good.infrastructure.persistent.repository.TaskRepository$$FastClassBySpringCGLIB$$10d01039.invoke(<generated>)
	at org.springframework.cglib.proxy.MethodProxy.invoke(MethodProxy.java:218)
	at org.springframework.aop.framework.CglibAopProxy$CglibMethodInvocation.invokeJoinpoint(CglibAopProxy.java:793)
	at org.springframework.aop.framework.ReflectiveMethodInvocation.proceed(ReflectiveMethodInvocation.java:163)
	at org.springframework.aop.framework.CglibAopProxy$CglibMethodInvocation.proceed(CglibAopProxy.java:763)
	at org.springframework.dao.support.PersistenceExceptionTranslationInterceptor.invoke(PersistenceExceptionTranslationInterceptor.java:137)
	at org.springframework.aop.framework.ReflectiveMethodInvocation.proceed(ReflectiveMethodInvocation.java:186)
	at org.springframework.aop.framework.CglibAopProxy$CglibMethodInvocation.proceed(CglibAopProxy.java:763)
	at org.springframework.aop.framework.CglibAopProxy$DynamicAdvisedInterceptor.intercept(CglibAopProxy.java:708)
	at cn.good.infrastructure.persistent.repository.TaskRepository$$EnhancerBySpringCGLIB$$c784bfba.sendMessage(<generated>)
	at cn.good.domain.task.service.TaskService.sendMessage(TaskService.java:29)
	at cn.good.trigger.job.SendMessageTaskJob.exec_db01(SendMessageTaskJob.java:42)
	at sun.reflect.GeneratedMethodAccessor144.invoke(Unknown Source)
	at sun.reflect.DelegatingMethodAccessorImpl.invoke(DelegatingMethodAccessorImpl.java:43)
	at java.lang.reflect.Method.invoke(Method.java:498)
	at org.springframework.scheduling.support.ScheduledMethodRunnable.run(ScheduledMethodRunnable.java:84)
	at org.springframework.scheduling.support.DelegatingErrorHandlingRunnable.run(DelegatingErrorHandlingRunnable.java:54)
	at org.springframework.scheduling.concurrent.ReschedulingRunnable.run(ReschedulingRunnable.java:95)
	at java.util.concurrent.Executors$RunnableAdapter.call(Executors.java:511)
	at java.util.concurrent.FutureTask.run(FutureTask.java:266)
	at java.util.concurrent.ScheduledThreadPoolExecutor$ScheduledFutureTask.access$201(ScheduledThreadPoolExecutor.java:180)
	at java.util.concurrent.ScheduledThreadPoolExecutor$ScheduledFutureTask.run(ScheduledThreadPoolExecutor.java:293)
	at java.util.concurrent.ThreadPoolExecutor.runWorker(ThreadPoolExecutor.java:1149)
	at java.util.concurrent.ThreadPoolExecutor$Worker.run(ThreadPoolExecutor.java:624)
	at java.lang.Thread.run(Thread.java:750)
25-03-31.22:13:35.004 [scheduling-1    ] ERROR SendMessageTaskJob     - 定时任务，发送MQ消息失败 userId: wkm topic: null
25-03-31.22:13:35.006 [scheduling-1    ] ERROR EventPublisher         - 发送MQ消息失败 topic:null message :null
java.lang.NullPointerException: null
	at org.springframework.amqp.support.converter.SimpleMessageConverter.createMessage(SimpleMessageConverter.java:164)
	at org.springframework.amqp.support.converter.AbstractMessageConverter.createMessage(AbstractMessageConverter.java:88)
	at org.springframework.amqp.support.converter.AbstractMessageConverter.toMessage(AbstractMessageConverter.java:70)
	at org.springframework.amqp.support.converter.AbstractMessageConverter.toMessage(AbstractMessageConverter.java:58)
	at org.springframework.amqp.rabbit.core.RabbitTemplate.convertMessageIfNecessary(RabbitTemplate.java:1861)
	at org.springframework.amqp.rabbit.core.RabbitTemplate.convertAndSend(RabbitTemplate.java:1167)
	at org.springframework.amqp.rabbit.core.RabbitTemplate.convertAndSend(RabbitTemplate.java:1149)
	at cn.good.infrastructure.event.EventPublisher.publish(EventPublisher.java:35)
	at cn.good.infrastructure.persistent.repository.TaskRepository.sendMessage(TaskRepository.java:45)
	at cn.good.infrastructure.persistent.repository.TaskRepository$$FastClassBySpringCGLIB$$10d01039.invoke(<generated>)
	at org.springframework.cglib.proxy.MethodProxy.invoke(MethodProxy.java:218)
	at org.springframework.aop.framework.CglibAopProxy$CglibMethodInvocation.invokeJoinpoint(CglibAopProxy.java:793)
	at org.springframework.aop.framework.ReflectiveMethodInvocation.proceed(ReflectiveMethodInvocation.java:163)
	at org.springframework.aop.framework.CglibAopProxy$CglibMethodInvocation.proceed(CglibAopProxy.java:763)
	at org.springframework.dao.support.PersistenceExceptionTranslationInterceptor.invoke(PersistenceExceptionTranslationInterceptor.java:137)
	at org.springframework.aop.framework.ReflectiveMethodInvocation.proceed(ReflectiveMethodInvocation.java:186)
	at org.springframework.aop.framework.CglibAopProxy$CglibMethodInvocation.proceed(CglibAopProxy.java:763)
	at org.springframework.aop.framework.CglibAopProxy$DynamicAdvisedInterceptor.intercept(CglibAopProxy.java:708)
	at cn.good.infrastructure.persistent.repository.TaskRepository$$EnhancerBySpringCGLIB$$c784bfba.sendMessage(<generated>)
	at cn.good.domain.task.service.TaskService.sendMessage(TaskService.java:29)
	at cn.good.trigger.job.SendMessageTaskJob.exec_db01(SendMessageTaskJob.java:42)
	at sun.reflect.GeneratedMethodAccessor144.invoke(Unknown Source)
	at sun.reflect.DelegatingMethodAccessorImpl.invoke(DelegatingMethodAccessorImpl.java:43)
	at java.lang.reflect.Method.invoke(Method.java:498)
	at org.springframework.scheduling.support.ScheduledMethodRunnable.run(ScheduledMethodRunnable.java:84)
	at org.springframework.scheduling.support.DelegatingErrorHandlingRunnable.run(DelegatingErrorHandlingRunnable.java:54)
	at org.springframework.scheduling.concurrent.ReschedulingRunnable.run(ReschedulingRunnable.java:95)
	at java.util.concurrent.Executors$RunnableAdapter.call(Executors.java:511)
	at java.util.concurrent.FutureTask.run(FutureTask.java:266)
	at java.util.concurrent.ScheduledThreadPoolExecutor$ScheduledFutureTask.access$201(ScheduledThreadPoolExecutor.java:180)
	at java.util.concurrent.ScheduledThreadPoolExecutor$ScheduledFutureTask.run(ScheduledThreadPoolExecutor.java:293)
	at java.util.concurrent.ThreadPoolExecutor.runWorker(ThreadPoolExecutor.java:1149)
	at java.util.concurrent.ThreadPoolExecutor$Worker.run(ThreadPoolExecutor.java:624)
	at java.lang.Thread.run(Thread.java:750)
25-03-31.22:13:35.006 [scheduling-1    ] ERROR SendMessageTaskJob     - 定时任务，发送MQ消息失败 userId: wkm topic: null
25-03-31.22:13:35.007 [scheduling-1    ] ERROR EventPublisher         - 发送MQ消息失败 topic:null message :null
java.lang.NullPointerException: null
	at org.springframework.amqp.support.converter.SimpleMessageConverter.createMessage(SimpleMessageConverter.java:164)
	at org.springframework.amqp.support.converter.AbstractMessageConverter.createMessage(AbstractMessageConverter.java:88)
	at org.springframework.amqp.support.converter.AbstractMessageConverter.toMessage(AbstractMessageConverter.java:70)
	at org.springframework.amqp.support.converter.AbstractMessageConverter.toMessage(AbstractMessageConverter.java:58)
	at org.springframework.amqp.rabbit.core.RabbitTemplate.convertMessageIfNecessary(RabbitTemplate.java:1861)
	at org.springframework.amqp.rabbit.core.RabbitTemplate.convertAndSend(RabbitTemplate.java:1167)
	at org.springframework.amqp.rabbit.core.RabbitTemplate.convertAndSend(RabbitTemplate.java:1149)
	at cn.good.infrastructure.event.EventPublisher.publish(EventPublisher.java:35)
	at cn.good.infrastructure.persistent.repository.TaskRepository.sendMessage(TaskRepository.java:45)
	at cn.good.infrastructure.persistent.repository.TaskRepository$$FastClassBySpringCGLIB$$10d01039.invoke(<generated>)
	at org.springframework.cglib.proxy.MethodProxy.invoke(MethodProxy.java:218)
	at org.springframework.aop.framework.CglibAopProxy$CglibMethodInvocation.invokeJoinpoint(CglibAopProxy.java:793)
	at org.springframework.aop.framework.ReflectiveMethodInvocation.proceed(ReflectiveMethodInvocation.java:163)
	at org.springframework.aop.framework.CglibAopProxy$CglibMethodInvocation.proceed(CglibAopProxy.java:763)
	at org.springframework.dao.support.PersistenceExceptionTranslationInterceptor.invoke(PersistenceExceptionTranslationInterceptor.java:137)
	at org.springframework.aop.framework.ReflectiveMethodInvocation.proceed(ReflectiveMethodInvocation.java:186)
	at org.springframework.aop.framework.CglibAopProxy$CglibMethodInvocation.proceed(CglibAopProxy.java:763)
	at org.springframework.aop.framework.CglibAopProxy$DynamicAdvisedInterceptor.intercept(CglibAopProxy.java:708)
	at cn.good.infrastructure.persistent.repository.TaskRepository$$EnhancerBySpringCGLIB$$c784bfba.sendMessage(<generated>)
	at cn.good.domain.task.service.TaskService.sendMessage(TaskService.java:29)
	at cn.good.trigger.job.SendMessageTaskJob.exec_db01(SendMessageTaskJob.java:42)
	at sun.reflect.GeneratedMethodAccessor144.invoke(Unknown Source)
	at sun.reflect.DelegatingMethodAccessorImpl.invoke(DelegatingMethodAccessorImpl.java:43)
	at java.lang.reflect.Method.invoke(Method.java:498)
	at org.springframework.scheduling.support.ScheduledMethodRunnable.run(ScheduledMethodRunnable.java:84)
	at org.springframework.scheduling.support.DelegatingErrorHandlingRunnable.run(DelegatingErrorHandlingRunnable.java:54)
	at org.springframework.scheduling.concurrent.ReschedulingRunnable.run(ReschedulingRunnable.java:95)
	at java.util.concurrent.Executors$RunnableAdapter.call(Executors.java:511)
	at java.util.concurrent.FutureTask.run(FutureTask.java:266)
	at java.util.concurrent.ScheduledThreadPoolExecutor$ScheduledFutureTask.access$201(ScheduledThreadPoolExecutor.java:180)
	at java.util.concurrent.ScheduledThreadPoolExecutor$ScheduledFutureTask.run(ScheduledThreadPoolExecutor.java:293)
	at java.util.concurrent.ThreadPoolExecutor.runWorker(ThreadPoolExecutor.java:1149)
	at java.util.concurrent.ThreadPoolExecutor$Worker.run(ThreadPoolExecutor.java:624)
	at java.lang.Thread.run(Thread.java:750)
25-03-31.22:13:35.007 [scheduling-1    ] ERROR SendMessageTaskJob     - 定时任务，发送MQ消息失败 userId: wkm topic: null
25-03-31.22:13:40.009 [scheduling-1    ] ERROR EventPublisher         - 发送MQ消息失败 topic:null message :null
java.lang.NullPointerException: null
	at org.springframework.amqp.support.converter.SimpleMessageConverter.createMessage(SimpleMessageConverter.java:164)
	at org.springframework.amqp.support.converter.AbstractMessageConverter.createMessage(AbstractMessageConverter.java:88)
	at org.springframework.amqp.support.converter.AbstractMessageConverter.toMessage(AbstractMessageConverter.java:70)
	at org.springframework.amqp.support.converter.AbstractMessageConverter.toMessage(AbstractMessageConverter.java:58)
	at org.springframework.amqp.rabbit.core.RabbitTemplate.convertMessageIfNecessary(RabbitTemplate.java:1861)
	at org.springframework.amqp.rabbit.core.RabbitTemplate.convertAndSend(RabbitTemplate.java:1167)
	at org.springframework.amqp.rabbit.core.RabbitTemplate.convertAndSend(RabbitTemplate.java:1149)
	at cn.good.infrastructure.event.EventPublisher.publish(EventPublisher.java:35)
	at cn.good.infrastructure.persistent.repository.TaskRepository.sendMessage(TaskRepository.java:45)
	at cn.good.infrastructure.persistent.repository.TaskRepository$$FastClassBySpringCGLIB$$10d01039.invoke(<generated>)
	at org.springframework.cglib.proxy.MethodProxy.invoke(MethodProxy.java:218)
	at org.springframework.aop.framework.CglibAopProxy$CglibMethodInvocation.invokeJoinpoint(CglibAopProxy.java:793)
	at org.springframework.aop.framework.ReflectiveMethodInvocation.proceed(ReflectiveMethodInvocation.java:163)
	at org.springframework.aop.framework.CglibAopProxy$CglibMethodInvocation.proceed(CglibAopProxy.java:763)
	at org.springframework.dao.support.PersistenceExceptionTranslationInterceptor.invoke(PersistenceExceptionTranslationInterceptor.java:137)
	at org.springframework.aop.framework.ReflectiveMethodInvocation.proceed(ReflectiveMethodInvocation.java:186)
	at org.springframework.aop.framework.CglibAopProxy$CglibMethodInvocation.proceed(CglibAopProxy.java:763)
	at org.springframework.aop.framework.CglibAopProxy$DynamicAdvisedInterceptor.intercept(CglibAopProxy.java:708)
	at cn.good.infrastructure.persistent.repository.TaskRepository$$EnhancerBySpringCGLIB$$c784bfba.sendMessage(<generated>)
	at cn.good.domain.task.service.TaskService.sendMessage(TaskService.java:29)
	at cn.good.trigger.job.SendMessageTaskJob.exec_db01(SendMessageTaskJob.java:42)
	at sun.reflect.GeneratedMethodAccessor144.invoke(Unknown Source)
	at sun.reflect.DelegatingMethodAccessorImpl.invoke(DelegatingMethodAccessorImpl.java:43)
	at java.lang.reflect.Method.invoke(Method.java:498)
	at org.springframework.scheduling.support.ScheduledMethodRunnable.run(ScheduledMethodRunnable.java:84)
	at org.springframework.scheduling.support.DelegatingErrorHandlingRunnable.run(DelegatingErrorHandlingRunnable.java:54)
	at org.springframework.scheduling.concurrent.ReschedulingRunnable.run(ReschedulingRunnable.java:95)
	at java.util.concurrent.Executors$RunnableAdapter.call(Executors.java:511)
	at java.util.concurrent.FutureTask.run(FutureTask.java:266)
	at java.util.concurrent.ScheduledThreadPoolExecutor$ScheduledFutureTask.access$201(ScheduledThreadPoolExecutor.java:180)
	at java.util.concurrent.ScheduledThreadPoolExecutor$ScheduledFutureTask.run(ScheduledThreadPoolExecutor.java:293)
	at java.util.concurrent.ThreadPoolExecutor.runWorker(ThreadPoolExecutor.java:1149)
	at java.util.concurrent.ThreadPoolExecutor$Worker.run(ThreadPoolExecutor.java:624)
	at java.lang.Thread.run(Thread.java:750)
25-03-31.22:13:40.009 [scheduling-1    ] ERROR SendMessageTaskJob     - 定时任务，发送MQ消息失败 userId: wkm topic: null
25-03-31.22:13:40.011 [scheduling-1    ] ERROR EventPublisher         - 发送MQ消息失败 topic:null message :null
java.lang.NullPointerException: null
	at org.springframework.amqp.support.converter.SimpleMessageConverter.createMessage(SimpleMessageConverter.java:164)
	at org.springframework.amqp.support.converter.AbstractMessageConverter.createMessage(AbstractMessageConverter.java:88)
	at org.springframework.amqp.support.converter.AbstractMessageConverter.toMessage(AbstractMessageConverter.java:70)
	at org.springframework.amqp.support.converter.AbstractMessageConverter.toMessage(AbstractMessageConverter.java:58)
	at org.springframework.amqp.rabbit.core.RabbitTemplate.convertMessageIfNecessary(RabbitTemplate.java:1861)
	at org.springframework.amqp.rabbit.core.RabbitTemplate.convertAndSend(RabbitTemplate.java:1167)
	at org.springframework.amqp.rabbit.core.RabbitTemplate.convertAndSend(RabbitTemplate.java:1149)
	at cn.good.infrastructure.event.EventPublisher.publish(EventPublisher.java:35)
	at cn.good.infrastructure.persistent.repository.TaskRepository.sendMessage(TaskRepository.java:45)
	at cn.good.infrastructure.persistent.repository.TaskRepository$$FastClassBySpringCGLIB$$10d01039.invoke(<generated>)
	at org.springframework.cglib.proxy.MethodProxy.invoke(MethodProxy.java:218)
	at org.springframework.aop.framework.CglibAopProxy$CglibMethodInvocation.invokeJoinpoint(CglibAopProxy.java:793)
	at org.springframework.aop.framework.ReflectiveMethodInvocation.proceed(ReflectiveMethodInvocation.java:163)
	at org.springframework.aop.framework.CglibAopProxy$CglibMethodInvocation.proceed(CglibAopProxy.java:763)
	at org.springframework.dao.support.PersistenceExceptionTranslationInterceptor.invoke(PersistenceExceptionTranslationInterceptor.java:137)
	at org.springframework.aop.framework.ReflectiveMethodInvocation.proceed(ReflectiveMethodInvocation.java:186)
	at org.springframework.aop.framework.CglibAopProxy$CglibMethodInvocation.proceed(CglibAopProxy.java:763)
	at org.springframework.aop.framework.CglibAopProxy$DynamicAdvisedInterceptor.intercept(CglibAopProxy.java:708)
	at cn.good.infrastructure.persistent.repository.TaskRepository$$EnhancerBySpringCGLIB$$c784bfba.sendMessage(<generated>)
	at cn.good.domain.task.service.TaskService.sendMessage(TaskService.java:29)
	at cn.good.trigger.job.SendMessageTaskJob.exec_db01(SendMessageTaskJob.java:42)
	at sun.reflect.GeneratedMethodAccessor144.invoke(Unknown Source)
	at sun.reflect.DelegatingMethodAccessorImpl.invoke(DelegatingMethodAccessorImpl.java:43)
	at java.lang.reflect.Method.invoke(Method.java:498)
	at org.springframework.scheduling.support.ScheduledMethodRunnable.run(ScheduledMethodRunnable.java:84)
	at org.springframework.scheduling.support.DelegatingErrorHandlingRunnable.run(DelegatingErrorHandlingRunnable.java:54)
	at org.springframework.scheduling.concurrent.ReschedulingRunnable.run(ReschedulingRunnable.java:95)
	at java.util.concurrent.Executors$RunnableAdapter.call(Executors.java:511)
	at java.util.concurrent.FutureTask.run(FutureTask.java:266)
	at java.util.concurrent.ScheduledThreadPoolExecutor$ScheduledFutureTask.access$201(ScheduledThreadPoolExecutor.java:180)
	at java.util.concurrent.ScheduledThreadPoolExecutor$ScheduledFutureTask.run(ScheduledThreadPoolExecutor.java:293)
	at java.util.concurrent.ThreadPoolExecutor.runWorker(ThreadPoolExecutor.java:1149)
	at java.util.concurrent.ThreadPoolExecutor$Worker.run(ThreadPoolExecutor.java:624)
	at java.lang.Thread.run(Thread.java:750)
25-03-31.22:13:40.011 [scheduling-1    ] ERROR SendMessageTaskJob     - 定时任务，发送MQ消息失败 userId: wkm topic: null
25-03-31.22:13:40.013 [scheduling-1    ] ERROR EventPublisher         - 发送MQ消息失败 topic:null message :null
java.lang.NullPointerException: null
	at org.springframework.amqp.support.converter.SimpleMessageConverter.createMessage(SimpleMessageConverter.java:164)
	at org.springframework.amqp.support.converter.AbstractMessageConverter.createMessage(AbstractMessageConverter.java:88)
	at org.springframework.amqp.support.converter.AbstractMessageConverter.toMessage(AbstractMessageConverter.java:70)
	at org.springframework.amqp.support.converter.AbstractMessageConverter.toMessage(AbstractMessageConverter.java:58)
	at org.springframework.amqp.rabbit.core.RabbitTemplate.convertMessageIfNecessary(RabbitTemplate.java:1861)
	at org.springframework.amqp.rabbit.core.RabbitTemplate.convertAndSend(RabbitTemplate.java:1167)
	at org.springframework.amqp.rabbit.core.RabbitTemplate.convertAndSend(RabbitTemplate.java:1149)
	at cn.good.infrastructure.event.EventPublisher.publish(EventPublisher.java:35)
	at cn.good.infrastructure.persistent.repository.TaskRepository.sendMessage(TaskRepository.java:45)
	at cn.good.infrastructure.persistent.repository.TaskRepository$$FastClassBySpringCGLIB$$10d01039.invoke(<generated>)
	at org.springframework.cglib.proxy.MethodProxy.invoke(MethodProxy.java:218)
	at org.springframework.aop.framework.CglibAopProxy$CglibMethodInvocation.invokeJoinpoint(CglibAopProxy.java:793)
	at org.springframework.aop.framework.ReflectiveMethodInvocation.proceed(ReflectiveMethodInvocation.java:163)
	at org.springframework.aop.framework.CglibAopProxy$CglibMethodInvocation.proceed(CglibAopProxy.java:763)
	at org.springframework.dao.support.PersistenceExceptionTranslationInterceptor.invoke(PersistenceExceptionTranslationInterceptor.java:137)
	at org.springframework.aop.framework.ReflectiveMethodInvocation.proceed(ReflectiveMethodInvocation.java:186)
	at org.springframework.aop.framework.CglibAopProxy$CglibMethodInvocation.proceed(CglibAopProxy.java:763)
	at org.springframework.aop.framework.CglibAopProxy$DynamicAdvisedInterceptor.intercept(CglibAopProxy.java:708)
	at cn.good.infrastructure.persistent.repository.TaskRepository$$EnhancerBySpringCGLIB$$c784bfba.sendMessage(<generated>)
	at cn.good.domain.task.service.TaskService.sendMessage(TaskService.java:29)
	at cn.good.trigger.job.SendMessageTaskJob.exec_db01(SendMessageTaskJob.java:42)
	at sun.reflect.GeneratedMethodAccessor144.invoke(Unknown Source)
	at sun.reflect.DelegatingMethodAccessorImpl.invoke(DelegatingMethodAccessorImpl.java:43)
	at java.lang.reflect.Method.invoke(Method.java:498)
	at org.springframework.scheduling.support.ScheduledMethodRunnable.run(ScheduledMethodRunnable.java:84)
	at org.springframework.scheduling.support.DelegatingErrorHandlingRunnable.run(DelegatingErrorHandlingRunnable.java:54)
	at org.springframework.scheduling.concurrent.ReschedulingRunnable.run(ReschedulingRunnable.java:95)
	at java.util.concurrent.Executors$RunnableAdapter.call(Executors.java:511)
	at java.util.concurrent.FutureTask.run(FutureTask.java:266)
	at java.util.concurrent.ScheduledThreadPoolExecutor$ScheduledFutureTask.access$201(ScheduledThreadPoolExecutor.java:180)
	at java.util.concurrent.ScheduledThreadPoolExecutor$ScheduledFutureTask.run(ScheduledThreadPoolExecutor.java:293)
	at java.util.concurrent.ThreadPoolExecutor.runWorker(ThreadPoolExecutor.java:1149)
	at java.util.concurrent.ThreadPoolExecutor$Worker.run(ThreadPoolExecutor.java:624)
	at java.lang.Thread.run(Thread.java:750)
25-03-31.22:13:40.014 [scheduling-1    ] ERROR SendMessageTaskJob     - 定时任务，发送MQ消息失败 userId: wkm topic: null
25-03-31.22:13:45.005 [scheduling-1    ] ERROR EventPublisher         - 发送MQ消息失败 topic:null message :null
java.lang.NullPointerException: null
	at org.springframework.amqp.support.converter.SimpleMessageConverter.createMessage(SimpleMessageConverter.java:164)
	at org.springframework.amqp.support.converter.AbstractMessageConverter.createMessage(AbstractMessageConverter.java:88)
	at org.springframework.amqp.support.converter.AbstractMessageConverter.toMessage(AbstractMessageConverter.java:70)
	at org.springframework.amqp.support.converter.AbstractMessageConverter.toMessage(AbstractMessageConverter.java:58)
	at org.springframework.amqp.rabbit.core.RabbitTemplate.convertMessageIfNecessary(RabbitTemplate.java:1861)
	at org.springframework.amqp.rabbit.core.RabbitTemplate.convertAndSend(RabbitTemplate.java:1167)
	at org.springframework.amqp.rabbit.core.RabbitTemplate.convertAndSend(RabbitTemplate.java:1149)
	at cn.good.infrastructure.event.EventPublisher.publish(EventPublisher.java:35)
	at cn.good.infrastructure.persistent.repository.TaskRepository.sendMessage(TaskRepository.java:45)
	at cn.good.infrastructure.persistent.repository.TaskRepository$$FastClassBySpringCGLIB$$10d01039.invoke(<generated>)
	at org.springframework.cglib.proxy.MethodProxy.invoke(MethodProxy.java:218)
	at org.springframework.aop.framework.CglibAopProxy$CglibMethodInvocation.invokeJoinpoint(CglibAopProxy.java:793)
	at org.springframework.aop.framework.ReflectiveMethodInvocation.proceed(ReflectiveMethodInvocation.java:163)
	at org.springframework.aop.framework.CglibAopProxy$CglibMethodInvocation.proceed(CglibAopProxy.java:763)
	at org.springframework.dao.support.PersistenceExceptionTranslationInterceptor.invoke(PersistenceExceptionTranslationInterceptor.java:137)
	at org.springframework.aop.framework.ReflectiveMethodInvocation.proceed(ReflectiveMethodInvocation.java:186)
	at org.springframework.aop.framework.CglibAopProxy$CglibMethodInvocation.proceed(CglibAopProxy.java:763)
	at org.springframework.aop.framework.CglibAopProxy$DynamicAdvisedInterceptor.intercept(CglibAopProxy.java:708)
	at cn.good.infrastructure.persistent.repository.TaskRepository$$EnhancerBySpringCGLIB$$c784bfba.sendMessage(<generated>)
	at cn.good.domain.task.service.TaskService.sendMessage(TaskService.java:29)
	at cn.good.trigger.job.SendMessageTaskJob.exec_db01(SendMessageTaskJob.java:42)
	at sun.reflect.GeneratedMethodAccessor144.invoke(Unknown Source)
	at sun.reflect.DelegatingMethodAccessorImpl.invoke(DelegatingMethodAccessorImpl.java:43)
	at java.lang.reflect.Method.invoke(Method.java:498)
	at org.springframework.scheduling.support.ScheduledMethodRunnable.run(ScheduledMethodRunnable.java:84)
	at org.springframework.scheduling.support.DelegatingErrorHandlingRunnable.run(DelegatingErrorHandlingRunnable.java:54)
	at org.springframework.scheduling.concurrent.ReschedulingRunnable.run(ReschedulingRunnable.java:95)
	at java.util.concurrent.Executors$RunnableAdapter.call(Executors.java:511)
	at java.util.concurrent.FutureTask.run(FutureTask.java:266)
	at java.util.concurrent.ScheduledThreadPoolExecutor$ScheduledFutureTask.access$201(ScheduledThreadPoolExecutor.java:180)
	at java.util.concurrent.ScheduledThreadPoolExecutor$ScheduledFutureTask.run(ScheduledThreadPoolExecutor.java:293)
	at java.util.concurrent.ThreadPoolExecutor.runWorker(ThreadPoolExecutor.java:1149)
	at java.util.concurrent.ThreadPoolExecutor$Worker.run(ThreadPoolExecutor.java:624)
	at java.lang.Thread.run(Thread.java:750)
25-03-31.22:13:45.005 [scheduling-1    ] ERROR SendMessageTaskJob     - 定时任务，发送MQ消息失败 userId: wkm topic: null
25-03-31.22:13:45.007 [scheduling-1    ] ERROR EventPublisher         - 发送MQ消息失败 topic:null message :null
java.lang.NullPointerException: null
	at org.springframework.amqp.support.converter.SimpleMessageConverter.createMessage(SimpleMessageConverter.java:164)
	at org.springframework.amqp.support.converter.AbstractMessageConverter.createMessage(AbstractMessageConverter.java:88)
	at org.springframework.amqp.support.converter.AbstractMessageConverter.toMessage(AbstractMessageConverter.java:70)
	at org.springframework.amqp.support.converter.AbstractMessageConverter.toMessage(AbstractMessageConverter.java:58)
	at org.springframework.amqp.rabbit.core.RabbitTemplate.convertMessageIfNecessary(RabbitTemplate.java:1861)
	at org.springframework.amqp.rabbit.core.RabbitTemplate.convertAndSend(RabbitTemplate.java:1167)
	at org.springframework.amqp.rabbit.core.RabbitTemplate.convertAndSend(RabbitTemplate.java:1149)
	at cn.good.infrastructure.event.EventPublisher.publish(EventPublisher.java:35)
	at cn.good.infrastructure.persistent.repository.TaskRepository.sendMessage(TaskRepository.java:45)
	at cn.good.infrastructure.persistent.repository.TaskRepository$$FastClassBySpringCGLIB$$10d01039.invoke(<generated>)
	at org.springframework.cglib.proxy.MethodProxy.invoke(MethodProxy.java:218)
	at org.springframework.aop.framework.CglibAopProxy$CglibMethodInvocation.invokeJoinpoint(CglibAopProxy.java:793)
	at org.springframework.aop.framework.ReflectiveMethodInvocation.proceed(ReflectiveMethodInvocation.java:163)
	at org.springframework.aop.framework.CglibAopProxy$CglibMethodInvocation.proceed(CglibAopProxy.java:763)
	at org.springframework.dao.support.PersistenceExceptionTranslationInterceptor.invoke(PersistenceExceptionTranslationInterceptor.java:137)
	at org.springframework.aop.framework.ReflectiveMethodInvocation.proceed(ReflectiveMethodInvocation.java:186)
	at org.springframework.aop.framework.CglibAopProxy$CglibMethodInvocation.proceed(CglibAopProxy.java:763)
	at org.springframework.aop.framework.CglibAopProxy$DynamicAdvisedInterceptor.intercept(CglibAopProxy.java:708)
	at cn.good.infrastructure.persistent.repository.TaskRepository$$EnhancerBySpringCGLIB$$c784bfba.sendMessage(<generated>)
	at cn.good.domain.task.service.TaskService.sendMessage(TaskService.java:29)
	at cn.good.trigger.job.SendMessageTaskJob.exec_db01(SendMessageTaskJob.java:42)
	at sun.reflect.GeneratedMethodAccessor144.invoke(Unknown Source)
	at sun.reflect.DelegatingMethodAccessorImpl.invoke(DelegatingMethodAccessorImpl.java:43)
	at java.lang.reflect.Method.invoke(Method.java:498)
	at org.springframework.scheduling.support.ScheduledMethodRunnable.run(ScheduledMethodRunnable.java:84)
	at org.springframework.scheduling.support.DelegatingErrorHandlingRunnable.run(DelegatingErrorHandlingRunnable.java:54)
	at org.springframework.scheduling.concurrent.ReschedulingRunnable.run(ReschedulingRunnable.java:95)
	at java.util.concurrent.Executors$RunnableAdapter.call(Executors.java:511)
	at java.util.concurrent.FutureTask.run(FutureTask.java:266)
	at java.util.concurrent.ScheduledThreadPoolExecutor$ScheduledFutureTask.access$201(ScheduledThreadPoolExecutor.java:180)
	at java.util.concurrent.ScheduledThreadPoolExecutor$ScheduledFutureTask.run(ScheduledThreadPoolExecutor.java:293)
	at java.util.concurrent.ThreadPoolExecutor.runWorker(ThreadPoolExecutor.java:1149)
	at java.util.concurrent.ThreadPoolExecutor$Worker.run(ThreadPoolExecutor.java:624)
	at java.lang.Thread.run(Thread.java:750)
25-03-31.22:13:45.007 [scheduling-1    ] ERROR SendMessageTaskJob     - 定时任务，发送MQ消息失败 userId: wkm topic: null
25-03-31.22:13:45.009 [scheduling-1    ] ERROR EventPublisher         - 发送MQ消息失败 topic:null message :null
java.lang.NullPointerException: null
	at org.springframework.amqp.support.converter.SimpleMessageConverter.createMessage(SimpleMessageConverter.java:164)
	at org.springframework.amqp.support.converter.AbstractMessageConverter.createMessage(AbstractMessageConverter.java:88)
	at org.springframework.amqp.support.converter.AbstractMessageConverter.toMessage(AbstractMessageConverter.java:70)
	at org.springframework.amqp.support.converter.AbstractMessageConverter.toMessage(AbstractMessageConverter.java:58)
	at org.springframework.amqp.rabbit.core.RabbitTemplate.convertMessageIfNecessary(RabbitTemplate.java:1861)
	at org.springframework.amqp.rabbit.core.RabbitTemplate.convertAndSend(RabbitTemplate.java:1167)
	at org.springframework.amqp.rabbit.core.RabbitTemplate.convertAndSend(RabbitTemplate.java:1149)
	at cn.good.infrastructure.event.EventPublisher.publish(EventPublisher.java:35)
	at cn.good.infrastructure.persistent.repository.TaskRepository.sendMessage(TaskRepository.java:45)
	at cn.good.infrastructure.persistent.repository.TaskRepository$$FastClassBySpringCGLIB$$10d01039.invoke(<generated>)
	at org.springframework.cglib.proxy.MethodProxy.invoke(MethodProxy.java:218)
	at org.springframework.aop.framework.CglibAopProxy$CglibMethodInvocation.invokeJoinpoint(CglibAopProxy.java:793)
	at org.springframework.aop.framework.ReflectiveMethodInvocation.proceed(ReflectiveMethodInvocation.java:163)
	at org.springframework.aop.framework.CglibAopProxy$CglibMethodInvocation.proceed(CglibAopProxy.java:763)
	at org.springframework.dao.support.PersistenceExceptionTranslationInterceptor.invoke(PersistenceExceptionTranslationInterceptor.java:137)
	at org.springframework.aop.framework.ReflectiveMethodInvocation.proceed(ReflectiveMethodInvocation.java:186)
	at org.springframework.aop.framework.CglibAopProxy$CglibMethodInvocation.proceed(CglibAopProxy.java:763)
	at org.springframework.aop.framework.CglibAopProxy$DynamicAdvisedInterceptor.intercept(CglibAopProxy.java:708)
	at cn.good.infrastructure.persistent.repository.TaskRepository$$EnhancerBySpringCGLIB$$c784bfba.sendMessage(<generated>)
	at cn.good.domain.task.service.TaskService.sendMessage(TaskService.java:29)
	at cn.good.trigger.job.SendMessageTaskJob.exec_db01(SendMessageTaskJob.java:42)
	at sun.reflect.GeneratedMethodAccessor144.invoke(Unknown Source)
	at sun.reflect.DelegatingMethodAccessorImpl.invoke(DelegatingMethodAccessorImpl.java:43)
	at java.lang.reflect.Method.invoke(Method.java:498)
	at org.springframework.scheduling.support.ScheduledMethodRunnable.run(ScheduledMethodRunnable.java:84)
	at org.springframework.scheduling.support.DelegatingErrorHandlingRunnable.run(DelegatingErrorHandlingRunnable.java:54)
	at org.springframework.scheduling.concurrent.ReschedulingRunnable.run(ReschedulingRunnable.java:95)
	at java.util.concurrent.Executors$RunnableAdapter.call(Executors.java:511)
	at java.util.concurrent.FutureTask.run(FutureTask.java:266)
	at java.util.concurrent.ScheduledThreadPoolExecutor$ScheduledFutureTask.access$201(ScheduledThreadPoolExecutor.java:180)
	at java.util.concurrent.ScheduledThreadPoolExecutor$ScheduledFutureTask.run(ScheduledThreadPoolExecutor.java:293)
	at java.util.concurrent.ThreadPoolExecutor.runWorker(ThreadPoolExecutor.java:1149)
	at java.util.concurrent.ThreadPoolExecutor$Worker.run(ThreadPoolExecutor.java:624)
	at java.lang.Thread.run(Thread.java:750)
25-03-31.22:13:45.009 [scheduling-1    ] ERROR SendMessageTaskJob     - 定时任务，发送MQ消息失败 userId: wkm topic: null
25-03-31.22:13:50.019 [scheduling-1    ] ERROR EventPublisher         - 发送MQ消息失败 topic:null message :null
java.lang.NullPointerException: null
	at org.springframework.amqp.support.converter.SimpleMessageConverter.createMessage(SimpleMessageConverter.java:164)
	at org.springframework.amqp.support.converter.AbstractMessageConverter.createMessage(AbstractMessageConverter.java:88)
	at org.springframework.amqp.support.converter.AbstractMessageConverter.toMessage(AbstractMessageConverter.java:70)
	at org.springframework.amqp.support.converter.AbstractMessageConverter.toMessage(AbstractMessageConverter.java:58)
	at org.springframework.amqp.rabbit.core.RabbitTemplate.convertMessageIfNecessary(RabbitTemplate.java:1861)
	at org.springframework.amqp.rabbit.core.RabbitTemplate.convertAndSend(RabbitTemplate.java:1167)
	at org.springframework.amqp.rabbit.core.RabbitTemplate.convertAndSend(RabbitTemplate.java:1149)
	at cn.good.infrastructure.event.EventPublisher.publish(EventPublisher.java:35)
	at cn.good.infrastructure.persistent.repository.TaskRepository.sendMessage(TaskRepository.java:45)
	at cn.good.infrastructure.persistent.repository.TaskRepository$$FastClassBySpringCGLIB$$10d01039.invoke(<generated>)
	at org.springframework.cglib.proxy.MethodProxy.invoke(MethodProxy.java:218)
	at org.springframework.aop.framework.CglibAopProxy$CglibMethodInvocation.invokeJoinpoint(CglibAopProxy.java:793)
	at org.springframework.aop.framework.ReflectiveMethodInvocation.proceed(ReflectiveMethodInvocation.java:163)
	at org.springframework.aop.framework.CglibAopProxy$CglibMethodInvocation.proceed(CglibAopProxy.java:763)
	at org.springframework.dao.support.PersistenceExceptionTranslationInterceptor.invoke(PersistenceExceptionTranslationInterceptor.java:137)
	at org.springframework.aop.framework.ReflectiveMethodInvocation.proceed(ReflectiveMethodInvocation.java:186)
	at org.springframework.aop.framework.CglibAopProxy$CglibMethodInvocation.proceed(CglibAopProxy.java:763)
	at org.springframework.aop.framework.CglibAopProxy$DynamicAdvisedInterceptor.intercept(CglibAopProxy.java:708)
	at cn.good.infrastructure.persistent.repository.TaskRepository$$EnhancerBySpringCGLIB$$c784bfba.sendMessage(<generated>)
	at cn.good.domain.task.service.TaskService.sendMessage(TaskService.java:29)
	at cn.good.trigger.job.SendMessageTaskJob.exec_db01(SendMessageTaskJob.java:42)
	at sun.reflect.GeneratedMethodAccessor144.invoke(Unknown Source)
	at sun.reflect.DelegatingMethodAccessorImpl.invoke(DelegatingMethodAccessorImpl.java:43)
	at java.lang.reflect.Method.invoke(Method.java:498)
	at org.springframework.scheduling.support.ScheduledMethodRunnable.run(ScheduledMethodRunnable.java:84)
	at org.springframework.scheduling.support.DelegatingErrorHandlingRunnable.run(DelegatingErrorHandlingRunnable.java:54)
	at org.springframework.scheduling.concurrent.ReschedulingRunnable.run(ReschedulingRunnable.java:95)
	at java.util.concurrent.Executors$RunnableAdapter.call(Executors.java:511)
	at java.util.concurrent.FutureTask.run(FutureTask.java:266)
	at java.util.concurrent.ScheduledThreadPoolExecutor$ScheduledFutureTask.access$201(ScheduledThreadPoolExecutor.java:180)
	at java.util.concurrent.ScheduledThreadPoolExecutor$ScheduledFutureTask.run(ScheduledThreadPoolExecutor.java:293)
	at java.util.concurrent.ThreadPoolExecutor.runWorker(ThreadPoolExecutor.java:1149)
	at java.util.concurrent.ThreadPoolExecutor$Worker.run(ThreadPoolExecutor.java:624)
	at java.lang.Thread.run(Thread.java:750)
25-03-31.22:13:50.019 [scheduling-1    ] ERROR SendMessageTaskJob     - 定时任务，发送MQ消息失败 userId: wkm topic: null
25-03-31.22:13:50.022 [scheduling-1    ] ERROR EventPublisher         - 发送MQ消息失败 topic:null message :null
java.lang.NullPointerException: null
	at org.springframework.amqp.support.converter.SimpleMessageConverter.createMessage(SimpleMessageConverter.java:164)
	at org.springframework.amqp.support.converter.AbstractMessageConverter.createMessage(AbstractMessageConverter.java:88)
	at org.springframework.amqp.support.converter.AbstractMessageConverter.toMessage(AbstractMessageConverter.java:70)
	at org.springframework.amqp.support.converter.AbstractMessageConverter.toMessage(AbstractMessageConverter.java:58)
	at org.springframework.amqp.rabbit.core.RabbitTemplate.convertMessageIfNecessary(RabbitTemplate.java:1861)
	at org.springframework.amqp.rabbit.core.RabbitTemplate.convertAndSend(RabbitTemplate.java:1167)
	at org.springframework.amqp.rabbit.core.RabbitTemplate.convertAndSend(RabbitTemplate.java:1149)
	at cn.good.infrastructure.event.EventPublisher.publish(EventPublisher.java:35)
	at cn.good.infrastructure.persistent.repository.TaskRepository.sendMessage(TaskRepository.java:45)
	at cn.good.infrastructure.persistent.repository.TaskRepository$$FastClassBySpringCGLIB$$10d01039.invoke(<generated>)
	at org.springframework.cglib.proxy.MethodProxy.invoke(MethodProxy.java:218)
	at org.springframework.aop.framework.CglibAopProxy$CglibMethodInvocation.invokeJoinpoint(CglibAopProxy.java:793)
	at org.springframework.aop.framework.ReflectiveMethodInvocation.proceed(ReflectiveMethodInvocation.java:163)
	at org.springframework.aop.framework.CglibAopProxy$CglibMethodInvocation.proceed(CglibAopProxy.java:763)
	at org.springframework.dao.support.PersistenceExceptionTranslationInterceptor.invoke(PersistenceExceptionTranslationInterceptor.java:137)
	at org.springframework.aop.framework.ReflectiveMethodInvocation.proceed(ReflectiveMethodInvocation.java:186)
	at org.springframework.aop.framework.CglibAopProxy$CglibMethodInvocation.proceed(CglibAopProxy.java:763)
	at org.springframework.aop.framework.CglibAopProxy$DynamicAdvisedInterceptor.intercept(CglibAopProxy.java:708)
	at cn.good.infrastructure.persistent.repository.TaskRepository$$EnhancerBySpringCGLIB$$c784bfba.sendMessage(<generated>)
	at cn.good.domain.task.service.TaskService.sendMessage(TaskService.java:29)
	at cn.good.trigger.job.SendMessageTaskJob.exec_db01(SendMessageTaskJob.java:42)
	at sun.reflect.GeneratedMethodAccessor144.invoke(Unknown Source)
	at sun.reflect.DelegatingMethodAccessorImpl.invoke(DelegatingMethodAccessorImpl.java:43)
	at java.lang.reflect.Method.invoke(Method.java:498)
	at org.springframework.scheduling.support.ScheduledMethodRunnable.run(ScheduledMethodRunnable.java:84)
	at org.springframework.scheduling.support.DelegatingErrorHandlingRunnable.run(DelegatingErrorHandlingRunnable.java:54)
	at org.springframework.scheduling.concurrent.ReschedulingRunnable.run(ReschedulingRunnable.java:95)
	at java.util.concurrent.Executors$RunnableAdapter.call(Executors.java:511)
	at java.util.concurrent.FutureTask.run(FutureTask.java:266)
	at java.util.concurrent.ScheduledThreadPoolExecutor$ScheduledFutureTask.access$201(ScheduledThreadPoolExecutor.java:180)
	at java.util.concurrent.ScheduledThreadPoolExecutor$ScheduledFutureTask.run(ScheduledThreadPoolExecutor.java:293)
	at java.util.concurrent.ThreadPoolExecutor.runWorker(ThreadPoolExecutor.java:1149)
	at java.util.concurrent.ThreadPoolExecutor$Worker.run(ThreadPoolExecutor.java:624)
	at java.lang.Thread.run(Thread.java:750)
25-03-31.22:13:50.023 [scheduling-1    ] ERROR SendMessageTaskJob     - 定时任务，发送MQ消息失败 userId: wkm topic: null
25-03-31.22:13:50.024 [scheduling-1    ] ERROR EventPublisher         - 发送MQ消息失败 topic:null message :null
java.lang.NullPointerException: null
	at org.springframework.amqp.support.converter.SimpleMessageConverter.createMessage(SimpleMessageConverter.java:164)
	at org.springframework.amqp.support.converter.AbstractMessageConverter.createMessage(AbstractMessageConverter.java:88)
	at org.springframework.amqp.support.converter.AbstractMessageConverter.toMessage(AbstractMessageConverter.java:70)
	at org.springframework.amqp.support.converter.AbstractMessageConverter.toMessage(AbstractMessageConverter.java:58)
	at org.springframework.amqp.rabbit.core.RabbitTemplate.convertMessageIfNecessary(RabbitTemplate.java:1861)
	at org.springframework.amqp.rabbit.core.RabbitTemplate.convertAndSend(RabbitTemplate.java:1167)
	at org.springframework.amqp.rabbit.core.RabbitTemplate.convertAndSend(RabbitTemplate.java:1149)
	at cn.good.infrastructure.event.EventPublisher.publish(EventPublisher.java:35)
	at cn.good.infrastructure.persistent.repository.TaskRepository.sendMessage(TaskRepository.java:45)
	at cn.good.infrastructure.persistent.repository.TaskRepository$$FastClassBySpringCGLIB$$10d01039.invoke(<generated>)
	at org.springframework.cglib.proxy.MethodProxy.invoke(MethodProxy.java:218)
	at org.springframework.aop.framework.CglibAopProxy$CglibMethodInvocation.invokeJoinpoint(CglibAopProxy.java:793)
	at org.springframework.aop.framework.ReflectiveMethodInvocation.proceed(ReflectiveMethodInvocation.java:163)
	at org.springframework.aop.framework.CglibAopProxy$CglibMethodInvocation.proceed(CglibAopProxy.java:763)
	at org.springframework.dao.support.PersistenceExceptionTranslationInterceptor.invoke(PersistenceExceptionTranslationInterceptor.java:137)
	at org.springframework.aop.framework.ReflectiveMethodInvocation.proceed(ReflectiveMethodInvocation.java:186)
	at org.springframework.aop.framework.CglibAopProxy$CglibMethodInvocation.proceed(CglibAopProxy.java:763)
	at org.springframework.aop.framework.CglibAopProxy$DynamicAdvisedInterceptor.intercept(CglibAopProxy.java:708)
	at cn.good.infrastructure.persistent.repository.TaskRepository$$EnhancerBySpringCGLIB$$c784bfba.sendMessage(<generated>)
	at cn.good.domain.task.service.TaskService.sendMessage(TaskService.java:29)
	at cn.good.trigger.job.SendMessageTaskJob.exec_db01(SendMessageTaskJob.java:42)
	at sun.reflect.GeneratedMethodAccessor144.invoke(Unknown Source)
	at sun.reflect.DelegatingMethodAccessorImpl.invoke(DelegatingMethodAccessorImpl.java:43)
	at java.lang.reflect.Method.invoke(Method.java:498)
	at org.springframework.scheduling.support.ScheduledMethodRunnable.run(ScheduledMethodRunnable.java:84)
	at org.springframework.scheduling.support.DelegatingErrorHandlingRunnable.run(DelegatingErrorHandlingRunnable.java:54)
	at org.springframework.scheduling.concurrent.ReschedulingRunnable.run(ReschedulingRunnable.java:95)
	at java.util.concurrent.Executors$RunnableAdapter.call(Executors.java:511)
	at java.util.concurrent.FutureTask.run(FutureTask.java:266)
	at java.util.concurrent.ScheduledThreadPoolExecutor$ScheduledFutureTask.access$201(ScheduledThreadPoolExecutor.java:180)
	at java.util.concurrent.ScheduledThreadPoolExecutor$ScheduledFutureTask.run(ScheduledThreadPoolExecutor.java:293)
	at java.util.concurrent.ThreadPoolExecutor.runWorker(ThreadPoolExecutor.java:1149)
	at java.util.concurrent.ThreadPoolExecutor$Worker.run(ThreadPoolExecutor.java:624)
	at java.lang.Thread.run(Thread.java:750)
25-03-31.22:13:50.024 [scheduling-1    ] ERROR SendMessageTaskJob     - 定时任务，发送MQ消息失败 userId: wkm topic: null
25-03-31.22:13:55.020 [scheduling-1    ] ERROR EventPublisher         - 发送MQ消息失败 topic:null message :null
java.lang.NullPointerException: null
	at org.springframework.amqp.support.converter.SimpleMessageConverter.createMessage(SimpleMessageConverter.java:164)
	at org.springframework.amqp.support.converter.AbstractMessageConverter.createMessage(AbstractMessageConverter.java:88)
	at org.springframework.amqp.support.converter.AbstractMessageConverter.toMessage(AbstractMessageConverter.java:70)
	at org.springframework.amqp.support.converter.AbstractMessageConverter.toMessage(AbstractMessageConverter.java:58)
	at org.springframework.amqp.rabbit.core.RabbitTemplate.convertMessageIfNecessary(RabbitTemplate.java:1861)
	at org.springframework.amqp.rabbit.core.RabbitTemplate.convertAndSend(RabbitTemplate.java:1167)
	at org.springframework.amqp.rabbit.core.RabbitTemplate.convertAndSend(RabbitTemplate.java:1149)
	at cn.good.infrastructure.event.EventPublisher.publish(EventPublisher.java:35)
	at cn.good.infrastructure.persistent.repository.TaskRepository.sendMessage(TaskRepository.java:45)
	at cn.good.infrastructure.persistent.repository.TaskRepository$$FastClassBySpringCGLIB$$10d01039.invoke(<generated>)
	at org.springframework.cglib.proxy.MethodProxy.invoke(MethodProxy.java:218)
	at org.springframework.aop.framework.CglibAopProxy$CglibMethodInvocation.invokeJoinpoint(CglibAopProxy.java:793)
	at org.springframework.aop.framework.ReflectiveMethodInvocation.proceed(ReflectiveMethodInvocation.java:163)
	at org.springframework.aop.framework.CglibAopProxy$CglibMethodInvocation.proceed(CglibAopProxy.java:763)
	at org.springframework.dao.support.PersistenceExceptionTranslationInterceptor.invoke(PersistenceExceptionTranslationInterceptor.java:137)
	at org.springframework.aop.framework.ReflectiveMethodInvocation.proceed(ReflectiveMethodInvocation.java:186)
	at org.springframework.aop.framework.CglibAopProxy$CglibMethodInvocation.proceed(CglibAopProxy.java:763)
	at org.springframework.aop.framework.CglibAopProxy$DynamicAdvisedInterceptor.intercept(CglibAopProxy.java:708)
	at cn.good.infrastructure.persistent.repository.TaskRepository$$EnhancerBySpringCGLIB$$c784bfba.sendMessage(<generated>)
	at cn.good.domain.task.service.TaskService.sendMessage(TaskService.java:29)
	at cn.good.trigger.job.SendMessageTaskJob.exec_db01(SendMessageTaskJob.java:42)
	at sun.reflect.GeneratedMethodAccessor144.invoke(Unknown Source)
	at sun.reflect.DelegatingMethodAccessorImpl.invoke(DelegatingMethodAccessorImpl.java:43)
	at java.lang.reflect.Method.invoke(Method.java:498)
	at org.springframework.scheduling.support.ScheduledMethodRunnable.run(ScheduledMethodRunnable.java:84)
	at org.springframework.scheduling.support.DelegatingErrorHandlingRunnable.run(DelegatingErrorHandlingRunnable.java:54)
	at org.springframework.scheduling.concurrent.ReschedulingRunnable.run(ReschedulingRunnable.java:95)
	at java.util.concurrent.Executors$RunnableAdapter.call(Executors.java:511)
	at java.util.concurrent.FutureTask.run(FutureTask.java:266)
	at java.util.concurrent.ScheduledThreadPoolExecutor$ScheduledFutureTask.access$201(ScheduledThreadPoolExecutor.java:180)
	at java.util.concurrent.ScheduledThreadPoolExecutor$ScheduledFutureTask.run(ScheduledThreadPoolExecutor.java:293)
	at java.util.concurrent.ThreadPoolExecutor.runWorker(ThreadPoolExecutor.java:1149)
	at java.util.concurrent.ThreadPoolExecutor$Worker.run(ThreadPoolExecutor.java:624)
	at java.lang.Thread.run(Thread.java:750)
25-03-31.22:13:55.020 [scheduling-1    ] ERROR SendMessageTaskJob     - 定时任务，发送MQ消息失败 userId: wkm topic: null
25-03-31.22:13:55.021 [scheduling-1    ] ERROR EventPublisher         - 发送MQ消息失败 topic:null message :null
java.lang.NullPointerException: null
	at org.springframework.amqp.support.converter.SimpleMessageConverter.createMessage(SimpleMessageConverter.java:164)
	at org.springframework.amqp.support.converter.AbstractMessageConverter.createMessage(AbstractMessageConverter.java:88)
	at org.springframework.amqp.support.converter.AbstractMessageConverter.toMessage(AbstractMessageConverter.java:70)
	at org.springframework.amqp.support.converter.AbstractMessageConverter.toMessage(AbstractMessageConverter.java:58)
	at org.springframework.amqp.rabbit.core.RabbitTemplate.convertMessageIfNecessary(RabbitTemplate.java:1861)
	at org.springframework.amqp.rabbit.core.RabbitTemplate.convertAndSend(RabbitTemplate.java:1167)
	at org.springframework.amqp.rabbit.core.RabbitTemplate.convertAndSend(RabbitTemplate.java:1149)
	at cn.good.infrastructure.event.EventPublisher.publish(EventPublisher.java:35)
	at cn.good.infrastructure.persistent.repository.TaskRepository.sendMessage(TaskRepository.java:45)
	at cn.good.infrastructure.persistent.repository.TaskRepository$$FastClassBySpringCGLIB$$10d01039.invoke(<generated>)
	at org.springframework.cglib.proxy.MethodProxy.invoke(MethodProxy.java:218)
	at org.springframework.aop.framework.CglibAopProxy$CglibMethodInvocation.invokeJoinpoint(CglibAopProxy.java:793)
	at org.springframework.aop.framework.ReflectiveMethodInvocation.proceed(ReflectiveMethodInvocation.java:163)
	at org.springframework.aop.framework.CglibAopProxy$CglibMethodInvocation.proceed(CglibAopProxy.java:763)
	at org.springframework.dao.support.PersistenceExceptionTranslationInterceptor.invoke(PersistenceExceptionTranslationInterceptor.java:137)
	at org.springframework.aop.framework.ReflectiveMethodInvocation.proceed(ReflectiveMethodInvocation.java:186)
	at org.springframework.aop.framework.CglibAopProxy$CglibMethodInvocation.proceed(CglibAopProxy.java:763)
	at org.springframework.aop.framework.CglibAopProxy$DynamicAdvisedInterceptor.intercept(CglibAopProxy.java:708)
	at cn.good.infrastructure.persistent.repository.TaskRepository$$EnhancerBySpringCGLIB$$c784bfba.sendMessage(<generated>)
	at cn.good.domain.task.service.TaskService.sendMessage(TaskService.java:29)
	at cn.good.trigger.job.SendMessageTaskJob.exec_db01(SendMessageTaskJob.java:42)
	at sun.reflect.GeneratedMethodAccessor144.invoke(Unknown Source)
	at sun.reflect.DelegatingMethodAccessorImpl.invoke(DelegatingMethodAccessorImpl.java:43)
	at java.lang.reflect.Method.invoke(Method.java:498)
	at org.springframework.scheduling.support.ScheduledMethodRunnable.run(ScheduledMethodRunnable.java:84)
	at org.springframework.scheduling.support.DelegatingErrorHandlingRunnable.run(DelegatingErrorHandlingRunnable.java:54)
	at org.springframework.scheduling.concurrent.ReschedulingRunnable.run(ReschedulingRunnable.java:95)
	at java.util.concurrent.Executors$RunnableAdapter.call(Executors.java:511)
	at java.util.concurrent.FutureTask.run(FutureTask.java:266)
	at java.util.concurrent.ScheduledThreadPoolExecutor$ScheduledFutureTask.access$201(ScheduledThreadPoolExecutor.java:180)
	at java.util.concurrent.ScheduledThreadPoolExecutor$ScheduledFutureTask.run(ScheduledThreadPoolExecutor.java:293)
	at java.util.concurrent.ThreadPoolExecutor.runWorker(ThreadPoolExecutor.java:1149)
	at java.util.concurrent.ThreadPoolExecutor$Worker.run(ThreadPoolExecutor.java:624)
	at java.lang.Thread.run(Thread.java:750)
25-03-31.22:13:55.022 [scheduling-1    ] ERROR SendMessageTaskJob     - 定时任务，发送MQ消息失败 userId: wkm topic: null
25-03-31.22:13:55.023 [scheduling-1    ] ERROR EventPublisher         - 发送MQ消息失败 topic:null message :null
java.lang.NullPointerException: null
	at org.springframework.amqp.support.converter.SimpleMessageConverter.createMessage(SimpleMessageConverter.java:164)
	at org.springframework.amqp.support.converter.AbstractMessageConverter.createMessage(AbstractMessageConverter.java:88)
	at org.springframework.amqp.support.converter.AbstractMessageConverter.toMessage(AbstractMessageConverter.java:70)
	at org.springframework.amqp.support.converter.AbstractMessageConverter.toMessage(AbstractMessageConverter.java:58)
	at org.springframework.amqp.rabbit.core.RabbitTemplate.convertMessageIfNecessary(RabbitTemplate.java:1861)
	at org.springframework.amqp.rabbit.core.RabbitTemplate.convertAndSend(RabbitTemplate.java:1167)
	at org.springframework.amqp.rabbit.core.RabbitTemplate.convertAndSend(RabbitTemplate.java:1149)
	at cn.good.infrastructure.event.EventPublisher.publish(EventPublisher.java:35)
	at cn.good.infrastructure.persistent.repository.TaskRepository.sendMessage(TaskRepository.java:45)
	at cn.good.infrastructure.persistent.repository.TaskRepository$$FastClassBySpringCGLIB$$10d01039.invoke(<generated>)
	at org.springframework.cglib.proxy.MethodProxy.invoke(MethodProxy.java:218)
	at org.springframework.aop.framework.CglibAopProxy$CglibMethodInvocation.invokeJoinpoint(CglibAopProxy.java:793)
	at org.springframework.aop.framework.ReflectiveMethodInvocation.proceed(ReflectiveMethodInvocation.java:163)
	at org.springframework.aop.framework.CglibAopProxy$CglibMethodInvocation.proceed(CglibAopProxy.java:763)
	at org.springframework.dao.support.PersistenceExceptionTranslationInterceptor.invoke(PersistenceExceptionTranslationInterceptor.java:137)
	at org.springframework.aop.framework.ReflectiveMethodInvocation.proceed(ReflectiveMethodInvocation.java:186)
	at org.springframework.aop.framework.CglibAopProxy$CglibMethodInvocation.proceed(CglibAopProxy.java:763)
	at org.springframework.aop.framework.CglibAopProxy$DynamicAdvisedInterceptor.intercept(CglibAopProxy.java:708)
	at cn.good.infrastructure.persistent.repository.TaskRepository$$EnhancerBySpringCGLIB$$c784bfba.sendMessage(<generated>)
	at cn.good.domain.task.service.TaskService.sendMessage(TaskService.java:29)
	at cn.good.trigger.job.SendMessageTaskJob.exec_db01(SendMessageTaskJob.java:42)
	at sun.reflect.GeneratedMethodAccessor144.invoke(Unknown Source)
	at sun.reflect.DelegatingMethodAccessorImpl.invoke(DelegatingMethodAccessorImpl.java:43)
	at java.lang.reflect.Method.invoke(Method.java:498)
	at org.springframework.scheduling.support.ScheduledMethodRunnable.run(ScheduledMethodRunnable.java:84)
	at org.springframework.scheduling.support.DelegatingErrorHandlingRunnable.run(DelegatingErrorHandlingRunnable.java:54)
	at org.springframework.scheduling.concurrent.ReschedulingRunnable.run(ReschedulingRunnable.java:95)
	at java.util.concurrent.Executors$RunnableAdapter.call(Executors.java:511)
	at java.util.concurrent.FutureTask.run(FutureTask.java:266)
	at java.util.concurrent.ScheduledThreadPoolExecutor$ScheduledFutureTask.access$201(ScheduledThreadPoolExecutor.java:180)
	at java.util.concurrent.ScheduledThreadPoolExecutor$ScheduledFutureTask.run(ScheduledThreadPoolExecutor.java:293)
	at java.util.concurrent.ThreadPoolExecutor.runWorker(ThreadPoolExecutor.java:1149)
	at java.util.concurrent.ThreadPoolExecutor$Worker.run(ThreadPoolExecutor.java:624)
	at java.lang.Thread.run(Thread.java:750)
25-03-31.22:13:55.023 [scheduling-1    ] ERROR SendMessageTaskJob     - 定时任务，发送MQ消息失败 userId: wkm topic: null
25-03-31.22:14:00.016 [scheduling-1    ] ERROR EventPublisher         - 发送MQ消息失败 topic:null message :null
java.lang.NullPointerException: null
	at org.springframework.amqp.support.converter.SimpleMessageConverter.createMessage(SimpleMessageConverter.java:164)
	at org.springframework.amqp.support.converter.AbstractMessageConverter.createMessage(AbstractMessageConverter.java:88)
	at org.springframework.amqp.support.converter.AbstractMessageConverter.toMessage(AbstractMessageConverter.java:70)
	at org.springframework.amqp.support.converter.AbstractMessageConverter.toMessage(AbstractMessageConverter.java:58)
	at org.springframework.amqp.rabbit.core.RabbitTemplate.convertMessageIfNecessary(RabbitTemplate.java:1861)
	at org.springframework.amqp.rabbit.core.RabbitTemplate.convertAndSend(RabbitTemplate.java:1167)
	at org.springframework.amqp.rabbit.core.RabbitTemplate.convertAndSend(RabbitTemplate.java:1149)
	at cn.good.infrastructure.event.EventPublisher.publish(EventPublisher.java:35)
	at cn.good.infrastructure.persistent.repository.TaskRepository.sendMessage(TaskRepository.java:45)
	at cn.good.infrastructure.persistent.repository.TaskRepository$$FastClassBySpringCGLIB$$10d01039.invoke(<generated>)
	at org.springframework.cglib.proxy.MethodProxy.invoke(MethodProxy.java:218)
	at org.springframework.aop.framework.CglibAopProxy$CglibMethodInvocation.invokeJoinpoint(CglibAopProxy.java:793)
	at org.springframework.aop.framework.ReflectiveMethodInvocation.proceed(ReflectiveMethodInvocation.java:163)
	at org.springframework.aop.framework.CglibAopProxy$CglibMethodInvocation.proceed(CglibAopProxy.java:763)
	at org.springframework.dao.support.PersistenceExceptionTranslationInterceptor.invoke(PersistenceExceptionTranslationInterceptor.java:137)
	at org.springframework.aop.framework.ReflectiveMethodInvocation.proceed(ReflectiveMethodInvocation.java:186)
	at org.springframework.aop.framework.CglibAopProxy$CglibMethodInvocation.proceed(CglibAopProxy.java:763)
	at org.springframework.aop.framework.CglibAopProxy$DynamicAdvisedInterceptor.intercept(CglibAopProxy.java:708)
	at cn.good.infrastructure.persistent.repository.TaskRepository$$EnhancerBySpringCGLIB$$c784bfba.sendMessage(<generated>)
	at cn.good.domain.task.service.TaskService.sendMessage(TaskService.java:29)
	at cn.good.trigger.job.SendMessageTaskJob.exec_db01(SendMessageTaskJob.java:42)
	at sun.reflect.GeneratedMethodAccessor144.invoke(Unknown Source)
	at sun.reflect.DelegatingMethodAccessorImpl.invoke(DelegatingMethodAccessorImpl.java:43)
	at java.lang.reflect.Method.invoke(Method.java:498)
	at org.springframework.scheduling.support.ScheduledMethodRunnable.run(ScheduledMethodRunnable.java:84)
	at org.springframework.scheduling.support.DelegatingErrorHandlingRunnable.run(DelegatingErrorHandlingRunnable.java:54)
	at org.springframework.scheduling.concurrent.ReschedulingRunnable.run(ReschedulingRunnable.java:95)
	at java.util.concurrent.Executors$RunnableAdapter.call(Executors.java:511)
	at java.util.concurrent.FutureTask.run(FutureTask.java:266)
	at java.util.concurrent.ScheduledThreadPoolExecutor$ScheduledFutureTask.access$201(ScheduledThreadPoolExecutor.java:180)
	at java.util.concurrent.ScheduledThreadPoolExecutor$ScheduledFutureTask.run(ScheduledThreadPoolExecutor.java:293)
	at java.util.concurrent.ThreadPoolExecutor.runWorker(ThreadPoolExecutor.java:1149)
	at java.util.concurrent.ThreadPoolExecutor$Worker.run(ThreadPoolExecutor.java:624)
	at java.lang.Thread.run(Thread.java:750)
25-03-31.22:14:00.016 [scheduling-1    ] ERROR SendMessageTaskJob     - 定时任务，发送MQ消息失败 userId: wkm topic: null
25-03-31.22:14:00.019 [scheduling-1    ] ERROR EventPublisher         - 发送MQ消息失败 topic:null message :null
java.lang.NullPointerException: null
	at org.springframework.amqp.support.converter.SimpleMessageConverter.createMessage(SimpleMessageConverter.java:164)
	at org.springframework.amqp.support.converter.AbstractMessageConverter.createMessage(AbstractMessageConverter.java:88)
	at org.springframework.amqp.support.converter.AbstractMessageConverter.toMessage(AbstractMessageConverter.java:70)
	at org.springframework.amqp.support.converter.AbstractMessageConverter.toMessage(AbstractMessageConverter.java:58)
	at org.springframework.amqp.rabbit.core.RabbitTemplate.convertMessageIfNecessary(RabbitTemplate.java:1861)
	at org.springframework.amqp.rabbit.core.RabbitTemplate.convertAndSend(RabbitTemplate.java:1167)
	at org.springframework.amqp.rabbit.core.RabbitTemplate.convertAndSend(RabbitTemplate.java:1149)
	at cn.good.infrastructure.event.EventPublisher.publish(EventPublisher.java:35)
	at cn.good.infrastructure.persistent.repository.TaskRepository.sendMessage(TaskRepository.java:45)
	at cn.good.infrastructure.persistent.repository.TaskRepository$$FastClassBySpringCGLIB$$10d01039.invoke(<generated>)
	at org.springframework.cglib.proxy.MethodProxy.invoke(MethodProxy.java:218)
	at org.springframework.aop.framework.CglibAopProxy$CglibMethodInvocation.invokeJoinpoint(CglibAopProxy.java:793)
	at org.springframework.aop.framework.ReflectiveMethodInvocation.proceed(ReflectiveMethodInvocation.java:163)
	at org.springframework.aop.framework.CglibAopProxy$CglibMethodInvocation.proceed(CglibAopProxy.java:763)
	at org.springframework.dao.support.PersistenceExceptionTranslationInterceptor.invoke(PersistenceExceptionTranslationInterceptor.java:137)
	at org.springframework.aop.framework.ReflectiveMethodInvocation.proceed(ReflectiveMethodInvocation.java:186)
	at org.springframework.aop.framework.CglibAopProxy$CglibMethodInvocation.proceed(CglibAopProxy.java:763)
	at org.springframework.aop.framework.CglibAopProxy$DynamicAdvisedInterceptor.intercept(CglibAopProxy.java:708)
	at cn.good.infrastructure.persistent.repository.TaskRepository$$EnhancerBySpringCGLIB$$c784bfba.sendMessage(<generated>)
	at cn.good.domain.task.service.TaskService.sendMessage(TaskService.java:29)
	at cn.good.trigger.job.SendMessageTaskJob.exec_db01(SendMessageTaskJob.java:42)
	at sun.reflect.GeneratedMethodAccessor144.invoke(Unknown Source)
	at sun.reflect.DelegatingMethodAccessorImpl.invoke(DelegatingMethodAccessorImpl.java:43)
	at java.lang.reflect.Method.invoke(Method.java:498)
	at org.springframework.scheduling.support.ScheduledMethodRunnable.run(ScheduledMethodRunnable.java:84)
	at org.springframework.scheduling.support.DelegatingErrorHandlingRunnable.run(DelegatingErrorHandlingRunnable.java:54)
	at org.springframework.scheduling.concurrent.ReschedulingRunnable.run(ReschedulingRunnable.java:95)
	at java.util.concurrent.Executors$RunnableAdapter.call(Executors.java:511)
	at java.util.concurrent.FutureTask.run(FutureTask.java:266)
	at java.util.concurrent.ScheduledThreadPoolExecutor$ScheduledFutureTask.access$201(ScheduledThreadPoolExecutor.java:180)
	at java.util.concurrent.ScheduledThreadPoolExecutor$ScheduledFutureTask.run(ScheduledThreadPoolExecutor.java:293)
	at java.util.concurrent.ThreadPoolExecutor.runWorker(ThreadPoolExecutor.java:1149)
	at java.util.concurrent.ThreadPoolExecutor$Worker.run(ThreadPoolExecutor.java:624)
	at java.lang.Thread.run(Thread.java:750)
25-03-31.22:14:00.020 [scheduling-1    ] ERROR SendMessageTaskJob     - 定时任务，发送MQ消息失败 userId: wkm topic: null
25-03-31.22:14:00.022 [scheduling-1    ] ERROR EventPublisher         - 发送MQ消息失败 topic:null message :null
java.lang.NullPointerException: null
	at org.springframework.amqp.support.converter.SimpleMessageConverter.createMessage(SimpleMessageConverter.java:164)
	at org.springframework.amqp.support.converter.AbstractMessageConverter.createMessage(AbstractMessageConverter.java:88)
	at org.springframework.amqp.support.converter.AbstractMessageConverter.toMessage(AbstractMessageConverter.java:70)
	at org.springframework.amqp.support.converter.AbstractMessageConverter.toMessage(AbstractMessageConverter.java:58)
	at org.springframework.amqp.rabbit.core.RabbitTemplate.convertMessageIfNecessary(RabbitTemplate.java:1861)
	at org.springframework.amqp.rabbit.core.RabbitTemplate.convertAndSend(RabbitTemplate.java:1167)
	at org.springframework.amqp.rabbit.core.RabbitTemplate.convertAndSend(RabbitTemplate.java:1149)
	at cn.good.infrastructure.event.EventPublisher.publish(EventPublisher.java:35)
	at cn.good.infrastructure.persistent.repository.TaskRepository.sendMessage(TaskRepository.java:45)
	at cn.good.infrastructure.persistent.repository.TaskRepository$$FastClassBySpringCGLIB$$10d01039.invoke(<generated>)
	at org.springframework.cglib.proxy.MethodProxy.invoke(MethodProxy.java:218)
	at org.springframework.aop.framework.CglibAopProxy$CglibMethodInvocation.invokeJoinpoint(CglibAopProxy.java:793)
	at org.springframework.aop.framework.ReflectiveMethodInvocation.proceed(ReflectiveMethodInvocation.java:163)
	at org.springframework.aop.framework.CglibAopProxy$CglibMethodInvocation.proceed(CglibAopProxy.java:763)
	at org.springframework.dao.support.PersistenceExceptionTranslationInterceptor.invoke(PersistenceExceptionTranslationInterceptor.java:137)
	at org.springframework.aop.framework.ReflectiveMethodInvocation.proceed(ReflectiveMethodInvocation.java:186)
	at org.springframework.aop.framework.CglibAopProxy$CglibMethodInvocation.proceed(CglibAopProxy.java:763)
	at org.springframework.aop.framework.CglibAopProxy$DynamicAdvisedInterceptor.intercept(CglibAopProxy.java:708)
	at cn.good.infrastructure.persistent.repository.TaskRepository$$EnhancerBySpringCGLIB$$c784bfba.sendMessage(<generated>)
	at cn.good.domain.task.service.TaskService.sendMessage(TaskService.java:29)
	at cn.good.trigger.job.SendMessageTaskJob.exec_db01(SendMessageTaskJob.java:42)
	at sun.reflect.GeneratedMethodAccessor144.invoke(Unknown Source)
	at sun.reflect.DelegatingMethodAccessorImpl.invoke(DelegatingMethodAccessorImpl.java:43)
	at java.lang.reflect.Method.invoke(Method.java:498)
	at org.springframework.scheduling.support.ScheduledMethodRunnable.run(ScheduledMethodRunnable.java:84)
	at org.springframework.scheduling.support.DelegatingErrorHandlingRunnable.run(DelegatingErrorHandlingRunnable.java:54)
	at org.springframework.scheduling.concurrent.ReschedulingRunnable.run(ReschedulingRunnable.java:95)
	at java.util.concurrent.Executors$RunnableAdapter.call(Executors.java:511)
	at java.util.concurrent.FutureTask.run(FutureTask.java:266)
	at java.util.concurrent.ScheduledThreadPoolExecutor$ScheduledFutureTask.access$201(ScheduledThreadPoolExecutor.java:180)
	at java.util.concurrent.ScheduledThreadPoolExecutor$ScheduledFutureTask.run(ScheduledThreadPoolExecutor.java:293)
	at java.util.concurrent.ThreadPoolExecutor.runWorker(ThreadPoolExecutor.java:1149)
	at java.util.concurrent.ThreadPoolExecutor$Worker.run(ThreadPoolExecutor.java:624)
	at java.lang.Thread.run(Thread.java:750)
25-03-31.22:14:00.022 [scheduling-1    ] ERROR SendMessageTaskJob     - 定时任务，发送MQ消息失败 userId: wkm topic: null
25-03-31.22:14:05.013 [scheduling-1    ] ERROR EventPublisher         - 发送MQ消息失败 topic:null message :null
java.lang.NullPointerException: null
	at org.springframework.amqp.support.converter.SimpleMessageConverter.createMessage(SimpleMessageConverter.java:164)
	at org.springframework.amqp.support.converter.AbstractMessageConverter.createMessage(AbstractMessageConverter.java:88)
	at org.springframework.amqp.support.converter.AbstractMessageConverter.toMessage(AbstractMessageConverter.java:70)
	at org.springframework.amqp.support.converter.AbstractMessageConverter.toMessage(AbstractMessageConverter.java:58)
	at org.springframework.amqp.rabbit.core.RabbitTemplate.convertMessageIfNecessary(RabbitTemplate.java:1861)
	at org.springframework.amqp.rabbit.core.RabbitTemplate.convertAndSend(RabbitTemplate.java:1167)
	at org.springframework.amqp.rabbit.core.RabbitTemplate.convertAndSend(RabbitTemplate.java:1149)
	at cn.good.infrastructure.event.EventPublisher.publish(EventPublisher.java:35)
	at cn.good.infrastructure.persistent.repository.TaskRepository.sendMessage(TaskRepository.java:45)
	at cn.good.infrastructure.persistent.repository.TaskRepository$$FastClassBySpringCGLIB$$10d01039.invoke(<generated>)
	at org.springframework.cglib.proxy.MethodProxy.invoke(MethodProxy.java:218)
	at org.springframework.aop.framework.CglibAopProxy$CglibMethodInvocation.invokeJoinpoint(CglibAopProxy.java:793)
	at org.springframework.aop.framework.ReflectiveMethodInvocation.proceed(ReflectiveMethodInvocation.java:163)
	at org.springframework.aop.framework.CglibAopProxy$CglibMethodInvocation.proceed(CglibAopProxy.java:763)
	at org.springframework.dao.support.PersistenceExceptionTranslationInterceptor.invoke(PersistenceExceptionTranslationInterceptor.java:137)
	at org.springframework.aop.framework.ReflectiveMethodInvocation.proceed(ReflectiveMethodInvocation.java:186)
	at org.springframework.aop.framework.CglibAopProxy$CglibMethodInvocation.proceed(CglibAopProxy.java:763)
	at org.springframework.aop.framework.CglibAopProxy$DynamicAdvisedInterceptor.intercept(CglibAopProxy.java:708)
	at cn.good.infrastructure.persistent.repository.TaskRepository$$EnhancerBySpringCGLIB$$c784bfba.sendMessage(<generated>)
	at cn.good.domain.task.service.TaskService.sendMessage(TaskService.java:29)
	at cn.good.trigger.job.SendMessageTaskJob.exec_db01(SendMessageTaskJob.java:42)
	at sun.reflect.GeneratedMethodAccessor144.invoke(Unknown Source)
	at sun.reflect.DelegatingMethodAccessorImpl.invoke(DelegatingMethodAccessorImpl.java:43)
	at java.lang.reflect.Method.invoke(Method.java:498)
	at org.springframework.scheduling.support.ScheduledMethodRunnable.run(ScheduledMethodRunnable.java:84)
	at org.springframework.scheduling.support.DelegatingErrorHandlingRunnable.run(DelegatingErrorHandlingRunnable.java:54)
	at org.springframework.scheduling.concurrent.ReschedulingRunnable.run(ReschedulingRunnable.java:95)
	at java.util.concurrent.Executors$RunnableAdapter.call(Executors.java:511)
	at java.util.concurrent.FutureTask.run(FutureTask.java:266)
	at java.util.concurrent.ScheduledThreadPoolExecutor$ScheduledFutureTask.access$201(ScheduledThreadPoolExecutor.java:180)
	at java.util.concurrent.ScheduledThreadPoolExecutor$ScheduledFutureTask.run(ScheduledThreadPoolExecutor.java:293)
	at java.util.concurrent.ThreadPoolExecutor.runWorker(ThreadPoolExecutor.java:1149)
	at java.util.concurrent.ThreadPoolExecutor$Worker.run(ThreadPoolExecutor.java:624)
	at java.lang.Thread.run(Thread.java:750)
25-03-31.22:14:05.013 [scheduling-1    ] ERROR SendMessageTaskJob     - 定时任务，发送MQ消息失败 userId: wkm topic: null
25-03-31.22:14:05.016 [scheduling-1    ] ERROR EventPublisher         - 发送MQ消息失败 topic:null message :null
java.lang.NullPointerException: null
	at org.springframework.amqp.support.converter.SimpleMessageConverter.createMessage(SimpleMessageConverter.java:164)
	at org.springframework.amqp.support.converter.AbstractMessageConverter.createMessage(AbstractMessageConverter.java:88)
	at org.springframework.amqp.support.converter.AbstractMessageConverter.toMessage(AbstractMessageConverter.java:70)
	at org.springframework.amqp.support.converter.AbstractMessageConverter.toMessage(AbstractMessageConverter.java:58)
	at org.springframework.amqp.rabbit.core.RabbitTemplate.convertMessageIfNecessary(RabbitTemplate.java:1861)
	at org.springframework.amqp.rabbit.core.RabbitTemplate.convertAndSend(RabbitTemplate.java:1167)
	at org.springframework.amqp.rabbit.core.RabbitTemplate.convertAndSend(RabbitTemplate.java:1149)
	at cn.good.infrastructure.event.EventPublisher.publish(EventPublisher.java:35)
	at cn.good.infrastructure.persistent.repository.TaskRepository.sendMessage(TaskRepository.java:45)
	at cn.good.infrastructure.persistent.repository.TaskRepository$$FastClassBySpringCGLIB$$10d01039.invoke(<generated>)
	at org.springframework.cglib.proxy.MethodProxy.invoke(MethodProxy.java:218)
	at org.springframework.aop.framework.CglibAopProxy$CglibMethodInvocation.invokeJoinpoint(CglibAopProxy.java:793)
	at org.springframework.aop.framework.ReflectiveMethodInvocation.proceed(ReflectiveMethodInvocation.java:163)
	at org.springframework.aop.framework.CglibAopProxy$CglibMethodInvocation.proceed(CglibAopProxy.java:763)
	at org.springframework.dao.support.PersistenceExceptionTranslationInterceptor.invoke(PersistenceExceptionTranslationInterceptor.java:137)
	at org.springframework.aop.framework.ReflectiveMethodInvocation.proceed(ReflectiveMethodInvocation.java:186)
	at org.springframework.aop.framework.CglibAopProxy$CglibMethodInvocation.proceed(CglibAopProxy.java:763)
	at org.springframework.aop.framework.CglibAopProxy$DynamicAdvisedInterceptor.intercept(CglibAopProxy.java:708)
	at cn.good.infrastructure.persistent.repository.TaskRepository$$EnhancerBySpringCGLIB$$c784bfba.sendMessage(<generated>)
	at cn.good.domain.task.service.TaskService.sendMessage(TaskService.java:29)
	at cn.good.trigger.job.SendMessageTaskJob.exec_db01(SendMessageTaskJob.java:42)
	at sun.reflect.GeneratedMethodAccessor144.invoke(Unknown Source)
	at sun.reflect.DelegatingMethodAccessorImpl.invoke(DelegatingMethodAccessorImpl.java:43)
	at java.lang.reflect.Method.invoke(Method.java:498)
	at org.springframework.scheduling.support.ScheduledMethodRunnable.run(ScheduledMethodRunnable.java:84)
	at org.springframework.scheduling.support.DelegatingErrorHandlingRunnable.run(DelegatingErrorHandlingRunnable.java:54)
	at org.springframework.scheduling.concurrent.ReschedulingRunnable.run(ReschedulingRunnable.java:95)
	at java.util.concurrent.Executors$RunnableAdapter.call(Executors.java:511)
	at java.util.concurrent.FutureTask.run(FutureTask.java:266)
	at java.util.concurrent.ScheduledThreadPoolExecutor$ScheduledFutureTask.access$201(ScheduledThreadPoolExecutor.java:180)
	at java.util.concurrent.ScheduledThreadPoolExecutor$ScheduledFutureTask.run(ScheduledThreadPoolExecutor.java:293)
	at java.util.concurrent.ThreadPoolExecutor.runWorker(ThreadPoolExecutor.java:1149)
	at java.util.concurrent.ThreadPoolExecutor$Worker.run(ThreadPoolExecutor.java:624)
	at java.lang.Thread.run(Thread.java:750)
25-03-31.22:14:05.016 [scheduling-1    ] ERROR SendMessageTaskJob     - 定时任务，发送MQ消息失败 userId: wkm topic: null
25-03-31.22:14:05.018 [scheduling-1    ] ERROR EventPublisher         - 发送MQ消息失败 topic:null message :null
java.lang.NullPointerException: null
	at org.springframework.amqp.support.converter.SimpleMessageConverter.createMessage(SimpleMessageConverter.java:164)
	at org.springframework.amqp.support.converter.AbstractMessageConverter.createMessage(AbstractMessageConverter.java:88)
	at org.springframework.amqp.support.converter.AbstractMessageConverter.toMessage(AbstractMessageConverter.java:70)
	at org.springframework.amqp.support.converter.AbstractMessageConverter.toMessage(AbstractMessageConverter.java:58)
	at org.springframework.amqp.rabbit.core.RabbitTemplate.convertMessageIfNecessary(RabbitTemplate.java:1861)
	at org.springframework.amqp.rabbit.core.RabbitTemplate.convertAndSend(RabbitTemplate.java:1167)
	at org.springframework.amqp.rabbit.core.RabbitTemplate.convertAndSend(RabbitTemplate.java:1149)
	at cn.good.infrastructure.event.EventPublisher.publish(EventPublisher.java:35)
	at cn.good.infrastructure.persistent.repository.TaskRepository.sendMessage(TaskRepository.java:45)
	at cn.good.infrastructure.persistent.repository.TaskRepository$$FastClassBySpringCGLIB$$10d01039.invoke(<generated>)
	at org.springframework.cglib.proxy.MethodProxy.invoke(MethodProxy.java:218)
	at org.springframework.aop.framework.CglibAopProxy$CglibMethodInvocation.invokeJoinpoint(CglibAopProxy.java:793)
	at org.springframework.aop.framework.ReflectiveMethodInvocation.proceed(ReflectiveMethodInvocation.java:163)
	at org.springframework.aop.framework.CglibAopProxy$CglibMethodInvocation.proceed(CglibAopProxy.java:763)
	at org.springframework.dao.support.PersistenceExceptionTranslationInterceptor.invoke(PersistenceExceptionTranslationInterceptor.java:137)
	at org.springframework.aop.framework.ReflectiveMethodInvocation.proceed(ReflectiveMethodInvocation.java:186)
	at org.springframework.aop.framework.CglibAopProxy$CglibMethodInvocation.proceed(CglibAopProxy.java:763)
	at org.springframework.aop.framework.CglibAopProxy$DynamicAdvisedInterceptor.intercept(CglibAopProxy.java:708)
	at cn.good.infrastructure.persistent.repository.TaskRepository$$EnhancerBySpringCGLIB$$c784bfba.sendMessage(<generated>)
	at cn.good.domain.task.service.TaskService.sendMessage(TaskService.java:29)
	at cn.good.trigger.job.SendMessageTaskJob.exec_db01(SendMessageTaskJob.java:42)
	at sun.reflect.GeneratedMethodAccessor144.invoke(Unknown Source)
	at sun.reflect.DelegatingMethodAccessorImpl.invoke(DelegatingMethodAccessorImpl.java:43)
	at java.lang.reflect.Method.invoke(Method.java:498)
	at org.springframework.scheduling.support.ScheduledMethodRunnable.run(ScheduledMethodRunnable.java:84)
	at org.springframework.scheduling.support.DelegatingErrorHandlingRunnable.run(DelegatingErrorHandlingRunnable.java:54)
	at org.springframework.scheduling.concurrent.ReschedulingRunnable.run(ReschedulingRunnable.java:95)
	at java.util.concurrent.Executors$RunnableAdapter.call(Executors.java:511)
	at java.util.concurrent.FutureTask.run(FutureTask.java:266)
	at java.util.concurrent.ScheduledThreadPoolExecutor$ScheduledFutureTask.access$201(ScheduledThreadPoolExecutor.java:180)
	at java.util.concurrent.ScheduledThreadPoolExecutor$ScheduledFutureTask.run(ScheduledThreadPoolExecutor.java:293)
	at java.util.concurrent.ThreadPoolExecutor.runWorker(ThreadPoolExecutor.java:1149)
	at java.util.concurrent.ThreadPoolExecutor$Worker.run(ThreadPoolExecutor.java:624)
	at java.lang.Thread.run(Thread.java:750)
25-03-31.22:14:05.018 [scheduling-1    ] ERROR SendMessageTaskJob     - 定时任务，发送MQ消息失败 userId: wkm topic: null
25-03-31.22:14:10.014 [scheduling-1    ] ERROR EventPublisher         - 发送MQ消息失败 topic:null message :null
java.lang.NullPointerException: null
	at org.springframework.amqp.support.converter.SimpleMessageConverter.createMessage(SimpleMessageConverter.java:164)
	at org.springframework.amqp.support.converter.AbstractMessageConverter.createMessage(AbstractMessageConverter.java:88)
	at org.springframework.amqp.support.converter.AbstractMessageConverter.toMessage(AbstractMessageConverter.java:70)
	at org.springframework.amqp.support.converter.AbstractMessageConverter.toMessage(AbstractMessageConverter.java:58)
	at org.springframework.amqp.rabbit.core.RabbitTemplate.convertMessageIfNecessary(RabbitTemplate.java:1861)
	at org.springframework.amqp.rabbit.core.RabbitTemplate.convertAndSend(RabbitTemplate.java:1167)
	at org.springframework.amqp.rabbit.core.RabbitTemplate.convertAndSend(RabbitTemplate.java:1149)
	at cn.good.infrastructure.event.EventPublisher.publish(EventPublisher.java:35)
	at cn.good.infrastructure.persistent.repository.TaskRepository.sendMessage(TaskRepository.java:45)
	at cn.good.infrastructure.persistent.repository.TaskRepository$$FastClassBySpringCGLIB$$10d01039.invoke(<generated>)
	at org.springframework.cglib.proxy.MethodProxy.invoke(MethodProxy.java:218)
	at org.springframework.aop.framework.CglibAopProxy$CglibMethodInvocation.invokeJoinpoint(CglibAopProxy.java:793)
	at org.springframework.aop.framework.ReflectiveMethodInvocation.proceed(ReflectiveMethodInvocation.java:163)
	at org.springframework.aop.framework.CglibAopProxy$CglibMethodInvocation.proceed(CglibAopProxy.java:763)
	at org.springframework.dao.support.PersistenceExceptionTranslationInterceptor.invoke(PersistenceExceptionTranslationInterceptor.java:137)
	at org.springframework.aop.framework.ReflectiveMethodInvocation.proceed(ReflectiveMethodInvocation.java:186)
	at org.springframework.aop.framework.CglibAopProxy$CglibMethodInvocation.proceed(CglibAopProxy.java:763)
	at org.springframework.aop.framework.CglibAopProxy$DynamicAdvisedInterceptor.intercept(CglibAopProxy.java:708)
	at cn.good.infrastructure.persistent.repository.TaskRepository$$EnhancerBySpringCGLIB$$c784bfba.sendMessage(<generated>)
	at cn.good.domain.task.service.TaskService.sendMessage(TaskService.java:29)
	at cn.good.trigger.job.SendMessageTaskJob.exec_db01(SendMessageTaskJob.java:42)
	at sun.reflect.GeneratedMethodAccessor144.invoke(Unknown Source)
	at sun.reflect.DelegatingMethodAccessorImpl.invoke(DelegatingMethodAccessorImpl.java:43)
	at java.lang.reflect.Method.invoke(Method.java:498)
	at org.springframework.scheduling.support.ScheduledMethodRunnable.run(ScheduledMethodRunnable.java:84)
	at org.springframework.scheduling.support.DelegatingErrorHandlingRunnable.run(DelegatingErrorHandlingRunnable.java:54)
	at org.springframework.scheduling.concurrent.ReschedulingRunnable.run(ReschedulingRunnable.java:95)
	at java.util.concurrent.Executors$RunnableAdapter.call(Executors.java:511)
	at java.util.concurrent.FutureTask.run(FutureTask.java:266)
	at java.util.concurrent.ScheduledThreadPoolExecutor$ScheduledFutureTask.access$201(ScheduledThreadPoolExecutor.java:180)
	at java.util.concurrent.ScheduledThreadPoolExecutor$ScheduledFutureTask.run(ScheduledThreadPoolExecutor.java:293)
	at java.util.concurrent.ThreadPoolExecutor.runWorker(ThreadPoolExecutor.java:1149)
	at java.util.concurrent.ThreadPoolExecutor$Worker.run(ThreadPoolExecutor.java:624)
	at java.lang.Thread.run(Thread.java:750)
25-03-31.22:14:10.014 [scheduling-1    ] ERROR SendMessageTaskJob     - 定时任务，发送MQ消息失败 userId: wkm topic: null
25-03-31.22:14:10.017 [scheduling-1    ] ERROR EventPublisher         - 发送MQ消息失败 topic:null message :null
java.lang.NullPointerException: null
	at org.springframework.amqp.support.converter.SimpleMessageConverter.createMessage(SimpleMessageConverter.java:164)
	at org.springframework.amqp.support.converter.AbstractMessageConverter.createMessage(AbstractMessageConverter.java:88)
	at org.springframework.amqp.support.converter.AbstractMessageConverter.toMessage(AbstractMessageConverter.java:70)
	at org.springframework.amqp.support.converter.AbstractMessageConverter.toMessage(AbstractMessageConverter.java:58)
	at org.springframework.amqp.rabbit.core.RabbitTemplate.convertMessageIfNecessary(RabbitTemplate.java:1861)
	at org.springframework.amqp.rabbit.core.RabbitTemplate.convertAndSend(RabbitTemplate.java:1167)
	at org.springframework.amqp.rabbit.core.RabbitTemplate.convertAndSend(RabbitTemplate.java:1149)
	at cn.good.infrastructure.event.EventPublisher.publish(EventPublisher.java:35)
	at cn.good.infrastructure.persistent.repository.TaskRepository.sendMessage(TaskRepository.java:45)
	at cn.good.infrastructure.persistent.repository.TaskRepository$$FastClassBySpringCGLIB$$10d01039.invoke(<generated>)
	at org.springframework.cglib.proxy.MethodProxy.invoke(MethodProxy.java:218)
	at org.springframework.aop.framework.CglibAopProxy$CglibMethodInvocation.invokeJoinpoint(CglibAopProxy.java:793)
	at org.springframework.aop.framework.ReflectiveMethodInvocation.proceed(ReflectiveMethodInvocation.java:163)
	at org.springframework.aop.framework.CglibAopProxy$CglibMethodInvocation.proceed(CglibAopProxy.java:763)
	at org.springframework.dao.support.PersistenceExceptionTranslationInterceptor.invoke(PersistenceExceptionTranslationInterceptor.java:137)
	at org.springframework.aop.framework.ReflectiveMethodInvocation.proceed(ReflectiveMethodInvocation.java:186)
	at org.springframework.aop.framework.CglibAopProxy$CglibMethodInvocation.proceed(CglibAopProxy.java:763)
	at org.springframework.aop.framework.CglibAopProxy$DynamicAdvisedInterceptor.intercept(CglibAopProxy.java:708)
	at cn.good.infrastructure.persistent.repository.TaskRepository$$EnhancerBySpringCGLIB$$c784bfba.sendMessage(<generated>)
	at cn.good.domain.task.service.TaskService.sendMessage(TaskService.java:29)
	at cn.good.trigger.job.SendMessageTaskJob.exec_db01(SendMessageTaskJob.java:42)
	at sun.reflect.GeneratedMethodAccessor144.invoke(Unknown Source)
	at sun.reflect.DelegatingMethodAccessorImpl.invoke(DelegatingMethodAccessorImpl.java:43)
	at java.lang.reflect.Method.invoke(Method.java:498)
	at org.springframework.scheduling.support.ScheduledMethodRunnable.run(ScheduledMethodRunnable.java:84)
	at org.springframework.scheduling.support.DelegatingErrorHandlingRunnable.run(DelegatingErrorHandlingRunnable.java:54)
	at org.springframework.scheduling.concurrent.ReschedulingRunnable.run(ReschedulingRunnable.java:95)
	at java.util.concurrent.Executors$RunnableAdapter.call(Executors.java:511)
	at java.util.concurrent.FutureTask.run(FutureTask.java:266)
	at java.util.concurrent.ScheduledThreadPoolExecutor$ScheduledFutureTask.access$201(ScheduledThreadPoolExecutor.java:180)
	at java.util.concurrent.ScheduledThreadPoolExecutor$ScheduledFutureTask.run(ScheduledThreadPoolExecutor.java:293)
	at java.util.concurrent.ThreadPoolExecutor.runWorker(ThreadPoolExecutor.java:1149)
	at java.util.concurrent.ThreadPoolExecutor$Worker.run(ThreadPoolExecutor.java:624)
	at java.lang.Thread.run(Thread.java:750)
25-03-31.22:14:10.017 [scheduling-1    ] ERROR SendMessageTaskJob     - 定时任务，发送MQ消息失败 userId: wkm topic: null
25-03-31.22:14:10.019 [scheduling-1    ] ERROR EventPublisher         - 发送MQ消息失败 topic:null message :null
java.lang.NullPointerException: null
	at org.springframework.amqp.support.converter.SimpleMessageConverter.createMessage(SimpleMessageConverter.java:164)
	at org.springframework.amqp.support.converter.AbstractMessageConverter.createMessage(AbstractMessageConverter.java:88)
	at org.springframework.amqp.support.converter.AbstractMessageConverter.toMessage(AbstractMessageConverter.java:70)
	at org.springframework.amqp.support.converter.AbstractMessageConverter.toMessage(AbstractMessageConverter.java:58)
	at org.springframework.amqp.rabbit.core.RabbitTemplate.convertMessageIfNecessary(RabbitTemplate.java:1861)
	at org.springframework.amqp.rabbit.core.RabbitTemplate.convertAndSend(RabbitTemplate.java:1167)
	at org.springframework.amqp.rabbit.core.RabbitTemplate.convertAndSend(RabbitTemplate.java:1149)
	at cn.good.infrastructure.event.EventPublisher.publish(EventPublisher.java:35)
	at cn.good.infrastructure.persistent.repository.TaskRepository.sendMessage(TaskRepository.java:45)
	at cn.good.infrastructure.persistent.repository.TaskRepository$$FastClassBySpringCGLIB$$10d01039.invoke(<generated>)
	at org.springframework.cglib.proxy.MethodProxy.invoke(MethodProxy.java:218)
	at org.springframework.aop.framework.CglibAopProxy$CglibMethodInvocation.invokeJoinpoint(CglibAopProxy.java:793)
	at org.springframework.aop.framework.ReflectiveMethodInvocation.proceed(ReflectiveMethodInvocation.java:163)
	at org.springframework.aop.framework.CglibAopProxy$CglibMethodInvocation.proceed(CglibAopProxy.java:763)
	at org.springframework.dao.support.PersistenceExceptionTranslationInterceptor.invoke(PersistenceExceptionTranslationInterceptor.java:137)
	at org.springframework.aop.framework.ReflectiveMethodInvocation.proceed(ReflectiveMethodInvocation.java:186)
	at org.springframework.aop.framework.CglibAopProxy$CglibMethodInvocation.proceed(CglibAopProxy.java:763)
	at org.springframework.aop.framework.CglibAopProxy$DynamicAdvisedInterceptor.intercept(CglibAopProxy.java:708)
	at cn.good.infrastructure.persistent.repository.TaskRepository$$EnhancerBySpringCGLIB$$c784bfba.sendMessage(<generated>)
	at cn.good.domain.task.service.TaskService.sendMessage(TaskService.java:29)
	at cn.good.trigger.job.SendMessageTaskJob.exec_db01(SendMessageTaskJob.java:42)
	at sun.reflect.GeneratedMethodAccessor144.invoke(Unknown Source)
	at sun.reflect.DelegatingMethodAccessorImpl.invoke(DelegatingMethodAccessorImpl.java:43)
	at java.lang.reflect.Method.invoke(Method.java:498)
	at org.springframework.scheduling.support.ScheduledMethodRunnable.run(ScheduledMethodRunnable.java:84)
	at org.springframework.scheduling.support.DelegatingErrorHandlingRunnable.run(DelegatingErrorHandlingRunnable.java:54)
	at org.springframework.scheduling.concurrent.ReschedulingRunnable.run(ReschedulingRunnable.java:95)
	at java.util.concurrent.Executors$RunnableAdapter.call(Executors.java:511)
	at java.util.concurrent.FutureTask.run(FutureTask.java:266)
	at java.util.concurrent.ScheduledThreadPoolExecutor$ScheduledFutureTask.access$201(ScheduledThreadPoolExecutor.java:180)
	at java.util.concurrent.ScheduledThreadPoolExecutor$ScheduledFutureTask.run(ScheduledThreadPoolExecutor.java:293)
	at java.util.concurrent.ThreadPoolExecutor.runWorker(ThreadPoolExecutor.java:1149)
	at java.util.concurrent.ThreadPoolExecutor$Worker.run(ThreadPoolExecutor.java:624)
	at java.lang.Thread.run(Thread.java:750)
25-03-31.22:14:10.020 [scheduling-1    ] ERROR SendMessageTaskJob     - 定时任务，发送MQ消息失败 userId: wkm topic: null
25-03-31.22:14:15.009 [scheduling-1    ] ERROR EventPublisher         - 发送MQ消息失败 topic:null message :null
java.lang.NullPointerException: null
	at org.springframework.amqp.support.converter.SimpleMessageConverter.createMessage(SimpleMessageConverter.java:164)
	at org.springframework.amqp.support.converter.AbstractMessageConverter.createMessage(AbstractMessageConverter.java:88)
	at org.springframework.amqp.support.converter.AbstractMessageConverter.toMessage(AbstractMessageConverter.java:70)
	at org.springframework.amqp.support.converter.AbstractMessageConverter.toMessage(AbstractMessageConverter.java:58)
	at org.springframework.amqp.rabbit.core.RabbitTemplate.convertMessageIfNecessary(RabbitTemplate.java:1861)
	at org.springframework.amqp.rabbit.core.RabbitTemplate.convertAndSend(RabbitTemplate.java:1167)
	at org.springframework.amqp.rabbit.core.RabbitTemplate.convertAndSend(RabbitTemplate.java:1149)
	at cn.good.infrastructure.event.EventPublisher.publish(EventPublisher.java:35)
	at cn.good.infrastructure.persistent.repository.TaskRepository.sendMessage(TaskRepository.java:45)
	at cn.good.infrastructure.persistent.repository.TaskRepository$$FastClassBySpringCGLIB$$10d01039.invoke(<generated>)
	at org.springframework.cglib.proxy.MethodProxy.invoke(MethodProxy.java:218)
	at org.springframework.aop.framework.CglibAopProxy$CglibMethodInvocation.invokeJoinpoint(CglibAopProxy.java:793)
	at org.springframework.aop.framework.ReflectiveMethodInvocation.proceed(ReflectiveMethodInvocation.java:163)
	at org.springframework.aop.framework.CglibAopProxy$CglibMethodInvocation.proceed(CglibAopProxy.java:763)
	at org.springframework.dao.support.PersistenceExceptionTranslationInterceptor.invoke(PersistenceExceptionTranslationInterceptor.java:137)
	at org.springframework.aop.framework.ReflectiveMethodInvocation.proceed(ReflectiveMethodInvocation.java:186)
	at org.springframework.aop.framework.CglibAopProxy$CglibMethodInvocation.proceed(CglibAopProxy.java:763)
	at org.springframework.aop.framework.CglibAopProxy$DynamicAdvisedInterceptor.intercept(CglibAopProxy.java:708)
	at cn.good.infrastructure.persistent.repository.TaskRepository$$EnhancerBySpringCGLIB$$c784bfba.sendMessage(<generated>)
	at cn.good.domain.task.service.TaskService.sendMessage(TaskService.java:29)
	at cn.good.trigger.job.SendMessageTaskJob.exec_db01(SendMessageTaskJob.java:42)
	at sun.reflect.GeneratedMethodAccessor144.invoke(Unknown Source)
	at sun.reflect.DelegatingMethodAccessorImpl.invoke(DelegatingMethodAccessorImpl.java:43)
	at java.lang.reflect.Method.invoke(Method.java:498)
	at org.springframework.scheduling.support.ScheduledMethodRunnable.run(ScheduledMethodRunnable.java:84)
	at org.springframework.scheduling.support.DelegatingErrorHandlingRunnable.run(DelegatingErrorHandlingRunnable.java:54)
	at org.springframework.scheduling.concurrent.ReschedulingRunnable.run(ReschedulingRunnable.java:95)
	at java.util.concurrent.Executors$RunnableAdapter.call(Executors.java:511)
	at java.util.concurrent.FutureTask.run(FutureTask.java:266)
	at java.util.concurrent.ScheduledThreadPoolExecutor$ScheduledFutureTask.access$201(ScheduledThreadPoolExecutor.java:180)
	at java.util.concurrent.ScheduledThreadPoolExecutor$ScheduledFutureTask.run(ScheduledThreadPoolExecutor.java:293)
	at java.util.concurrent.ThreadPoolExecutor.runWorker(ThreadPoolExecutor.java:1149)
	at java.util.concurrent.ThreadPoolExecutor$Worker.run(ThreadPoolExecutor.java:624)
	at java.lang.Thread.run(Thread.java:750)
25-03-31.22:14:15.009 [scheduling-1    ] ERROR SendMessageTaskJob     - 定时任务，发送MQ消息失败 userId: wkm topic: null
25-03-31.22:14:15.009 [scheduling-1    ] ERROR EventPublisher         - 发送MQ消息失败 topic:null message :null
java.lang.NullPointerException: null
	at org.springframework.amqp.support.converter.SimpleMessageConverter.createMessage(SimpleMessageConverter.java:164)
	at org.springframework.amqp.support.converter.AbstractMessageConverter.createMessage(AbstractMessageConverter.java:88)
	at org.springframework.amqp.support.converter.AbstractMessageConverter.toMessage(AbstractMessageConverter.java:70)
	at org.springframework.amqp.support.converter.AbstractMessageConverter.toMessage(AbstractMessageConverter.java:58)
	at org.springframework.amqp.rabbit.core.RabbitTemplate.convertMessageIfNecessary(RabbitTemplate.java:1861)
	at org.springframework.amqp.rabbit.core.RabbitTemplate.convertAndSend(RabbitTemplate.java:1167)
	at org.springframework.amqp.rabbit.core.RabbitTemplate.convertAndSend(RabbitTemplate.java:1149)
	at cn.good.infrastructure.event.EventPublisher.publish(EventPublisher.java:35)
	at cn.good.infrastructure.persistent.repository.TaskRepository.sendMessage(TaskRepository.java:45)
	at cn.good.infrastructure.persistent.repository.TaskRepository$$FastClassBySpringCGLIB$$10d01039.invoke(<generated>)
	at org.springframework.cglib.proxy.MethodProxy.invoke(MethodProxy.java:218)
	at org.springframework.aop.framework.CglibAopProxy$CglibMethodInvocation.invokeJoinpoint(CglibAopProxy.java:793)
	at org.springframework.aop.framework.ReflectiveMethodInvocation.proceed(ReflectiveMethodInvocation.java:163)
	at org.springframework.aop.framework.CglibAopProxy$CglibMethodInvocation.proceed(CglibAopProxy.java:763)
	at org.springframework.dao.support.PersistenceExceptionTranslationInterceptor.invoke(PersistenceExceptionTranslationInterceptor.java:137)
	at org.springframework.aop.framework.ReflectiveMethodInvocation.proceed(ReflectiveMethodInvocation.java:186)
	at org.springframework.aop.framework.CglibAopProxy$CglibMethodInvocation.proceed(CglibAopProxy.java:763)
	at org.springframework.aop.framework.CglibAopProxy$DynamicAdvisedInterceptor.intercept(CglibAopProxy.java:708)
	at cn.good.infrastructure.persistent.repository.TaskRepository$$EnhancerBySpringCGLIB$$c784bfba.sendMessage(<generated>)
	at cn.good.domain.task.service.TaskService.sendMessage(TaskService.java:29)
	at cn.good.trigger.job.SendMessageTaskJob.exec_db01(SendMessageTaskJob.java:42)
	at sun.reflect.GeneratedMethodAccessor144.invoke(Unknown Source)
	at sun.reflect.DelegatingMethodAccessorImpl.invoke(DelegatingMethodAccessorImpl.java:43)
	at java.lang.reflect.Method.invoke(Method.java:498)
	at org.springframework.scheduling.support.ScheduledMethodRunnable.run(ScheduledMethodRunnable.java:84)
	at org.springframework.scheduling.support.DelegatingErrorHandlingRunnable.run(DelegatingErrorHandlingRunnable.java:54)
	at org.springframework.scheduling.concurrent.ReschedulingRunnable.run(ReschedulingRunnable.java:95)
	at java.util.concurrent.Executors$RunnableAdapter.call(Executors.java:511)
	at java.util.concurrent.FutureTask.run(FutureTask.java:266)
	at java.util.concurrent.ScheduledThreadPoolExecutor$ScheduledFutureTask.access$201(ScheduledThreadPoolExecutor.java:180)
	at java.util.concurrent.ScheduledThreadPoolExecutor$ScheduledFutureTask.run(ScheduledThreadPoolExecutor.java:293)
	at java.util.concurrent.ThreadPoolExecutor.runWorker(ThreadPoolExecutor.java:1149)
	at java.util.concurrent.ThreadPoolExecutor$Worker.run(ThreadPoolExecutor.java:624)
	at java.lang.Thread.run(Thread.java:750)
25-03-31.22:14:15.009 [scheduling-1    ] ERROR SendMessageTaskJob     - 定时任务，发送MQ消息失败 userId: wkm topic: null
25-03-31.22:14:15.025 [scheduling-1    ] ERROR EventPublisher         - 发送MQ消息失败 topic:null message :null
java.lang.NullPointerException: null
	at org.springframework.amqp.support.converter.SimpleMessageConverter.createMessage(SimpleMessageConverter.java:164)
	at org.springframework.amqp.support.converter.AbstractMessageConverter.createMessage(AbstractMessageConverter.java:88)
	at org.springframework.amqp.support.converter.AbstractMessageConverter.toMessage(AbstractMessageConverter.java:70)
	at org.springframework.amqp.support.converter.AbstractMessageConverter.toMessage(AbstractMessageConverter.java:58)
	at org.springframework.amqp.rabbit.core.RabbitTemplate.convertMessageIfNecessary(RabbitTemplate.java:1861)
	at org.springframework.amqp.rabbit.core.RabbitTemplate.convertAndSend(RabbitTemplate.java:1167)
	at org.springframework.amqp.rabbit.core.RabbitTemplate.convertAndSend(RabbitTemplate.java:1149)
	at cn.good.infrastructure.event.EventPublisher.publish(EventPublisher.java:35)
	at cn.good.infrastructure.persistent.repository.TaskRepository.sendMessage(TaskRepository.java:45)
	at cn.good.infrastructure.persistent.repository.TaskRepository$$FastClassBySpringCGLIB$$10d01039.invoke(<generated>)
	at org.springframework.cglib.proxy.MethodProxy.invoke(MethodProxy.java:218)
	at org.springframework.aop.framework.CglibAopProxy$CglibMethodInvocation.invokeJoinpoint(CglibAopProxy.java:793)
	at org.springframework.aop.framework.ReflectiveMethodInvocation.proceed(ReflectiveMethodInvocation.java:163)
	at org.springframework.aop.framework.CglibAopProxy$CglibMethodInvocation.proceed(CglibAopProxy.java:763)
	at org.springframework.dao.support.PersistenceExceptionTranslationInterceptor.invoke(PersistenceExceptionTranslationInterceptor.java:137)
	at org.springframework.aop.framework.ReflectiveMethodInvocation.proceed(ReflectiveMethodInvocation.java:186)
	at org.springframework.aop.framework.CglibAopProxy$CglibMethodInvocation.proceed(CglibAopProxy.java:763)
	at org.springframework.aop.framework.CglibAopProxy$DynamicAdvisedInterceptor.intercept(CglibAopProxy.java:708)
	at cn.good.infrastructure.persistent.repository.TaskRepository$$EnhancerBySpringCGLIB$$c784bfba.sendMessage(<generated>)
	at cn.good.domain.task.service.TaskService.sendMessage(TaskService.java:29)
	at cn.good.trigger.job.SendMessageTaskJob.exec_db01(SendMessageTaskJob.java:42)
	at sun.reflect.GeneratedMethodAccessor144.invoke(Unknown Source)
	at sun.reflect.DelegatingMethodAccessorImpl.invoke(DelegatingMethodAccessorImpl.java:43)
	at java.lang.reflect.Method.invoke(Method.java:498)
	at org.springframework.scheduling.support.ScheduledMethodRunnable.run(ScheduledMethodRunnable.java:84)
	at org.springframework.scheduling.support.DelegatingErrorHandlingRunnable.run(DelegatingErrorHandlingRunnable.java:54)
	at org.springframework.scheduling.concurrent.ReschedulingRunnable.run(ReschedulingRunnable.java:95)
	at java.util.concurrent.Executors$RunnableAdapter.call(Executors.java:511)
	at java.util.concurrent.FutureTask.run(FutureTask.java:266)
	at java.util.concurrent.ScheduledThreadPoolExecutor$ScheduledFutureTask.access$201(ScheduledThreadPoolExecutor.java:180)
	at java.util.concurrent.ScheduledThreadPoolExecutor$ScheduledFutureTask.run(ScheduledThreadPoolExecutor.java:293)
	at java.util.concurrent.ThreadPoolExecutor.runWorker(ThreadPoolExecutor.java:1149)
	at java.util.concurrent.ThreadPoolExecutor$Worker.run(ThreadPoolExecutor.java:624)
	at java.lang.Thread.run(Thread.java:750)
25-03-31.22:14:15.025 [scheduling-1    ] ERROR SendMessageTaskJob     - 定时任务，发送MQ消息失败 userId: wkm topic: null
25-03-31.22:14:20.009 [scheduling-1    ] ERROR EventPublisher         - 发送MQ消息失败 topic:null message :null
java.lang.NullPointerException: null
	at org.springframework.amqp.support.converter.SimpleMessageConverter.createMessage(SimpleMessageConverter.java:164)
	at org.springframework.amqp.support.converter.AbstractMessageConverter.createMessage(AbstractMessageConverter.java:88)
	at org.springframework.amqp.support.converter.AbstractMessageConverter.toMessage(AbstractMessageConverter.java:70)
	at org.springframework.amqp.support.converter.AbstractMessageConverter.toMessage(AbstractMessageConverter.java:58)
	at org.springframework.amqp.rabbit.core.RabbitTemplate.convertMessageIfNecessary(RabbitTemplate.java:1861)
	at org.springframework.amqp.rabbit.core.RabbitTemplate.convertAndSend(RabbitTemplate.java:1167)
	at org.springframework.amqp.rabbit.core.RabbitTemplate.convertAndSend(RabbitTemplate.java:1149)
	at cn.good.infrastructure.event.EventPublisher.publish(EventPublisher.java:35)
	at cn.good.infrastructure.persistent.repository.TaskRepository.sendMessage(TaskRepository.java:45)
	at cn.good.infrastructure.persistent.repository.TaskRepository$$FastClassBySpringCGLIB$$10d01039.invoke(<generated>)
	at org.springframework.cglib.proxy.MethodProxy.invoke(MethodProxy.java:218)
	at org.springframework.aop.framework.CglibAopProxy$CglibMethodInvocation.invokeJoinpoint(CglibAopProxy.java:793)
	at org.springframework.aop.framework.ReflectiveMethodInvocation.proceed(ReflectiveMethodInvocation.java:163)
	at org.springframework.aop.framework.CglibAopProxy$CglibMethodInvocation.proceed(CglibAopProxy.java:763)
	at org.springframework.dao.support.PersistenceExceptionTranslationInterceptor.invoke(PersistenceExceptionTranslationInterceptor.java:137)
	at org.springframework.aop.framework.ReflectiveMethodInvocation.proceed(ReflectiveMethodInvocation.java:186)
	at org.springframework.aop.framework.CglibAopProxy$CglibMethodInvocation.proceed(CglibAopProxy.java:763)
	at org.springframework.aop.framework.CglibAopProxy$DynamicAdvisedInterceptor.intercept(CglibAopProxy.java:708)
	at cn.good.infrastructure.persistent.repository.TaskRepository$$EnhancerBySpringCGLIB$$c784bfba.sendMessage(<generated>)
	at cn.good.domain.task.service.TaskService.sendMessage(TaskService.java:29)
	at cn.good.trigger.job.SendMessageTaskJob.exec_db01(SendMessageTaskJob.java:42)
	at sun.reflect.GeneratedMethodAccessor144.invoke(Unknown Source)
	at sun.reflect.DelegatingMethodAccessorImpl.invoke(DelegatingMethodAccessorImpl.java:43)
	at java.lang.reflect.Method.invoke(Method.java:498)
	at org.springframework.scheduling.support.ScheduledMethodRunnable.run(ScheduledMethodRunnable.java:84)
	at org.springframework.scheduling.support.DelegatingErrorHandlingRunnable.run(DelegatingErrorHandlingRunnable.java:54)
	at org.springframework.scheduling.concurrent.ReschedulingRunnable.run(ReschedulingRunnable.java:95)
	at java.util.concurrent.Executors$RunnableAdapter.call(Executors.java:511)
	at java.util.concurrent.FutureTask.run(FutureTask.java:266)
	at java.util.concurrent.ScheduledThreadPoolExecutor$ScheduledFutureTask.access$201(ScheduledThreadPoolExecutor.java:180)
	at java.util.concurrent.ScheduledThreadPoolExecutor$ScheduledFutureTask.run(ScheduledThreadPoolExecutor.java:293)
	at java.util.concurrent.ThreadPoolExecutor.runWorker(ThreadPoolExecutor.java:1149)
	at java.util.concurrent.ThreadPoolExecutor$Worker.run(ThreadPoolExecutor.java:624)
	at java.lang.Thread.run(Thread.java:750)
25-03-31.22:14:20.010 [scheduling-1    ] ERROR SendMessageTaskJob     - 定时任务，发送MQ消息失败 userId: wkm topic: null
25-03-31.22:14:20.011 [scheduling-1    ] ERROR EventPublisher         - 发送MQ消息失败 topic:null message :null
java.lang.NullPointerException: null
	at org.springframework.amqp.support.converter.SimpleMessageConverter.createMessage(SimpleMessageConverter.java:164)
	at org.springframework.amqp.support.converter.AbstractMessageConverter.createMessage(AbstractMessageConverter.java:88)
	at org.springframework.amqp.support.converter.AbstractMessageConverter.toMessage(AbstractMessageConverter.java:70)
	at org.springframework.amqp.support.converter.AbstractMessageConverter.toMessage(AbstractMessageConverter.java:58)
	at org.springframework.amqp.rabbit.core.RabbitTemplate.convertMessageIfNecessary(RabbitTemplate.java:1861)
	at org.springframework.amqp.rabbit.core.RabbitTemplate.convertAndSend(RabbitTemplate.java:1167)
	at org.springframework.amqp.rabbit.core.RabbitTemplate.convertAndSend(RabbitTemplate.java:1149)
	at cn.good.infrastructure.event.EventPublisher.publish(EventPublisher.java:35)
	at cn.good.infrastructure.persistent.repository.TaskRepository.sendMessage(TaskRepository.java:45)
	at cn.good.infrastructure.persistent.repository.TaskRepository$$FastClassBySpringCGLIB$$10d01039.invoke(<generated>)
	at org.springframework.cglib.proxy.MethodProxy.invoke(MethodProxy.java:218)
	at org.springframework.aop.framework.CglibAopProxy$CglibMethodInvocation.invokeJoinpoint(CglibAopProxy.java:793)
	at org.springframework.aop.framework.ReflectiveMethodInvocation.proceed(ReflectiveMethodInvocation.java:163)
	at org.springframework.aop.framework.CglibAopProxy$CglibMethodInvocation.proceed(CglibAopProxy.java:763)
	at org.springframework.dao.support.PersistenceExceptionTranslationInterceptor.invoke(PersistenceExceptionTranslationInterceptor.java:137)
	at org.springframework.aop.framework.ReflectiveMethodInvocation.proceed(ReflectiveMethodInvocation.java:186)
	at org.springframework.aop.framework.CglibAopProxy$CglibMethodInvocation.proceed(CglibAopProxy.java:763)
	at org.springframework.aop.framework.CglibAopProxy$DynamicAdvisedInterceptor.intercept(CglibAopProxy.java:708)
	at cn.good.infrastructure.persistent.repository.TaskRepository$$EnhancerBySpringCGLIB$$c784bfba.sendMessage(<generated>)
	at cn.good.domain.task.service.TaskService.sendMessage(TaskService.java:29)
	at cn.good.trigger.job.SendMessageTaskJob.exec_db01(SendMessageTaskJob.java:42)
	at sun.reflect.GeneratedMethodAccessor144.invoke(Unknown Source)
	at sun.reflect.DelegatingMethodAccessorImpl.invoke(DelegatingMethodAccessorImpl.java:43)
	at java.lang.reflect.Method.invoke(Method.java:498)
	at org.springframework.scheduling.support.ScheduledMethodRunnable.run(ScheduledMethodRunnable.java:84)
	at org.springframework.scheduling.support.DelegatingErrorHandlingRunnable.run(DelegatingErrorHandlingRunnable.java:54)
	at org.springframework.scheduling.concurrent.ReschedulingRunnable.run(ReschedulingRunnable.java:95)
	at java.util.concurrent.Executors$RunnableAdapter.call(Executors.java:511)
	at java.util.concurrent.FutureTask.run(FutureTask.java:266)
	at java.util.concurrent.ScheduledThreadPoolExecutor$ScheduledFutureTask.access$201(ScheduledThreadPoolExecutor.java:180)
	at java.util.concurrent.ScheduledThreadPoolExecutor$ScheduledFutureTask.run(ScheduledThreadPoolExecutor.java:293)
	at java.util.concurrent.ThreadPoolExecutor.runWorker(ThreadPoolExecutor.java:1149)
	at java.util.concurrent.ThreadPoolExecutor$Worker.run(ThreadPoolExecutor.java:624)
	at java.lang.Thread.run(Thread.java:750)
25-03-31.22:14:20.011 [scheduling-1    ] ERROR SendMessageTaskJob     - 定时任务，发送MQ消息失败 userId: wkm topic: null
25-03-31.22:14:20.013 [scheduling-1    ] ERROR EventPublisher         - 发送MQ消息失败 topic:null message :null
java.lang.NullPointerException: null
	at org.springframework.amqp.support.converter.SimpleMessageConverter.createMessage(SimpleMessageConverter.java:164)
	at org.springframework.amqp.support.converter.AbstractMessageConverter.createMessage(AbstractMessageConverter.java:88)
	at org.springframework.amqp.support.converter.AbstractMessageConverter.toMessage(AbstractMessageConverter.java:70)
	at org.springframework.amqp.support.converter.AbstractMessageConverter.toMessage(AbstractMessageConverter.java:58)
	at org.springframework.amqp.rabbit.core.RabbitTemplate.convertMessageIfNecessary(RabbitTemplate.java:1861)
	at org.springframework.amqp.rabbit.core.RabbitTemplate.convertAndSend(RabbitTemplate.java:1167)
	at org.springframework.amqp.rabbit.core.RabbitTemplate.convertAndSend(RabbitTemplate.java:1149)
	at cn.good.infrastructure.event.EventPublisher.publish(EventPublisher.java:35)
	at cn.good.infrastructure.persistent.repository.TaskRepository.sendMessage(TaskRepository.java:45)
	at cn.good.infrastructure.persistent.repository.TaskRepository$$FastClassBySpringCGLIB$$10d01039.invoke(<generated>)
	at org.springframework.cglib.proxy.MethodProxy.invoke(MethodProxy.java:218)
	at org.springframework.aop.framework.CglibAopProxy$CglibMethodInvocation.invokeJoinpoint(CglibAopProxy.java:793)
	at org.springframework.aop.framework.ReflectiveMethodInvocation.proceed(ReflectiveMethodInvocation.java:163)
	at org.springframework.aop.framework.CglibAopProxy$CglibMethodInvocation.proceed(CglibAopProxy.java:763)
	at org.springframework.dao.support.PersistenceExceptionTranslationInterceptor.invoke(PersistenceExceptionTranslationInterceptor.java:137)
	at org.springframework.aop.framework.ReflectiveMethodInvocation.proceed(ReflectiveMethodInvocation.java:186)
	at org.springframework.aop.framework.CglibAopProxy$CglibMethodInvocation.proceed(CglibAopProxy.java:763)
	at org.springframework.aop.framework.CglibAopProxy$DynamicAdvisedInterceptor.intercept(CglibAopProxy.java:708)
	at cn.good.infrastructure.persistent.repository.TaskRepository$$EnhancerBySpringCGLIB$$c784bfba.sendMessage(<generated>)
	at cn.good.domain.task.service.TaskService.sendMessage(TaskService.java:29)
	at cn.good.trigger.job.SendMessageTaskJob.exec_db01(SendMessageTaskJob.java:42)
	at sun.reflect.GeneratedMethodAccessor144.invoke(Unknown Source)
	at sun.reflect.DelegatingMethodAccessorImpl.invoke(DelegatingMethodAccessorImpl.java:43)
	at java.lang.reflect.Method.invoke(Method.java:498)
	at org.springframework.scheduling.support.ScheduledMethodRunnable.run(ScheduledMethodRunnable.java:84)
	at org.springframework.scheduling.support.DelegatingErrorHandlingRunnable.run(DelegatingErrorHandlingRunnable.java:54)
	at org.springframework.scheduling.concurrent.ReschedulingRunnable.run(ReschedulingRunnable.java:95)
	at java.util.concurrent.Executors$RunnableAdapter.call(Executors.java:511)
	at java.util.concurrent.FutureTask.run(FutureTask.java:266)
	at java.util.concurrent.ScheduledThreadPoolExecutor$ScheduledFutureTask.access$201(ScheduledThreadPoolExecutor.java:180)
	at java.util.concurrent.ScheduledThreadPoolExecutor$ScheduledFutureTask.run(ScheduledThreadPoolExecutor.java:293)
	at java.util.concurrent.ThreadPoolExecutor.runWorker(ThreadPoolExecutor.java:1149)
	at java.util.concurrent.ThreadPoolExecutor$Worker.run(ThreadPoolExecutor.java:624)
	at java.lang.Thread.run(Thread.java:750)
25-03-31.22:14:20.013 [scheduling-1    ] ERROR SendMessageTaskJob     - 定时任务，发送MQ消息失败 userId: wkm topic: null
25-03-31.22:14:25.013 [scheduling-1    ] ERROR EventPublisher         - 发送MQ消息失败 topic:null message :null
java.lang.NullPointerException: null
	at org.springframework.amqp.support.converter.SimpleMessageConverter.createMessage(SimpleMessageConverter.java:164)
	at org.springframework.amqp.support.converter.AbstractMessageConverter.createMessage(AbstractMessageConverter.java:88)
	at org.springframework.amqp.support.converter.AbstractMessageConverter.toMessage(AbstractMessageConverter.java:70)
	at org.springframework.amqp.support.converter.AbstractMessageConverter.toMessage(AbstractMessageConverter.java:58)
	at org.springframework.amqp.rabbit.core.RabbitTemplate.convertMessageIfNecessary(RabbitTemplate.java:1861)
	at org.springframework.amqp.rabbit.core.RabbitTemplate.convertAndSend(RabbitTemplate.java:1167)
	at org.springframework.amqp.rabbit.core.RabbitTemplate.convertAndSend(RabbitTemplate.java:1149)
	at cn.good.infrastructure.event.EventPublisher.publish(EventPublisher.java:35)
	at cn.good.infrastructure.persistent.repository.TaskRepository.sendMessage(TaskRepository.java:45)
	at cn.good.infrastructure.persistent.repository.TaskRepository$$FastClassBySpringCGLIB$$10d01039.invoke(<generated>)
	at org.springframework.cglib.proxy.MethodProxy.invoke(MethodProxy.java:218)
	at org.springframework.aop.framework.CglibAopProxy$CglibMethodInvocation.invokeJoinpoint(CglibAopProxy.java:793)
	at org.springframework.aop.framework.ReflectiveMethodInvocation.proceed(ReflectiveMethodInvocation.java:163)
	at org.springframework.aop.framework.CglibAopProxy$CglibMethodInvocation.proceed(CglibAopProxy.java:763)
	at org.springframework.dao.support.PersistenceExceptionTranslationInterceptor.invoke(PersistenceExceptionTranslationInterceptor.java:137)
	at org.springframework.aop.framework.ReflectiveMethodInvocation.proceed(ReflectiveMethodInvocation.java:186)
	at org.springframework.aop.framework.CglibAopProxy$CglibMethodInvocation.proceed(CglibAopProxy.java:763)
	at org.springframework.aop.framework.CglibAopProxy$DynamicAdvisedInterceptor.intercept(CglibAopProxy.java:708)
	at cn.good.infrastructure.persistent.repository.TaskRepository$$EnhancerBySpringCGLIB$$c784bfba.sendMessage(<generated>)
	at cn.good.domain.task.service.TaskService.sendMessage(TaskService.java:29)
	at cn.good.trigger.job.SendMessageTaskJob.exec_db01(SendMessageTaskJob.java:42)
	at sun.reflect.GeneratedMethodAccessor144.invoke(Unknown Source)
	at sun.reflect.DelegatingMethodAccessorImpl.invoke(DelegatingMethodAccessorImpl.java:43)
	at java.lang.reflect.Method.invoke(Method.java:498)
	at org.springframework.scheduling.support.ScheduledMethodRunnable.run(ScheduledMethodRunnable.java:84)
	at org.springframework.scheduling.support.DelegatingErrorHandlingRunnable.run(DelegatingErrorHandlingRunnable.java:54)
	at org.springframework.scheduling.concurrent.ReschedulingRunnable.run(ReschedulingRunnable.java:95)
	at java.util.concurrent.Executors$RunnableAdapter.call(Executors.java:511)
	at java.util.concurrent.FutureTask.run(FutureTask.java:266)
	at java.util.concurrent.ScheduledThreadPoolExecutor$ScheduledFutureTask.access$201(ScheduledThreadPoolExecutor.java:180)
	at java.util.concurrent.ScheduledThreadPoolExecutor$ScheduledFutureTask.run(ScheduledThreadPoolExecutor.java:293)
	at java.util.concurrent.ThreadPoolExecutor.runWorker(ThreadPoolExecutor.java:1149)
	at java.util.concurrent.ThreadPoolExecutor$Worker.run(ThreadPoolExecutor.java:624)
	at java.lang.Thread.run(Thread.java:750)
25-03-31.22:14:25.013 [scheduling-1    ] ERROR SendMessageTaskJob     - 定时任务，发送MQ消息失败 userId: wkm topic: null
25-03-31.22:14:25.013 [scheduling-1    ] ERROR EventPublisher         - 发送MQ消息失败 topic:null message :null
java.lang.NullPointerException: null
	at org.springframework.amqp.support.converter.SimpleMessageConverter.createMessage(SimpleMessageConverter.java:164)
	at org.springframework.amqp.support.converter.AbstractMessageConverter.createMessage(AbstractMessageConverter.java:88)
	at org.springframework.amqp.support.converter.AbstractMessageConverter.toMessage(AbstractMessageConverter.java:70)
	at org.springframework.amqp.support.converter.AbstractMessageConverter.toMessage(AbstractMessageConverter.java:58)
	at org.springframework.amqp.rabbit.core.RabbitTemplate.convertMessageIfNecessary(RabbitTemplate.java:1861)
	at org.springframework.amqp.rabbit.core.RabbitTemplate.convertAndSend(RabbitTemplate.java:1167)
	at org.springframework.amqp.rabbit.core.RabbitTemplate.convertAndSend(RabbitTemplate.java:1149)
	at cn.good.infrastructure.event.EventPublisher.publish(EventPublisher.java:35)
	at cn.good.infrastructure.persistent.repository.TaskRepository.sendMessage(TaskRepository.java:45)
	at cn.good.infrastructure.persistent.repository.TaskRepository$$FastClassBySpringCGLIB$$10d01039.invoke(<generated>)
	at org.springframework.cglib.proxy.MethodProxy.invoke(MethodProxy.java:218)
	at org.springframework.aop.framework.CglibAopProxy$CglibMethodInvocation.invokeJoinpoint(CglibAopProxy.java:793)
	at org.springframework.aop.framework.ReflectiveMethodInvocation.proceed(ReflectiveMethodInvocation.java:163)
	at org.springframework.aop.framework.CglibAopProxy$CglibMethodInvocation.proceed(CglibAopProxy.java:763)
	at org.springframework.dao.support.PersistenceExceptionTranslationInterceptor.invoke(PersistenceExceptionTranslationInterceptor.java:137)
	at org.springframework.aop.framework.ReflectiveMethodInvocation.proceed(ReflectiveMethodInvocation.java:186)
	at org.springframework.aop.framework.CglibAopProxy$CglibMethodInvocation.proceed(CglibAopProxy.java:763)
	at org.springframework.aop.framework.CglibAopProxy$DynamicAdvisedInterceptor.intercept(CglibAopProxy.java:708)
	at cn.good.infrastructure.persistent.repository.TaskRepository$$EnhancerBySpringCGLIB$$c784bfba.sendMessage(<generated>)
	at cn.good.domain.task.service.TaskService.sendMessage(TaskService.java:29)
	at cn.good.trigger.job.SendMessageTaskJob.exec_db01(SendMessageTaskJob.java:42)
	at sun.reflect.GeneratedMethodAccessor144.invoke(Unknown Source)
	at sun.reflect.DelegatingMethodAccessorImpl.invoke(DelegatingMethodAccessorImpl.java:43)
	at java.lang.reflect.Method.invoke(Method.java:498)
	at org.springframework.scheduling.support.ScheduledMethodRunnable.run(ScheduledMethodRunnable.java:84)
	at org.springframework.scheduling.support.DelegatingErrorHandlingRunnable.run(DelegatingErrorHandlingRunnable.java:54)
	at org.springframework.scheduling.concurrent.ReschedulingRunnable.run(ReschedulingRunnable.java:95)
	at java.util.concurrent.Executors$RunnableAdapter.call(Executors.java:511)
	at java.util.concurrent.FutureTask.run(FutureTask.java:266)
	at java.util.concurrent.ScheduledThreadPoolExecutor$ScheduledFutureTask.access$201(ScheduledThreadPoolExecutor.java:180)
	at java.util.concurrent.ScheduledThreadPoolExecutor$ScheduledFutureTask.run(ScheduledThreadPoolExecutor.java:293)
	at java.util.concurrent.ThreadPoolExecutor.runWorker(ThreadPoolExecutor.java:1149)
	at java.util.concurrent.ThreadPoolExecutor$Worker.run(ThreadPoolExecutor.java:624)
	at java.lang.Thread.run(Thread.java:750)
25-03-31.22:14:25.013 [scheduling-1    ] ERROR SendMessageTaskJob     - 定时任务，发送MQ消息失败 userId: wkm topic: null
25-03-31.22:14:25.013 [scheduling-1    ] ERROR EventPublisher         - 发送MQ消息失败 topic:null message :null
java.lang.NullPointerException: null
	at org.springframework.amqp.support.converter.SimpleMessageConverter.createMessage(SimpleMessageConverter.java:164)
	at org.springframework.amqp.support.converter.AbstractMessageConverter.createMessage(AbstractMessageConverter.java:88)
	at org.springframework.amqp.support.converter.AbstractMessageConverter.toMessage(AbstractMessageConverter.java:70)
	at org.springframework.amqp.support.converter.AbstractMessageConverter.toMessage(AbstractMessageConverter.java:58)
	at org.springframework.amqp.rabbit.core.RabbitTemplate.convertMessageIfNecessary(RabbitTemplate.java:1861)
	at org.springframework.amqp.rabbit.core.RabbitTemplate.convertAndSend(RabbitTemplate.java:1167)
	at org.springframework.amqp.rabbit.core.RabbitTemplate.convertAndSend(RabbitTemplate.java:1149)
	at cn.good.infrastructure.event.EventPublisher.publish(EventPublisher.java:35)
	at cn.good.infrastructure.persistent.repository.TaskRepository.sendMessage(TaskRepository.java:45)
	at cn.good.infrastructure.persistent.repository.TaskRepository$$FastClassBySpringCGLIB$$10d01039.invoke(<generated>)
	at org.springframework.cglib.proxy.MethodProxy.invoke(MethodProxy.java:218)
	at org.springframework.aop.framework.CglibAopProxy$CglibMethodInvocation.invokeJoinpoint(CglibAopProxy.java:793)
	at org.springframework.aop.framework.ReflectiveMethodInvocation.proceed(ReflectiveMethodInvocation.java:163)
	at org.springframework.aop.framework.CglibAopProxy$CglibMethodInvocation.proceed(CglibAopProxy.java:763)
	at org.springframework.dao.support.PersistenceExceptionTranslationInterceptor.invoke(PersistenceExceptionTranslationInterceptor.java:137)
	at org.springframework.aop.framework.ReflectiveMethodInvocation.proceed(ReflectiveMethodInvocation.java:186)
	at org.springframework.aop.framework.CglibAopProxy$CglibMethodInvocation.proceed(CglibAopProxy.java:763)
	at org.springframework.aop.framework.CglibAopProxy$DynamicAdvisedInterceptor.intercept(CglibAopProxy.java:708)
	at cn.good.infrastructure.persistent.repository.TaskRepository$$EnhancerBySpringCGLIB$$c784bfba.sendMessage(<generated>)
	at cn.good.domain.task.service.TaskService.sendMessage(TaskService.java:29)
	at cn.good.trigger.job.SendMessageTaskJob.exec_db01(SendMessageTaskJob.java:42)
	at sun.reflect.GeneratedMethodAccessor144.invoke(Unknown Source)
	at sun.reflect.DelegatingMethodAccessorImpl.invoke(DelegatingMethodAccessorImpl.java:43)
	at java.lang.reflect.Method.invoke(Method.java:498)
	at org.springframework.scheduling.support.ScheduledMethodRunnable.run(ScheduledMethodRunnable.java:84)
	at org.springframework.scheduling.support.DelegatingErrorHandlingRunnable.run(DelegatingErrorHandlingRunnable.java:54)
	at org.springframework.scheduling.concurrent.ReschedulingRunnable.run(ReschedulingRunnable.java:95)
	at java.util.concurrent.Executors$RunnableAdapter.call(Executors.java:511)
	at java.util.concurrent.FutureTask.run(FutureTask.java:266)
	at java.util.concurrent.ScheduledThreadPoolExecutor$ScheduledFutureTask.access$201(ScheduledThreadPoolExecutor.java:180)
	at java.util.concurrent.ScheduledThreadPoolExecutor$ScheduledFutureTask.run(ScheduledThreadPoolExecutor.java:293)
	at java.util.concurrent.ThreadPoolExecutor.runWorker(ThreadPoolExecutor.java:1149)
	at java.util.concurrent.ThreadPoolExecutor$Worker.run(ThreadPoolExecutor.java:624)
	at java.lang.Thread.run(Thread.java:750)
25-03-31.22:14:25.013 [scheduling-1    ] ERROR SendMessageTaskJob     - 定时任务，发送MQ消息失败 userId: wkm topic: null
25-03-31.22:14:30.015 [scheduling-1    ] ERROR EventPublisher         - 发送MQ消息失败 topic:null message :null
java.lang.NullPointerException: null
	at org.springframework.amqp.support.converter.SimpleMessageConverter.createMessage(SimpleMessageConverter.java:164)
	at org.springframework.amqp.support.converter.AbstractMessageConverter.createMessage(AbstractMessageConverter.java:88)
	at org.springframework.amqp.support.converter.AbstractMessageConverter.toMessage(AbstractMessageConverter.java:70)
	at org.springframework.amqp.support.converter.AbstractMessageConverter.toMessage(AbstractMessageConverter.java:58)
	at org.springframework.amqp.rabbit.core.RabbitTemplate.convertMessageIfNecessary(RabbitTemplate.java:1861)
	at org.springframework.amqp.rabbit.core.RabbitTemplate.convertAndSend(RabbitTemplate.java:1167)
	at org.springframework.amqp.rabbit.core.RabbitTemplate.convertAndSend(RabbitTemplate.java:1149)
	at cn.good.infrastructure.event.EventPublisher.publish(EventPublisher.java:35)
	at cn.good.infrastructure.persistent.repository.TaskRepository.sendMessage(TaskRepository.java:45)
	at cn.good.infrastructure.persistent.repository.TaskRepository$$FastClassBySpringCGLIB$$10d01039.invoke(<generated>)
	at org.springframework.cglib.proxy.MethodProxy.invoke(MethodProxy.java:218)
	at org.springframework.aop.framework.CglibAopProxy$CglibMethodInvocation.invokeJoinpoint(CglibAopProxy.java:793)
	at org.springframework.aop.framework.ReflectiveMethodInvocation.proceed(ReflectiveMethodInvocation.java:163)
	at org.springframework.aop.framework.CglibAopProxy$CglibMethodInvocation.proceed(CglibAopProxy.java:763)
	at org.springframework.dao.support.PersistenceExceptionTranslationInterceptor.invoke(PersistenceExceptionTranslationInterceptor.java:137)
	at org.springframework.aop.framework.ReflectiveMethodInvocation.proceed(ReflectiveMethodInvocation.java:186)
	at org.springframework.aop.framework.CglibAopProxy$CglibMethodInvocation.proceed(CglibAopProxy.java:763)
	at org.springframework.aop.framework.CglibAopProxy$DynamicAdvisedInterceptor.intercept(CglibAopProxy.java:708)
	at cn.good.infrastructure.persistent.repository.TaskRepository$$EnhancerBySpringCGLIB$$c784bfba.sendMessage(<generated>)
	at cn.good.domain.task.service.TaskService.sendMessage(TaskService.java:29)
	at cn.good.trigger.job.SendMessageTaskJob.exec_db01(SendMessageTaskJob.java:42)
	at sun.reflect.GeneratedMethodAccessor144.invoke(Unknown Source)
	at sun.reflect.DelegatingMethodAccessorImpl.invoke(DelegatingMethodAccessorImpl.java:43)
	at java.lang.reflect.Method.invoke(Method.java:498)
	at org.springframework.scheduling.support.ScheduledMethodRunnable.run(ScheduledMethodRunnable.java:84)
	at org.springframework.scheduling.support.DelegatingErrorHandlingRunnable.run(DelegatingErrorHandlingRunnable.java:54)
	at org.springframework.scheduling.concurrent.ReschedulingRunnable.run(ReschedulingRunnable.java:95)
	at java.util.concurrent.Executors$RunnableAdapter.call(Executors.java:511)
	at java.util.concurrent.FutureTask.run(FutureTask.java:266)
	at java.util.concurrent.ScheduledThreadPoolExecutor$ScheduledFutureTask.access$201(ScheduledThreadPoolExecutor.java:180)
	at java.util.concurrent.ScheduledThreadPoolExecutor$ScheduledFutureTask.run(ScheduledThreadPoolExecutor.java:293)
	at java.util.concurrent.ThreadPoolExecutor.runWorker(ThreadPoolExecutor.java:1149)
	at java.util.concurrent.ThreadPoolExecutor$Worker.run(ThreadPoolExecutor.java:624)
	at java.lang.Thread.run(Thread.java:750)
25-03-31.22:14:30.015 [scheduling-1    ] ERROR SendMessageTaskJob     - 定时任务，发送MQ消息失败 userId: wkm topic: null
25-03-31.22:14:30.018 [scheduling-1    ] ERROR EventPublisher         - 发送MQ消息失败 topic:null message :null
java.lang.NullPointerException: null
	at org.springframework.amqp.support.converter.SimpleMessageConverter.createMessage(SimpleMessageConverter.java:164)
	at org.springframework.amqp.support.converter.AbstractMessageConverter.createMessage(AbstractMessageConverter.java:88)
	at org.springframework.amqp.support.converter.AbstractMessageConverter.toMessage(AbstractMessageConverter.java:70)
	at org.springframework.amqp.support.converter.AbstractMessageConverter.toMessage(AbstractMessageConverter.java:58)
	at org.springframework.amqp.rabbit.core.RabbitTemplate.convertMessageIfNecessary(RabbitTemplate.java:1861)
	at org.springframework.amqp.rabbit.core.RabbitTemplate.convertAndSend(RabbitTemplate.java:1167)
	at org.springframework.amqp.rabbit.core.RabbitTemplate.convertAndSend(RabbitTemplate.java:1149)
	at cn.good.infrastructure.event.EventPublisher.publish(EventPublisher.java:35)
	at cn.good.infrastructure.persistent.repository.TaskRepository.sendMessage(TaskRepository.java:45)
	at cn.good.infrastructure.persistent.repository.TaskRepository$$FastClassBySpringCGLIB$$10d01039.invoke(<generated>)
	at org.springframework.cglib.proxy.MethodProxy.invoke(MethodProxy.java:218)
	at org.springframework.aop.framework.CglibAopProxy$CglibMethodInvocation.invokeJoinpoint(CglibAopProxy.java:793)
	at org.springframework.aop.framework.ReflectiveMethodInvocation.proceed(ReflectiveMethodInvocation.java:163)
	at org.springframework.aop.framework.CglibAopProxy$CglibMethodInvocation.proceed(CglibAopProxy.java:763)
	at org.springframework.dao.support.PersistenceExceptionTranslationInterceptor.invoke(PersistenceExceptionTranslationInterceptor.java:137)
	at org.springframework.aop.framework.ReflectiveMethodInvocation.proceed(ReflectiveMethodInvocation.java:186)
	at org.springframework.aop.framework.CglibAopProxy$CglibMethodInvocation.proceed(CglibAopProxy.java:763)
	at org.springframework.aop.framework.CglibAopProxy$DynamicAdvisedInterceptor.intercept(CglibAopProxy.java:708)
	at cn.good.infrastructure.persistent.repository.TaskRepository$$EnhancerBySpringCGLIB$$c784bfba.sendMessage(<generated>)
	at cn.good.domain.task.service.TaskService.sendMessage(TaskService.java:29)
	at cn.good.trigger.job.SendMessageTaskJob.exec_db01(SendMessageTaskJob.java:42)
	at sun.reflect.GeneratedMethodAccessor144.invoke(Unknown Source)
	at sun.reflect.DelegatingMethodAccessorImpl.invoke(DelegatingMethodAccessorImpl.java:43)
	at java.lang.reflect.Method.invoke(Method.java:498)
	at org.springframework.scheduling.support.ScheduledMethodRunnable.run(ScheduledMethodRunnable.java:84)
	at org.springframework.scheduling.support.DelegatingErrorHandlingRunnable.run(DelegatingErrorHandlingRunnable.java:54)
	at org.springframework.scheduling.concurrent.ReschedulingRunnable.run(ReschedulingRunnable.java:95)
	at java.util.concurrent.Executors$RunnableAdapter.call(Executors.java:511)
	at java.util.concurrent.FutureTask.run(FutureTask.java:266)
	at java.util.concurrent.ScheduledThreadPoolExecutor$ScheduledFutureTask.access$201(ScheduledThreadPoolExecutor.java:180)
	at java.util.concurrent.ScheduledThreadPoolExecutor$ScheduledFutureTask.run(ScheduledThreadPoolExecutor.java:293)
	at java.util.concurrent.ThreadPoolExecutor.runWorker(ThreadPoolExecutor.java:1149)
	at java.util.concurrent.ThreadPoolExecutor$Worker.run(ThreadPoolExecutor.java:624)
	at java.lang.Thread.run(Thread.java:750)
25-03-31.22:14:30.018 [scheduling-1    ] ERROR SendMessageTaskJob     - 定时任务，发送MQ消息失败 userId: wkm topic: null
25-03-31.22:14:30.020 [scheduling-1    ] ERROR EventPublisher         - 发送MQ消息失败 topic:null message :null
java.lang.NullPointerException: null
	at org.springframework.amqp.support.converter.SimpleMessageConverter.createMessage(SimpleMessageConverter.java:164)
	at org.springframework.amqp.support.converter.AbstractMessageConverter.createMessage(AbstractMessageConverter.java:88)
	at org.springframework.amqp.support.converter.AbstractMessageConverter.toMessage(AbstractMessageConverter.java:70)
	at org.springframework.amqp.support.converter.AbstractMessageConverter.toMessage(AbstractMessageConverter.java:58)
	at org.springframework.amqp.rabbit.core.RabbitTemplate.convertMessageIfNecessary(RabbitTemplate.java:1861)
	at org.springframework.amqp.rabbit.core.RabbitTemplate.convertAndSend(RabbitTemplate.java:1167)
	at org.springframework.amqp.rabbit.core.RabbitTemplate.convertAndSend(RabbitTemplate.java:1149)
	at cn.good.infrastructure.event.EventPublisher.publish(EventPublisher.java:35)
	at cn.good.infrastructure.persistent.repository.TaskRepository.sendMessage(TaskRepository.java:45)
	at cn.good.infrastructure.persistent.repository.TaskRepository$$FastClassBySpringCGLIB$$10d01039.invoke(<generated>)
	at org.springframework.cglib.proxy.MethodProxy.invoke(MethodProxy.java:218)
	at org.springframework.aop.framework.CglibAopProxy$CglibMethodInvocation.invokeJoinpoint(CglibAopProxy.java:793)
	at org.springframework.aop.framework.ReflectiveMethodInvocation.proceed(ReflectiveMethodInvocation.java:163)
	at org.springframework.aop.framework.CglibAopProxy$CglibMethodInvocation.proceed(CglibAopProxy.java:763)
	at org.springframework.dao.support.PersistenceExceptionTranslationInterceptor.invoke(PersistenceExceptionTranslationInterceptor.java:137)
	at org.springframework.aop.framework.ReflectiveMethodInvocation.proceed(ReflectiveMethodInvocation.java:186)
	at org.springframework.aop.framework.CglibAopProxy$CglibMethodInvocation.proceed(CglibAopProxy.java:763)
	at org.springframework.aop.framework.CglibAopProxy$DynamicAdvisedInterceptor.intercept(CglibAopProxy.java:708)
	at cn.good.infrastructure.persistent.repository.TaskRepository$$EnhancerBySpringCGLIB$$c784bfba.sendMessage(<generated>)
	at cn.good.domain.task.service.TaskService.sendMessage(TaskService.java:29)
	at cn.good.trigger.job.SendMessageTaskJob.exec_db01(SendMessageTaskJob.java:42)
	at sun.reflect.GeneratedMethodAccessor144.invoke(Unknown Source)
	at sun.reflect.DelegatingMethodAccessorImpl.invoke(DelegatingMethodAccessorImpl.java:43)
	at java.lang.reflect.Method.invoke(Method.java:498)
	at org.springframework.scheduling.support.ScheduledMethodRunnable.run(ScheduledMethodRunnable.java:84)
	at org.springframework.scheduling.support.DelegatingErrorHandlingRunnable.run(DelegatingErrorHandlingRunnable.java:54)
	at org.springframework.scheduling.concurrent.ReschedulingRunnable.run(ReschedulingRunnable.java:95)
	at java.util.concurrent.Executors$RunnableAdapter.call(Executors.java:511)
	at java.util.concurrent.FutureTask.run(FutureTask.java:266)
	at java.util.concurrent.ScheduledThreadPoolExecutor$ScheduledFutureTask.access$201(ScheduledThreadPoolExecutor.java:180)
	at java.util.concurrent.ScheduledThreadPoolExecutor$ScheduledFutureTask.run(ScheduledThreadPoolExecutor.java:293)
	at java.util.concurrent.ThreadPoolExecutor.runWorker(ThreadPoolExecutor.java:1149)
	at java.util.concurrent.ThreadPoolExecutor$Worker.run(ThreadPoolExecutor.java:624)
	at java.lang.Thread.run(Thread.java:750)
25-03-31.22:14:30.020 [scheduling-1    ] ERROR SendMessageTaskJob     - 定时任务，发送MQ消息失败 userId: wkm topic: null
25-03-31.22:14:35.013 [scheduling-1    ] ERROR EventPublisher         - 发送MQ消息失败 topic:null message :null
java.lang.NullPointerException: null
	at org.springframework.amqp.support.converter.SimpleMessageConverter.createMessage(SimpleMessageConverter.java:164)
	at org.springframework.amqp.support.converter.AbstractMessageConverter.createMessage(AbstractMessageConverter.java:88)
	at org.springframework.amqp.support.converter.AbstractMessageConverter.toMessage(AbstractMessageConverter.java:70)
	at org.springframework.amqp.support.converter.AbstractMessageConverter.toMessage(AbstractMessageConverter.java:58)
	at org.springframework.amqp.rabbit.core.RabbitTemplate.convertMessageIfNecessary(RabbitTemplate.java:1861)
	at org.springframework.amqp.rabbit.core.RabbitTemplate.convertAndSend(RabbitTemplate.java:1167)
	at org.springframework.amqp.rabbit.core.RabbitTemplate.convertAndSend(RabbitTemplate.java:1149)
	at cn.good.infrastructure.event.EventPublisher.publish(EventPublisher.java:35)
	at cn.good.infrastructure.persistent.repository.TaskRepository.sendMessage(TaskRepository.java:45)
	at cn.good.infrastructure.persistent.repository.TaskRepository$$FastClassBySpringCGLIB$$10d01039.invoke(<generated>)
	at org.springframework.cglib.proxy.MethodProxy.invoke(MethodProxy.java:218)
	at org.springframework.aop.framework.CglibAopProxy$CglibMethodInvocation.invokeJoinpoint(CglibAopProxy.java:793)
	at org.springframework.aop.framework.ReflectiveMethodInvocation.proceed(ReflectiveMethodInvocation.java:163)
	at org.springframework.aop.framework.CglibAopProxy$CglibMethodInvocation.proceed(CglibAopProxy.java:763)
	at org.springframework.dao.support.PersistenceExceptionTranslationInterceptor.invoke(PersistenceExceptionTranslationInterceptor.java:137)
	at org.springframework.aop.framework.ReflectiveMethodInvocation.proceed(ReflectiveMethodInvocation.java:186)
	at org.springframework.aop.framework.CglibAopProxy$CglibMethodInvocation.proceed(CglibAopProxy.java:763)
	at org.springframework.aop.framework.CglibAopProxy$DynamicAdvisedInterceptor.intercept(CglibAopProxy.java:708)
	at cn.good.infrastructure.persistent.repository.TaskRepository$$EnhancerBySpringCGLIB$$c784bfba.sendMessage(<generated>)
	at cn.good.domain.task.service.TaskService.sendMessage(TaskService.java:29)
	at cn.good.trigger.job.SendMessageTaskJob.exec_db01(SendMessageTaskJob.java:42)
	at sun.reflect.GeneratedMethodAccessor144.invoke(Unknown Source)
	at sun.reflect.DelegatingMethodAccessorImpl.invoke(DelegatingMethodAccessorImpl.java:43)
	at java.lang.reflect.Method.invoke(Method.java:498)
	at org.springframework.scheduling.support.ScheduledMethodRunnable.run(ScheduledMethodRunnable.java:84)
	at org.springframework.scheduling.support.DelegatingErrorHandlingRunnable.run(DelegatingErrorHandlingRunnable.java:54)
	at org.springframework.scheduling.concurrent.ReschedulingRunnable.run(ReschedulingRunnable.java:95)
	at java.util.concurrent.Executors$RunnableAdapter.call(Executors.java:511)
	at java.util.concurrent.FutureTask.run(FutureTask.java:266)
	at java.util.concurrent.ScheduledThreadPoolExecutor$ScheduledFutureTask.access$201(ScheduledThreadPoolExecutor.java:180)
	at java.util.concurrent.ScheduledThreadPoolExecutor$ScheduledFutureTask.run(ScheduledThreadPoolExecutor.java:293)
	at java.util.concurrent.ThreadPoolExecutor.runWorker(ThreadPoolExecutor.java:1149)
	at java.util.concurrent.ThreadPoolExecutor$Worker.run(ThreadPoolExecutor.java:624)
	at java.lang.Thread.run(Thread.java:750)
25-03-31.22:14:35.014 [scheduling-1    ] ERROR SendMessageTaskJob     - 定时任务，发送MQ消息失败 userId: wkm topic: null
25-03-31.22:14:35.019 [scheduling-1    ] ERROR EventPublisher         - 发送MQ消息失败 topic:null message :null
java.lang.NullPointerException: null
	at org.springframework.amqp.support.converter.SimpleMessageConverter.createMessage(SimpleMessageConverter.java:164)
	at org.springframework.amqp.support.converter.AbstractMessageConverter.createMessage(AbstractMessageConverter.java:88)
	at org.springframework.amqp.support.converter.AbstractMessageConverter.toMessage(AbstractMessageConverter.java:70)
	at org.springframework.amqp.support.converter.AbstractMessageConverter.toMessage(AbstractMessageConverter.java:58)
	at org.springframework.amqp.rabbit.core.RabbitTemplate.convertMessageIfNecessary(RabbitTemplate.java:1861)
	at org.springframework.amqp.rabbit.core.RabbitTemplate.convertAndSend(RabbitTemplate.java:1167)
	at org.springframework.amqp.rabbit.core.RabbitTemplate.convertAndSend(RabbitTemplate.java:1149)
	at cn.good.infrastructure.event.EventPublisher.publish(EventPublisher.java:35)
	at cn.good.infrastructure.persistent.repository.TaskRepository.sendMessage(TaskRepository.java:45)
	at cn.good.infrastructure.persistent.repository.TaskRepository$$FastClassBySpringCGLIB$$10d01039.invoke(<generated>)
	at org.springframework.cglib.proxy.MethodProxy.invoke(MethodProxy.java:218)
	at org.springframework.aop.framework.CglibAopProxy$CglibMethodInvocation.invokeJoinpoint(CglibAopProxy.java:793)
	at org.springframework.aop.framework.ReflectiveMethodInvocation.proceed(ReflectiveMethodInvocation.java:163)
	at org.springframework.aop.framework.CglibAopProxy$CglibMethodInvocation.proceed(CglibAopProxy.java:763)
	at org.springframework.dao.support.PersistenceExceptionTranslationInterceptor.invoke(PersistenceExceptionTranslationInterceptor.java:137)
	at org.springframework.aop.framework.ReflectiveMethodInvocation.proceed(ReflectiveMethodInvocation.java:186)
	at org.springframework.aop.framework.CglibAopProxy$CglibMethodInvocation.proceed(CglibAopProxy.java:763)
	at org.springframework.aop.framework.CglibAopProxy$DynamicAdvisedInterceptor.intercept(CglibAopProxy.java:708)
	at cn.good.infrastructure.persistent.repository.TaskRepository$$EnhancerBySpringCGLIB$$c784bfba.sendMessage(<generated>)
	at cn.good.domain.task.service.TaskService.sendMessage(TaskService.java:29)
	at cn.good.trigger.job.SendMessageTaskJob.exec_db01(SendMessageTaskJob.java:42)
	at sun.reflect.GeneratedMethodAccessor144.invoke(Unknown Source)
	at sun.reflect.DelegatingMethodAccessorImpl.invoke(DelegatingMethodAccessorImpl.java:43)
	at java.lang.reflect.Method.invoke(Method.java:498)
	at org.springframework.scheduling.support.ScheduledMethodRunnable.run(ScheduledMethodRunnable.java:84)
	at org.springframework.scheduling.support.DelegatingErrorHandlingRunnable.run(DelegatingErrorHandlingRunnable.java:54)
	at org.springframework.scheduling.concurrent.ReschedulingRunnable.run(ReschedulingRunnable.java:95)
	at java.util.concurrent.Executors$RunnableAdapter.call(Executors.java:511)
	at java.util.concurrent.FutureTask.run(FutureTask.java:266)
	at java.util.concurrent.ScheduledThreadPoolExecutor$ScheduledFutureTask.access$201(ScheduledThreadPoolExecutor.java:180)
	at java.util.concurrent.ScheduledThreadPoolExecutor$ScheduledFutureTask.run(ScheduledThreadPoolExecutor.java:293)
	at java.util.concurrent.ThreadPoolExecutor.runWorker(ThreadPoolExecutor.java:1149)
	at java.util.concurrent.ThreadPoolExecutor$Worker.run(ThreadPoolExecutor.java:624)
	at java.lang.Thread.run(Thread.java:750)
25-03-31.22:14:35.019 [scheduling-1    ] ERROR SendMessageTaskJob     - 定时任务，发送MQ消息失败 userId: wkm topic: null
25-03-31.22:14:35.024 [scheduling-1    ] ERROR EventPublisher         - 发送MQ消息失败 topic:null message :null
java.lang.NullPointerException: null
	at org.springframework.amqp.support.converter.SimpleMessageConverter.createMessage(SimpleMessageConverter.java:164)
	at org.springframework.amqp.support.converter.AbstractMessageConverter.createMessage(AbstractMessageConverter.java:88)
	at org.springframework.amqp.support.converter.AbstractMessageConverter.toMessage(AbstractMessageConverter.java:70)
	at org.springframework.amqp.support.converter.AbstractMessageConverter.toMessage(AbstractMessageConverter.java:58)
	at org.springframework.amqp.rabbit.core.RabbitTemplate.convertMessageIfNecessary(RabbitTemplate.java:1861)
	at org.springframework.amqp.rabbit.core.RabbitTemplate.convertAndSend(RabbitTemplate.java:1167)
	at org.springframework.amqp.rabbit.core.RabbitTemplate.convertAndSend(RabbitTemplate.java:1149)
	at cn.good.infrastructure.event.EventPublisher.publish(EventPublisher.java:35)
	at cn.good.infrastructure.persistent.repository.TaskRepository.sendMessage(TaskRepository.java:45)
	at cn.good.infrastructure.persistent.repository.TaskRepository$$FastClassBySpringCGLIB$$10d01039.invoke(<generated>)
	at org.springframework.cglib.proxy.MethodProxy.invoke(MethodProxy.java:218)
	at org.springframework.aop.framework.CglibAopProxy$CglibMethodInvocation.invokeJoinpoint(CglibAopProxy.java:793)
	at org.springframework.aop.framework.ReflectiveMethodInvocation.proceed(ReflectiveMethodInvocation.java:163)
	at org.springframework.aop.framework.CglibAopProxy$CglibMethodInvocation.proceed(CglibAopProxy.java:763)
	at org.springframework.dao.support.PersistenceExceptionTranslationInterceptor.invoke(PersistenceExceptionTranslationInterceptor.java:137)
	at org.springframework.aop.framework.ReflectiveMethodInvocation.proceed(ReflectiveMethodInvocation.java:186)
	at org.springframework.aop.framework.CglibAopProxy$CglibMethodInvocation.proceed(CglibAopProxy.java:763)
	at org.springframework.aop.framework.CglibAopProxy$DynamicAdvisedInterceptor.intercept(CglibAopProxy.java:708)
	at cn.good.infrastructure.persistent.repository.TaskRepository$$EnhancerBySpringCGLIB$$c784bfba.sendMessage(<generated>)
	at cn.good.domain.task.service.TaskService.sendMessage(TaskService.java:29)
	at cn.good.trigger.job.SendMessageTaskJob.exec_db01(SendMessageTaskJob.java:42)
	at sun.reflect.GeneratedMethodAccessor144.invoke(Unknown Source)
	at sun.reflect.DelegatingMethodAccessorImpl.invoke(DelegatingMethodAccessorImpl.java:43)
	at java.lang.reflect.Method.invoke(Method.java:498)
	at org.springframework.scheduling.support.ScheduledMethodRunnable.run(ScheduledMethodRunnable.java:84)
	at org.springframework.scheduling.support.DelegatingErrorHandlingRunnable.run(DelegatingErrorHandlingRunnable.java:54)
	at org.springframework.scheduling.concurrent.ReschedulingRunnable.run(ReschedulingRunnable.java:95)
	at java.util.concurrent.Executors$RunnableAdapter.call(Executors.java:511)
	at java.util.concurrent.FutureTask.run(FutureTask.java:266)
	at java.util.concurrent.ScheduledThreadPoolExecutor$ScheduledFutureTask.access$201(ScheduledThreadPoolExecutor.java:180)
	at java.util.concurrent.ScheduledThreadPoolExecutor$ScheduledFutureTask.run(ScheduledThreadPoolExecutor.java:293)
	at java.util.concurrent.ThreadPoolExecutor.runWorker(ThreadPoolExecutor.java:1149)
	at java.util.concurrent.ThreadPoolExecutor$Worker.run(ThreadPoolExecutor.java:624)
	at java.lang.Thread.run(Thread.java:750)
25-03-31.22:14:35.024 [scheduling-1    ] ERROR SendMessageTaskJob     - 定时任务，发送MQ消息失败 userId: wkm topic: null
25-03-31.22:14:40.010 [scheduling-1    ] ERROR EventPublisher         - 发送MQ消息失败 topic:null message :null
java.lang.NullPointerException: null
	at org.springframework.amqp.support.converter.SimpleMessageConverter.createMessage(SimpleMessageConverter.java:164)
	at org.springframework.amqp.support.converter.AbstractMessageConverter.createMessage(AbstractMessageConverter.java:88)
	at org.springframework.amqp.support.converter.AbstractMessageConverter.toMessage(AbstractMessageConverter.java:70)
	at org.springframework.amqp.support.converter.AbstractMessageConverter.toMessage(AbstractMessageConverter.java:58)
	at org.springframework.amqp.rabbit.core.RabbitTemplate.convertMessageIfNecessary(RabbitTemplate.java:1861)
	at org.springframework.amqp.rabbit.core.RabbitTemplate.convertAndSend(RabbitTemplate.java:1167)
	at org.springframework.amqp.rabbit.core.RabbitTemplate.convertAndSend(RabbitTemplate.java:1149)
	at cn.good.infrastructure.event.EventPublisher.publish(EventPublisher.java:35)
	at cn.good.infrastructure.persistent.repository.TaskRepository.sendMessage(TaskRepository.java:45)
	at cn.good.infrastructure.persistent.repository.TaskRepository$$FastClassBySpringCGLIB$$10d01039.invoke(<generated>)
	at org.springframework.cglib.proxy.MethodProxy.invoke(MethodProxy.java:218)
	at org.springframework.aop.framework.CglibAopProxy$CglibMethodInvocation.invokeJoinpoint(CglibAopProxy.java:793)
	at org.springframework.aop.framework.ReflectiveMethodInvocation.proceed(ReflectiveMethodInvocation.java:163)
	at org.springframework.aop.framework.CglibAopProxy$CglibMethodInvocation.proceed(CglibAopProxy.java:763)
	at org.springframework.dao.support.PersistenceExceptionTranslationInterceptor.invoke(PersistenceExceptionTranslationInterceptor.java:137)
	at org.springframework.aop.framework.ReflectiveMethodInvocation.proceed(ReflectiveMethodInvocation.java:186)
	at org.springframework.aop.framework.CglibAopProxy$CglibMethodInvocation.proceed(CglibAopProxy.java:763)
	at org.springframework.aop.framework.CglibAopProxy$DynamicAdvisedInterceptor.intercept(CglibAopProxy.java:708)
	at cn.good.infrastructure.persistent.repository.TaskRepository$$EnhancerBySpringCGLIB$$c784bfba.sendMessage(<generated>)
	at cn.good.domain.task.service.TaskService.sendMessage(TaskService.java:29)
	at cn.good.trigger.job.SendMessageTaskJob.exec_db01(SendMessageTaskJob.java:42)
	at sun.reflect.GeneratedMethodAccessor144.invoke(Unknown Source)
	at sun.reflect.DelegatingMethodAccessorImpl.invoke(DelegatingMethodAccessorImpl.java:43)
	at java.lang.reflect.Method.invoke(Method.java:498)
	at org.springframework.scheduling.support.ScheduledMethodRunnable.run(ScheduledMethodRunnable.java:84)
	at org.springframework.scheduling.support.DelegatingErrorHandlingRunnable.run(DelegatingErrorHandlingRunnable.java:54)
	at org.springframework.scheduling.concurrent.ReschedulingRunnable.run(ReschedulingRunnable.java:95)
	at java.util.concurrent.Executors$RunnableAdapter.call(Executors.java:511)
	at java.util.concurrent.FutureTask.run(FutureTask.java:266)
	at java.util.concurrent.ScheduledThreadPoolExecutor$ScheduledFutureTask.access$201(ScheduledThreadPoolExecutor.java:180)
	at java.util.concurrent.ScheduledThreadPoolExecutor$ScheduledFutureTask.run(ScheduledThreadPoolExecutor.java:293)
	at java.util.concurrent.ThreadPoolExecutor.runWorker(ThreadPoolExecutor.java:1149)
	at java.util.concurrent.ThreadPoolExecutor$Worker.run(ThreadPoolExecutor.java:624)
	at java.lang.Thread.run(Thread.java:750)
25-03-31.22:14:40.011 [scheduling-1    ] ERROR SendMessageTaskJob     - 定时任务，发送MQ消息失败 userId: wkm topic: null
25-03-31.22:14:40.016 [scheduling-1    ] ERROR EventPublisher         - 发送MQ消息失败 topic:null message :null
java.lang.NullPointerException: null
	at org.springframework.amqp.support.converter.SimpleMessageConverter.createMessage(SimpleMessageConverter.java:164)
	at org.springframework.amqp.support.converter.AbstractMessageConverter.createMessage(AbstractMessageConverter.java:88)
	at org.springframework.amqp.support.converter.AbstractMessageConverter.toMessage(AbstractMessageConverter.java:70)
	at org.springframework.amqp.support.converter.AbstractMessageConverter.toMessage(AbstractMessageConverter.java:58)
	at org.springframework.amqp.rabbit.core.RabbitTemplate.convertMessageIfNecessary(RabbitTemplate.java:1861)
	at org.springframework.amqp.rabbit.core.RabbitTemplate.convertAndSend(RabbitTemplate.java:1167)
	at org.springframework.amqp.rabbit.core.RabbitTemplate.convertAndSend(RabbitTemplate.java:1149)
	at cn.good.infrastructure.event.EventPublisher.publish(EventPublisher.java:35)
	at cn.good.infrastructure.persistent.repository.TaskRepository.sendMessage(TaskRepository.java:45)
	at cn.good.infrastructure.persistent.repository.TaskRepository$$FastClassBySpringCGLIB$$10d01039.invoke(<generated>)
	at org.springframework.cglib.proxy.MethodProxy.invoke(MethodProxy.java:218)
	at org.springframework.aop.framework.CglibAopProxy$CglibMethodInvocation.invokeJoinpoint(CglibAopProxy.java:793)
	at org.springframework.aop.framework.ReflectiveMethodInvocation.proceed(ReflectiveMethodInvocation.java:163)
	at org.springframework.aop.framework.CglibAopProxy$CglibMethodInvocation.proceed(CglibAopProxy.java:763)
	at org.springframework.dao.support.PersistenceExceptionTranslationInterceptor.invoke(PersistenceExceptionTranslationInterceptor.java:137)
	at org.springframework.aop.framework.ReflectiveMethodInvocation.proceed(ReflectiveMethodInvocation.java:186)
	at org.springframework.aop.framework.CglibAopProxy$CglibMethodInvocation.proceed(CglibAopProxy.java:763)
	at org.springframework.aop.framework.CglibAopProxy$DynamicAdvisedInterceptor.intercept(CglibAopProxy.java:708)
	at cn.good.infrastructure.persistent.repository.TaskRepository$$EnhancerBySpringCGLIB$$c784bfba.sendMessage(<generated>)
	at cn.good.domain.task.service.TaskService.sendMessage(TaskService.java:29)
	at cn.good.trigger.job.SendMessageTaskJob.exec_db01(SendMessageTaskJob.java:42)
	at sun.reflect.GeneratedMethodAccessor144.invoke(Unknown Source)
	at sun.reflect.DelegatingMethodAccessorImpl.invoke(DelegatingMethodAccessorImpl.java:43)
	at java.lang.reflect.Method.invoke(Method.java:498)
	at org.springframework.scheduling.support.ScheduledMethodRunnable.run(ScheduledMethodRunnable.java:84)
	at org.springframework.scheduling.support.DelegatingErrorHandlingRunnable.run(DelegatingErrorHandlingRunnable.java:54)
	at org.springframework.scheduling.concurrent.ReschedulingRunnable.run(ReschedulingRunnable.java:95)
	at java.util.concurrent.Executors$RunnableAdapter.call(Executors.java:511)
	at java.util.concurrent.FutureTask.run(FutureTask.java:266)
	at java.util.concurrent.ScheduledThreadPoolExecutor$ScheduledFutureTask.access$201(ScheduledThreadPoolExecutor.java:180)
	at java.util.concurrent.ScheduledThreadPoolExecutor$ScheduledFutureTask.run(ScheduledThreadPoolExecutor.java:293)
	at java.util.concurrent.ThreadPoolExecutor.runWorker(ThreadPoolExecutor.java:1149)
	at java.util.concurrent.ThreadPoolExecutor$Worker.run(ThreadPoolExecutor.java:624)
	at java.lang.Thread.run(Thread.java:750)
25-03-31.22:14:40.016 [scheduling-1    ] ERROR SendMessageTaskJob     - 定时任务，发送MQ消息失败 userId: wkm topic: null
25-03-31.22:14:40.026 [scheduling-1    ] ERROR EventPublisher         - 发送MQ消息失败 topic:null message :null
java.lang.NullPointerException: null
	at org.springframework.amqp.support.converter.SimpleMessageConverter.createMessage(SimpleMessageConverter.java:164)
	at org.springframework.amqp.support.converter.AbstractMessageConverter.createMessage(AbstractMessageConverter.java:88)
	at org.springframework.amqp.support.converter.AbstractMessageConverter.toMessage(AbstractMessageConverter.java:70)
	at org.springframework.amqp.support.converter.AbstractMessageConverter.toMessage(AbstractMessageConverter.java:58)
	at org.springframework.amqp.rabbit.core.RabbitTemplate.convertMessageIfNecessary(RabbitTemplate.java:1861)
	at org.springframework.amqp.rabbit.core.RabbitTemplate.convertAndSend(RabbitTemplate.java:1167)
	at org.springframework.amqp.rabbit.core.RabbitTemplate.convertAndSend(RabbitTemplate.java:1149)
	at cn.good.infrastructure.event.EventPublisher.publish(EventPublisher.java:35)
	at cn.good.infrastructure.persistent.repository.TaskRepository.sendMessage(TaskRepository.java:45)
	at cn.good.infrastructure.persistent.repository.TaskRepository$$FastClassBySpringCGLIB$$10d01039.invoke(<generated>)
	at org.springframework.cglib.proxy.MethodProxy.invoke(MethodProxy.java:218)
	at org.springframework.aop.framework.CglibAopProxy$CglibMethodInvocation.invokeJoinpoint(CglibAopProxy.java:793)
	at org.springframework.aop.framework.ReflectiveMethodInvocation.proceed(ReflectiveMethodInvocation.java:163)
	at org.springframework.aop.framework.CglibAopProxy$CglibMethodInvocation.proceed(CglibAopProxy.java:763)
	at org.springframework.dao.support.PersistenceExceptionTranslationInterceptor.invoke(PersistenceExceptionTranslationInterceptor.java:137)
	at org.springframework.aop.framework.ReflectiveMethodInvocation.proceed(ReflectiveMethodInvocation.java:186)
	at org.springframework.aop.framework.CglibAopProxy$CglibMethodInvocation.proceed(CglibAopProxy.java:763)
	at org.springframework.aop.framework.CglibAopProxy$DynamicAdvisedInterceptor.intercept(CglibAopProxy.java:708)
	at cn.good.infrastructure.persistent.repository.TaskRepository$$EnhancerBySpringCGLIB$$c784bfba.sendMessage(<generated>)
	at cn.good.domain.task.service.TaskService.sendMessage(TaskService.java:29)
	at cn.good.trigger.job.SendMessageTaskJob.exec_db01(SendMessageTaskJob.java:42)
	at sun.reflect.GeneratedMethodAccessor144.invoke(Unknown Source)
	at sun.reflect.DelegatingMethodAccessorImpl.invoke(DelegatingMethodAccessorImpl.java:43)
	at java.lang.reflect.Method.invoke(Method.java:498)
	at org.springframework.scheduling.support.ScheduledMethodRunnable.run(ScheduledMethodRunnable.java:84)
	at org.springframework.scheduling.support.DelegatingErrorHandlingRunnable.run(DelegatingErrorHandlingRunnable.java:54)
	at org.springframework.scheduling.concurrent.ReschedulingRunnable.run(ReschedulingRunnable.java:95)
	at java.util.concurrent.Executors$RunnableAdapter.call(Executors.java:511)
	at java.util.concurrent.FutureTask.run(FutureTask.java:266)
	at java.util.concurrent.ScheduledThreadPoolExecutor$ScheduledFutureTask.access$201(ScheduledThreadPoolExecutor.java:180)
	at java.util.concurrent.ScheduledThreadPoolExecutor$ScheduledFutureTask.run(ScheduledThreadPoolExecutor.java:293)
	at java.util.concurrent.ThreadPoolExecutor.runWorker(ThreadPoolExecutor.java:1149)
	at java.util.concurrent.ThreadPoolExecutor$Worker.run(ThreadPoolExecutor.java:624)
	at java.lang.Thread.run(Thread.java:750)
25-03-31.22:14:40.026 [scheduling-1    ] ERROR SendMessageTaskJob     - 定时任务，发送MQ消息失败 userId: wkm topic: null
25-03-31.22:14:45.014 [scheduling-1    ] ERROR EventPublisher         - 发送MQ消息失败 topic:null message :null
java.lang.NullPointerException: null
	at org.springframework.amqp.support.converter.SimpleMessageConverter.createMessage(SimpleMessageConverter.java:164)
	at org.springframework.amqp.support.converter.AbstractMessageConverter.createMessage(AbstractMessageConverter.java:88)
	at org.springframework.amqp.support.converter.AbstractMessageConverter.toMessage(AbstractMessageConverter.java:70)
	at org.springframework.amqp.support.converter.AbstractMessageConverter.toMessage(AbstractMessageConverter.java:58)
	at org.springframework.amqp.rabbit.core.RabbitTemplate.convertMessageIfNecessary(RabbitTemplate.java:1861)
	at org.springframework.amqp.rabbit.core.RabbitTemplate.convertAndSend(RabbitTemplate.java:1167)
	at org.springframework.amqp.rabbit.core.RabbitTemplate.convertAndSend(RabbitTemplate.java:1149)
	at cn.good.infrastructure.event.EventPublisher.publish(EventPublisher.java:35)
	at cn.good.infrastructure.persistent.repository.TaskRepository.sendMessage(TaskRepository.java:45)
	at cn.good.infrastructure.persistent.repository.TaskRepository$$FastClassBySpringCGLIB$$10d01039.invoke(<generated>)
	at org.springframework.cglib.proxy.MethodProxy.invoke(MethodProxy.java:218)
	at org.springframework.aop.framework.CglibAopProxy$CglibMethodInvocation.invokeJoinpoint(CglibAopProxy.java:793)
	at org.springframework.aop.framework.ReflectiveMethodInvocation.proceed(ReflectiveMethodInvocation.java:163)
	at org.springframework.aop.framework.CglibAopProxy$CglibMethodInvocation.proceed(CglibAopProxy.java:763)
	at org.springframework.dao.support.PersistenceExceptionTranslationInterceptor.invoke(PersistenceExceptionTranslationInterceptor.java:137)
	at org.springframework.aop.framework.ReflectiveMethodInvocation.proceed(ReflectiveMethodInvocation.java:186)
	at org.springframework.aop.framework.CglibAopProxy$CglibMethodInvocation.proceed(CglibAopProxy.java:763)
	at org.springframework.aop.framework.CglibAopProxy$DynamicAdvisedInterceptor.intercept(CglibAopProxy.java:708)
	at cn.good.infrastructure.persistent.repository.TaskRepository$$EnhancerBySpringCGLIB$$c784bfba.sendMessage(<generated>)
	at cn.good.domain.task.service.TaskService.sendMessage(TaskService.java:29)
	at cn.good.trigger.job.SendMessageTaskJob.exec_db01(SendMessageTaskJob.java:42)
	at sun.reflect.GeneratedMethodAccessor144.invoke(Unknown Source)
	at sun.reflect.DelegatingMethodAccessorImpl.invoke(DelegatingMethodAccessorImpl.java:43)
	at java.lang.reflect.Method.invoke(Method.java:498)
	at org.springframework.scheduling.support.ScheduledMethodRunnable.run(ScheduledMethodRunnable.java:84)
	at org.springframework.scheduling.support.DelegatingErrorHandlingRunnable.run(DelegatingErrorHandlingRunnable.java:54)
	at org.springframework.scheduling.concurrent.ReschedulingRunnable.run(ReschedulingRunnable.java:95)
	at java.util.concurrent.Executors$RunnableAdapter.call(Executors.java:511)
	at java.util.concurrent.FutureTask.run(FutureTask.java:266)
	at java.util.concurrent.ScheduledThreadPoolExecutor$ScheduledFutureTask.access$201(ScheduledThreadPoolExecutor.java:180)
	at java.util.concurrent.ScheduledThreadPoolExecutor$ScheduledFutureTask.run(ScheduledThreadPoolExecutor.java:293)
	at java.util.concurrent.ThreadPoolExecutor.runWorker(ThreadPoolExecutor.java:1149)
	at java.util.concurrent.ThreadPoolExecutor$Worker.run(ThreadPoolExecutor.java:624)
	at java.lang.Thread.run(Thread.java:750)
25-03-31.22:14:45.014 [scheduling-1    ] ERROR SendMessageTaskJob     - 定时任务，发送MQ消息失败 userId: wkm topic: null
25-03-31.22:14:45.015 [scheduling-1    ] ERROR EventPublisher         - 发送MQ消息失败 topic:null message :null
java.lang.NullPointerException: null
	at org.springframework.amqp.support.converter.SimpleMessageConverter.createMessage(SimpleMessageConverter.java:164)
	at org.springframework.amqp.support.converter.AbstractMessageConverter.createMessage(AbstractMessageConverter.java:88)
	at org.springframework.amqp.support.converter.AbstractMessageConverter.toMessage(AbstractMessageConverter.java:70)
	at org.springframework.amqp.support.converter.AbstractMessageConverter.toMessage(AbstractMessageConverter.java:58)
	at org.springframework.amqp.rabbit.core.RabbitTemplate.convertMessageIfNecessary(RabbitTemplate.java:1861)
	at org.springframework.amqp.rabbit.core.RabbitTemplate.convertAndSend(RabbitTemplate.java:1167)
	at org.springframework.amqp.rabbit.core.RabbitTemplate.convertAndSend(RabbitTemplate.java:1149)
	at cn.good.infrastructure.event.EventPublisher.publish(EventPublisher.java:35)
	at cn.good.infrastructure.persistent.repository.TaskRepository.sendMessage(TaskRepository.java:45)
	at cn.good.infrastructure.persistent.repository.TaskRepository$$FastClassBySpringCGLIB$$10d01039.invoke(<generated>)
	at org.springframework.cglib.proxy.MethodProxy.invoke(MethodProxy.java:218)
	at org.springframework.aop.framework.CglibAopProxy$CglibMethodInvocation.invokeJoinpoint(CglibAopProxy.java:793)
	at org.springframework.aop.framework.ReflectiveMethodInvocation.proceed(ReflectiveMethodInvocation.java:163)
	at org.springframework.aop.framework.CglibAopProxy$CglibMethodInvocation.proceed(CglibAopProxy.java:763)
	at org.springframework.dao.support.PersistenceExceptionTranslationInterceptor.invoke(PersistenceExceptionTranslationInterceptor.java:137)
	at org.springframework.aop.framework.ReflectiveMethodInvocation.proceed(ReflectiveMethodInvocation.java:186)
	at org.springframework.aop.framework.CglibAopProxy$CglibMethodInvocation.proceed(CglibAopProxy.java:763)
	at org.springframework.aop.framework.CglibAopProxy$DynamicAdvisedInterceptor.intercept(CglibAopProxy.java:708)
	at cn.good.infrastructure.persistent.repository.TaskRepository$$EnhancerBySpringCGLIB$$c784bfba.sendMessage(<generated>)
	at cn.good.domain.task.service.TaskService.sendMessage(TaskService.java:29)
	at cn.good.trigger.job.SendMessageTaskJob.exec_db01(SendMessageTaskJob.java:42)
	at sun.reflect.GeneratedMethodAccessor144.invoke(Unknown Source)
	at sun.reflect.DelegatingMethodAccessorImpl.invoke(DelegatingMethodAccessorImpl.java:43)
	at java.lang.reflect.Method.invoke(Method.java:498)
	at org.springframework.scheduling.support.ScheduledMethodRunnable.run(ScheduledMethodRunnable.java:84)
	at org.springframework.scheduling.support.DelegatingErrorHandlingRunnable.run(DelegatingErrorHandlingRunnable.java:54)
	at org.springframework.scheduling.concurrent.ReschedulingRunnable.run(ReschedulingRunnable.java:95)
	at java.util.concurrent.Executors$RunnableAdapter.call(Executors.java:511)
	at java.util.concurrent.FutureTask.run(FutureTask.java:266)
	at java.util.concurrent.ScheduledThreadPoolExecutor$ScheduledFutureTask.access$201(ScheduledThreadPoolExecutor.java:180)
	at java.util.concurrent.ScheduledThreadPoolExecutor$ScheduledFutureTask.run(ScheduledThreadPoolExecutor.java:293)
	at java.util.concurrent.ThreadPoolExecutor.runWorker(ThreadPoolExecutor.java:1149)
	at java.util.concurrent.ThreadPoolExecutor$Worker.run(ThreadPoolExecutor.java:624)
	at java.lang.Thread.run(Thread.java:750)
25-03-31.22:14:45.016 [scheduling-1    ] ERROR SendMessageTaskJob     - 定时任务，发送MQ消息失败 userId: wkm topic: null
25-03-31.22:14:45.017 [scheduling-1    ] ERROR EventPublisher         - 发送MQ消息失败 topic:null message :null
java.lang.NullPointerException: null
	at org.springframework.amqp.support.converter.SimpleMessageConverter.createMessage(SimpleMessageConverter.java:164)
	at org.springframework.amqp.support.converter.AbstractMessageConverter.createMessage(AbstractMessageConverter.java:88)
	at org.springframework.amqp.support.converter.AbstractMessageConverter.toMessage(AbstractMessageConverter.java:70)
	at org.springframework.amqp.support.converter.AbstractMessageConverter.toMessage(AbstractMessageConverter.java:58)
	at org.springframework.amqp.rabbit.core.RabbitTemplate.convertMessageIfNecessary(RabbitTemplate.java:1861)
	at org.springframework.amqp.rabbit.core.RabbitTemplate.convertAndSend(RabbitTemplate.java:1167)
	at org.springframework.amqp.rabbit.core.RabbitTemplate.convertAndSend(RabbitTemplate.java:1149)
	at cn.good.infrastructure.event.EventPublisher.publish(EventPublisher.java:35)
	at cn.good.infrastructure.persistent.repository.TaskRepository.sendMessage(TaskRepository.java:45)
	at cn.good.infrastructure.persistent.repository.TaskRepository$$FastClassBySpringCGLIB$$10d01039.invoke(<generated>)
	at org.springframework.cglib.proxy.MethodProxy.invoke(MethodProxy.java:218)
	at org.springframework.aop.framework.CglibAopProxy$CglibMethodInvocation.invokeJoinpoint(CglibAopProxy.java:793)
	at org.springframework.aop.framework.ReflectiveMethodInvocation.proceed(ReflectiveMethodInvocation.java:163)
	at org.springframework.aop.framework.CglibAopProxy$CglibMethodInvocation.proceed(CglibAopProxy.java:763)
	at org.springframework.dao.support.PersistenceExceptionTranslationInterceptor.invoke(PersistenceExceptionTranslationInterceptor.java:137)
	at org.springframework.aop.framework.ReflectiveMethodInvocation.proceed(ReflectiveMethodInvocation.java:186)
	at org.springframework.aop.framework.CglibAopProxy$CglibMethodInvocation.proceed(CglibAopProxy.java:763)
	at org.springframework.aop.framework.CglibAopProxy$DynamicAdvisedInterceptor.intercept(CglibAopProxy.java:708)
	at cn.good.infrastructure.persistent.repository.TaskRepository$$EnhancerBySpringCGLIB$$c784bfba.sendMessage(<generated>)
	at cn.good.domain.task.service.TaskService.sendMessage(TaskService.java:29)
	at cn.good.trigger.job.SendMessageTaskJob.exec_db01(SendMessageTaskJob.java:42)
	at sun.reflect.GeneratedMethodAccessor144.invoke(Unknown Source)
	at sun.reflect.DelegatingMethodAccessorImpl.invoke(DelegatingMethodAccessorImpl.java:43)
	at java.lang.reflect.Method.invoke(Method.java:498)
	at org.springframework.scheduling.support.ScheduledMethodRunnable.run(ScheduledMethodRunnable.java:84)
	at org.springframework.scheduling.support.DelegatingErrorHandlingRunnable.run(DelegatingErrorHandlingRunnable.java:54)
	at org.springframework.scheduling.concurrent.ReschedulingRunnable.run(ReschedulingRunnable.java:95)
	at java.util.concurrent.Executors$RunnableAdapter.call(Executors.java:511)
	at java.util.concurrent.FutureTask.run(FutureTask.java:266)
	at java.util.concurrent.ScheduledThreadPoolExecutor$ScheduledFutureTask.access$201(ScheduledThreadPoolExecutor.java:180)
	at java.util.concurrent.ScheduledThreadPoolExecutor$ScheduledFutureTask.run(ScheduledThreadPoolExecutor.java:293)
	at java.util.concurrent.ThreadPoolExecutor.runWorker(ThreadPoolExecutor.java:1149)
	at java.util.concurrent.ThreadPoolExecutor$Worker.run(ThreadPoolExecutor.java:624)
	at java.lang.Thread.run(Thread.java:750)
25-03-31.22:14:45.017 [scheduling-1    ] ERROR SendMessageTaskJob     - 定时任务，发送MQ消息失败 userId: wkm topic: null
25-03-31.22:14:50.002 [scheduling-1    ] ERROR EventPublisher         - 发送MQ消息失败 topic:null message :null
java.lang.NullPointerException: null
	at org.springframework.amqp.support.converter.SimpleMessageConverter.createMessage(SimpleMessageConverter.java:164)
	at org.springframework.amqp.support.converter.AbstractMessageConverter.createMessage(AbstractMessageConverter.java:88)
	at org.springframework.amqp.support.converter.AbstractMessageConverter.toMessage(AbstractMessageConverter.java:70)
	at org.springframework.amqp.support.converter.AbstractMessageConverter.toMessage(AbstractMessageConverter.java:58)
	at org.springframework.amqp.rabbit.core.RabbitTemplate.convertMessageIfNecessary(RabbitTemplate.java:1861)
	at org.springframework.amqp.rabbit.core.RabbitTemplate.convertAndSend(RabbitTemplate.java:1167)
	at org.springframework.amqp.rabbit.core.RabbitTemplate.convertAndSend(RabbitTemplate.java:1149)
	at cn.good.infrastructure.event.EventPublisher.publish(EventPublisher.java:35)
	at cn.good.infrastructure.persistent.repository.TaskRepository.sendMessage(TaskRepository.java:45)
	at cn.good.infrastructure.persistent.repository.TaskRepository$$FastClassBySpringCGLIB$$10d01039.invoke(<generated>)
	at org.springframework.cglib.proxy.MethodProxy.invoke(MethodProxy.java:218)
	at org.springframework.aop.framework.CglibAopProxy$CglibMethodInvocation.invokeJoinpoint(CglibAopProxy.java:793)
	at org.springframework.aop.framework.ReflectiveMethodInvocation.proceed(ReflectiveMethodInvocation.java:163)
	at org.springframework.aop.framework.CglibAopProxy$CglibMethodInvocation.proceed(CglibAopProxy.java:763)
	at org.springframework.dao.support.PersistenceExceptionTranslationInterceptor.invoke(PersistenceExceptionTranslationInterceptor.java:137)
	at org.springframework.aop.framework.ReflectiveMethodInvocation.proceed(ReflectiveMethodInvocation.java:186)
	at org.springframework.aop.framework.CglibAopProxy$CglibMethodInvocation.proceed(CglibAopProxy.java:763)
	at org.springframework.aop.framework.CglibAopProxy$DynamicAdvisedInterceptor.intercept(CglibAopProxy.java:708)
	at cn.good.infrastructure.persistent.repository.TaskRepository$$EnhancerBySpringCGLIB$$c784bfba.sendMessage(<generated>)
	at cn.good.domain.task.service.TaskService.sendMessage(TaskService.java:29)
	at cn.good.trigger.job.SendMessageTaskJob.exec_db01(SendMessageTaskJob.java:42)
	at sun.reflect.GeneratedMethodAccessor144.invoke(Unknown Source)
	at sun.reflect.DelegatingMethodAccessorImpl.invoke(DelegatingMethodAccessorImpl.java:43)
	at java.lang.reflect.Method.invoke(Method.java:498)
	at org.springframework.scheduling.support.ScheduledMethodRunnable.run(ScheduledMethodRunnable.java:84)
	at org.springframework.scheduling.support.DelegatingErrorHandlingRunnable.run(DelegatingErrorHandlingRunnable.java:54)
	at org.springframework.scheduling.concurrent.ReschedulingRunnable.run(ReschedulingRunnable.java:95)
	at java.util.concurrent.Executors$RunnableAdapter.call(Executors.java:511)
	at java.util.concurrent.FutureTask.run(FutureTask.java:266)
	at java.util.concurrent.ScheduledThreadPoolExecutor$ScheduledFutureTask.access$201(ScheduledThreadPoolExecutor.java:180)
	at java.util.concurrent.ScheduledThreadPoolExecutor$ScheduledFutureTask.run(ScheduledThreadPoolExecutor.java:293)
	at java.util.concurrent.ThreadPoolExecutor.runWorker(ThreadPoolExecutor.java:1149)
	at java.util.concurrent.ThreadPoolExecutor$Worker.run(ThreadPoolExecutor.java:624)
	at java.lang.Thread.run(Thread.java:750)
25-03-31.22:14:50.002 [scheduling-1    ] ERROR SendMessageTaskJob     - 定时任务，发送MQ消息失败 userId: wkm topic: null
25-03-31.22:14:50.002 [scheduling-1    ] ERROR EventPublisher         - 发送MQ消息失败 topic:null message :null
java.lang.NullPointerException: null
	at org.springframework.amqp.support.converter.SimpleMessageConverter.createMessage(SimpleMessageConverter.java:164)
	at org.springframework.amqp.support.converter.AbstractMessageConverter.createMessage(AbstractMessageConverter.java:88)
	at org.springframework.amqp.support.converter.AbstractMessageConverter.toMessage(AbstractMessageConverter.java:70)
	at org.springframework.amqp.support.converter.AbstractMessageConverter.toMessage(AbstractMessageConverter.java:58)
	at org.springframework.amqp.rabbit.core.RabbitTemplate.convertMessageIfNecessary(RabbitTemplate.java:1861)
	at org.springframework.amqp.rabbit.core.RabbitTemplate.convertAndSend(RabbitTemplate.java:1167)
	at org.springframework.amqp.rabbit.core.RabbitTemplate.convertAndSend(RabbitTemplate.java:1149)
	at cn.good.infrastructure.event.EventPublisher.publish(EventPublisher.java:35)
	at cn.good.infrastructure.persistent.repository.TaskRepository.sendMessage(TaskRepository.java:45)
	at cn.good.infrastructure.persistent.repository.TaskRepository$$FastClassBySpringCGLIB$$10d01039.invoke(<generated>)
	at org.springframework.cglib.proxy.MethodProxy.invoke(MethodProxy.java:218)
	at org.springframework.aop.framework.CglibAopProxy$CglibMethodInvocation.invokeJoinpoint(CglibAopProxy.java:793)
	at org.springframework.aop.framework.ReflectiveMethodInvocation.proceed(ReflectiveMethodInvocation.java:163)
	at org.springframework.aop.framework.CglibAopProxy$CglibMethodInvocation.proceed(CglibAopProxy.java:763)
	at org.springframework.dao.support.PersistenceExceptionTranslationInterceptor.invoke(PersistenceExceptionTranslationInterceptor.java:137)
	at org.springframework.aop.framework.ReflectiveMethodInvocation.proceed(ReflectiveMethodInvocation.java:186)
	at org.springframework.aop.framework.CglibAopProxy$CglibMethodInvocation.proceed(CglibAopProxy.java:763)
	at org.springframework.aop.framework.CglibAopProxy$DynamicAdvisedInterceptor.intercept(CglibAopProxy.java:708)
	at cn.good.infrastructure.persistent.repository.TaskRepository$$EnhancerBySpringCGLIB$$c784bfba.sendMessage(<generated>)
	at cn.good.domain.task.service.TaskService.sendMessage(TaskService.java:29)
	at cn.good.trigger.job.SendMessageTaskJob.exec_db01(SendMessageTaskJob.java:42)
	at sun.reflect.GeneratedMethodAccessor144.invoke(Unknown Source)
	at sun.reflect.DelegatingMethodAccessorImpl.invoke(DelegatingMethodAccessorImpl.java:43)
	at java.lang.reflect.Method.invoke(Method.java:498)
	at org.springframework.scheduling.support.ScheduledMethodRunnable.run(ScheduledMethodRunnable.java:84)
	at org.springframework.scheduling.support.DelegatingErrorHandlingRunnable.run(DelegatingErrorHandlingRunnable.java:54)
	at org.springframework.scheduling.concurrent.ReschedulingRunnable.run(ReschedulingRunnable.java:95)
	at java.util.concurrent.Executors$RunnableAdapter.call(Executors.java:511)
	at java.util.concurrent.FutureTask.run(FutureTask.java:266)
	at java.util.concurrent.ScheduledThreadPoolExecutor$ScheduledFutureTask.access$201(ScheduledThreadPoolExecutor.java:180)
	at java.util.concurrent.ScheduledThreadPoolExecutor$ScheduledFutureTask.run(ScheduledThreadPoolExecutor.java:293)
	at java.util.concurrent.ThreadPoolExecutor.runWorker(ThreadPoolExecutor.java:1149)
	at java.util.concurrent.ThreadPoolExecutor$Worker.run(ThreadPoolExecutor.java:624)
	at java.lang.Thread.run(Thread.java:750)
25-03-31.22:14:50.002 [scheduling-1    ] ERROR SendMessageTaskJob     - 定时任务，发送MQ消息失败 userId: wkm topic: null
25-03-31.22:14:50.017 [scheduling-1    ] ERROR EventPublisher         - 发送MQ消息失败 topic:null message :null
java.lang.NullPointerException: null
	at org.springframework.amqp.support.converter.SimpleMessageConverter.createMessage(SimpleMessageConverter.java:164)
	at org.springframework.amqp.support.converter.AbstractMessageConverter.createMessage(AbstractMessageConverter.java:88)
	at org.springframework.amqp.support.converter.AbstractMessageConverter.toMessage(AbstractMessageConverter.java:70)
	at org.springframework.amqp.support.converter.AbstractMessageConverter.toMessage(AbstractMessageConverter.java:58)
	at org.springframework.amqp.rabbit.core.RabbitTemplate.convertMessageIfNecessary(RabbitTemplate.java:1861)
	at org.springframework.amqp.rabbit.core.RabbitTemplate.convertAndSend(RabbitTemplate.java:1167)
	at org.springframework.amqp.rabbit.core.RabbitTemplate.convertAndSend(RabbitTemplate.java:1149)
	at cn.good.infrastructure.event.EventPublisher.publish(EventPublisher.java:35)
	at cn.good.infrastructure.persistent.repository.TaskRepository.sendMessage(TaskRepository.java:45)
	at cn.good.infrastructure.persistent.repository.TaskRepository$$FastClassBySpringCGLIB$$10d01039.invoke(<generated>)
	at org.springframework.cglib.proxy.MethodProxy.invoke(MethodProxy.java:218)
	at org.springframework.aop.framework.CglibAopProxy$CglibMethodInvocation.invokeJoinpoint(CglibAopProxy.java:793)
	at org.springframework.aop.framework.ReflectiveMethodInvocation.proceed(ReflectiveMethodInvocation.java:163)
	at org.springframework.aop.framework.CglibAopProxy$CglibMethodInvocation.proceed(CglibAopProxy.java:763)
	at org.springframework.dao.support.PersistenceExceptionTranslationInterceptor.invoke(PersistenceExceptionTranslationInterceptor.java:137)
	at org.springframework.aop.framework.ReflectiveMethodInvocation.proceed(ReflectiveMethodInvocation.java:186)
	at org.springframework.aop.framework.CglibAopProxy$CglibMethodInvocation.proceed(CglibAopProxy.java:763)
	at org.springframework.aop.framework.CglibAopProxy$DynamicAdvisedInterceptor.intercept(CglibAopProxy.java:708)
	at cn.good.infrastructure.persistent.repository.TaskRepository$$EnhancerBySpringCGLIB$$c784bfba.sendMessage(<generated>)
	at cn.good.domain.task.service.TaskService.sendMessage(TaskService.java:29)
	at cn.good.trigger.job.SendMessageTaskJob.exec_db01(SendMessageTaskJob.java:42)
	at sun.reflect.GeneratedMethodAccessor144.invoke(Unknown Source)
	at sun.reflect.DelegatingMethodAccessorImpl.invoke(DelegatingMethodAccessorImpl.java:43)
	at java.lang.reflect.Method.invoke(Method.java:498)
	at org.springframework.scheduling.support.ScheduledMethodRunnable.run(ScheduledMethodRunnable.java:84)
	at org.springframework.scheduling.support.DelegatingErrorHandlingRunnable.run(DelegatingErrorHandlingRunnable.java:54)
	at org.springframework.scheduling.concurrent.ReschedulingRunnable.run(ReschedulingRunnable.java:95)
	at java.util.concurrent.Executors$RunnableAdapter.call(Executors.java:511)
	at java.util.concurrent.FutureTask.run(FutureTask.java:266)
	at java.util.concurrent.ScheduledThreadPoolExecutor$ScheduledFutureTask.access$201(ScheduledThreadPoolExecutor.java:180)
	at java.util.concurrent.ScheduledThreadPoolExecutor$ScheduledFutureTask.run(ScheduledThreadPoolExecutor.java:293)
	at java.util.concurrent.ThreadPoolExecutor.runWorker(ThreadPoolExecutor.java:1149)
	at java.util.concurrent.ThreadPoolExecutor$Worker.run(ThreadPoolExecutor.java:624)
	at java.lang.Thread.run(Thread.java:750)
25-03-31.22:14:50.017 [scheduling-1    ] ERROR SendMessageTaskJob     - 定时任务，发送MQ消息失败 userId: wkm topic: null
25-03-31.22:14:50.685 [Thread-17       ] WARN  NotifyCenter           - [NotifyCenter] Start destroying Publisher
25-03-31.22:14:50.685 [Thread-12       ] WARN  HttpClientBeanHolder   - [HttpClientBeanHolder] Start destroying common HttpClient
25-03-31.22:14:50.685 [Thread-17       ] WARN  NotifyCenter           - [NotifyCenter] Destruction of the end
25-03-31.22:14:50.685 [Thread-12       ] WARN  HttpClientBeanHolder   - [HttpClientBeanHolder] Destruction of the end
25-03-31.22:14:50.685 [SpringApplicationShutdownHook] WARN  RegistryManager        -  [DUBBO] All registry instances have been destroyed, failed to fetch any instance. Usually, this means no need to try to do unnecessary redundant resource clearance, all registries has been taken care of., dubbo version: 3.0.9, current host: 10.105.21.185
25-03-31.22:14:50.685 [SpringApplicationShutdownHook] WARN  RegistryManager        -  [DUBBO] All registry instances have been destroyed, failed to fetch any instance. Usually, this means no need to try to do unnecessary redundant resource clearance, all registries has been taken care of., dubbo version: 3.0.9, current host: 10.105.21.185
25-03-31.22:14:50.685 [SpringApplicationShutdownHook] WARN  RegistryManager        -  [DUBBO] All registry instances have been destroyed, failed to fetch any instance. Usually, this means no need to try to do unnecessary redundant resource clearance, all registries has been taken care of., dubbo version: 3.0.9, current host: 10.105.21.185
25-03-31.22:14:50.685 [SpringApplicationShutdownHook] WARN  RegistryManager        -  [DUBBO] All registry instances have been destroyed, failed to fetch any instance. Usually, this means no need to try to do unnecessary redundant resource clearance, all registries has been taken care of., dubbo version: 3.0.9, current host: 10.105.21.185
25-03-31.22:14:51.324 [Dubbo-framework-registry-notification-2-thread-1] WARN  NacosRegistry          -  [DUBBO] Ignore empty notify urls for subscribe url provider://10.105.21.185:20880/cn.good.trigger.api.IRaffleActivityService?anyhost=true&application=big-market&application.version=1.0&background=false&bind.ip=10.105.21.185&bind.port=20880&category=configurators&check=false&deprecated=false&dubbo=2.0.2&dynamic=true&generic=false&interface=cn.good.trigger.api.IRaffleActivityService&methods=drawList,queryUserActivityAccount,querySkuProductListByActivityId,creditPayExchangeSku,queryUserCreditAccount,armory,calendarSignRebate,draw,isCalendarSignRebate&pid=7588&qos.enable=false&release=3.0.9&revision=1.0&service-name-mapping=true&side=provider&timestamp=1743430144578&version=1.0, dubbo version: 3.0.9, current host: 10.105.21.185
